,umap_x,umap_y,leiden
AAACAGCCAGCACGAA,13.007766723632812,4.0758819580078125,2
AAACATGCAAAGCCTC,12.237181663513184,4.1667962074279785,2
AAACCAACACATAACT,15.770389556884766,0.36294060945510864,0
AAACCAACAGCCTAAC,13.682127952575684,4.2225518226623535,7
AAACCAACATAGCTTG,14.49023151397705,1.395182728767395,0
AAACCGAAGAGAAGGG,15.653881072998047,0.31981033086776733,0
AAACCGAAGAGGGACT,10.196856498718262,1.2106821537017822,3
AAACCGAAGCAACATC,0.5172795653343201,5.93065881729126,4
AAACCGCGTGTTTGCT,10.302338600158691,1.4994854927062988,3
AAACCGCGTTGAAGCC,10.7766695022583,4.806676864624023,2
AAACCGGCACCTAAGC,10.196463584899902,0.968686580657959,3
AAACGCGCACTGGCTG,-0.26089921593666077,5.509189605712891,4
AAACGGATCATCCTGC,11.274152755737305,4.647482872009277,2
AAACGGATCCTCACAC,0.05517807975411415,5.100324630737305,4
AAACGGATCTTTGACT,14.914470672607422,1.519422173500061,0
AAACGTACAATGCCCG,8.26089859008789,-1.3857126235961914,6
AAACGTACATAGACCC,13.639443397521973,4.901584625244141,7
AAAGCAAGTTACTAGG,13.53028678894043,6.879577159881592,1
AAAGCACCAGCAATAA,12.758289337158203,4.605311393737793,2
AAAGCACCATTGACAT,14.206384658813477,6.26842737197876,1
AAAGCCCGTAGTTACG,-3.375894546508789,6.002962589263916,5
AAAGCCCGTTGTGACA,10.644375801086426,1.5730228424072266,3
AAAGCCGCAGGACCAA,-3.4244630336761475,6.124217510223389,5
AAAGCGGGTTTGGGTA,9.507640838623047,0.7536970376968384,3
AAAGCTTGTCATGCAA,12.395090103149414,5.305887699127197,1
AAAGCTTGTGTCCAGG,0.0562778040766716,5.5414323806762695,4
AAAGGACGTTACAAAC,-2.8118245601654053,5.501709938049316,5
AAAGGCTCAGCAACAG,15.921122550964355,0.6670653820037842,0
AAAGGCTCAGTTTGGC,-3.557162284851074,6.323222637176514,5
AAAGGTTAGGTATTGC,-2.9675631523132324,5.994633197784424,5
AAATCCGGTACCTTAC,12.042455673217773,4.381796836853027,2
AAATCCGGTTTGACCT,-1.0329598188400269,5.606788158416748,4
AAATGGCCACGTTACA,13.454327583312988,6.746872425079346,1
AAATGGCCAGGTTACC,-2.890554189682007,6.139270782470703,5
AAATGGCCATTGTGCA,13.928722381591797,6.433004379272461,1
AACAAAGGTGCTCCGT,15.58261489868164,0.8589321970939636,0
AACAAAGGTGTTGTAG,7.136045455932617,-1.0215483903884888,6
AACAAGCCACTAAATC,13.447012901306152,6.033239364624023,1
AACAAGCCACTGGCCA,13.746139526367188,4.253546714782715,7
AACAGCAAGATAAAGC,14.242703437805176,0.8201223015785217,0
AACAGCAAGCAGGTGG,12.855076789855957,5.4638848304748535,1
AACAGCAAGCTGGACC,9.413919448852539,0.8304225206375122,3
AACAGCAAGGAAACTG,0.40286412835121155,5.30216121673584,4
AACAGCAAGGTACCGC,-0.9274271726608276,5.5032548904418945,4
AACAGCAAGTAGCCAT,0.2866935729980469,5.424606800079346,4
AACATAGCAATATACC,-0.22193460166454315,5.574254989624023,4
AACATAGCACGTGCTG,8.228276252746582,6.801789283752441,8
AACATAGCAGCTTACA,10.305871963500977,1.2587025165557861,3
AACATAGCATAATTGC,12.230732917785645,4.83264684677124,2
AACATAGCATAGCAGG,6.635222434997559,4.4231157302856445,9
AACATAGCATGCTCCC,15.13520336151123,1.0434904098510742,0
AACATAGCATGTTGGC,14.06827163696289,1.4770712852478027,0
AACATCATCCCTCTAA,13.144878387451172,5.416890621185303,1
AACATCATCGGGACTC,14.953482627868652,0.5392757654190063,0
AACCCGCAGATGCCTG,12.527848243713379,5.030778408050537,1
AACCCGCAGCAGGCCT,11.933856964111328,4.519543647766113,2
AACCCGCAGCTGTCAG,13.286880493164062,4.65575647354126,7
AACCCGCAGTAACCCG,0.17612765729427338,5.063965797424316,4
AACCGCTCATTGTTGG,0.5254871249198914,5.442775726318359,4
AACCGGCTCCTTAATC,10.626712799072266,1.1485882997512817,3
AACCGGCTCGTGCTTC,-3.34153413772583,5.956581115722656,5
AACCTAATCAATGAGG,8.682747840881348,6.246814250946045,8
AACCTCACAGCATGGA,-2.410722255706787,5.919819355010986,5
AACCTCACAGTTATGT,12.079863548278809,4.49036169052124,2
AACCTCCTCAGGTCCA,8.483963966369629,6.681633949279785,8
AACCTCCTCGTTTCCA,12.432308197021484,3.9372963905334473,2
AACCTTAAGGCCTAAT,9.705900192260742,1.478529930114746,3
AACCTTAAGGCGAAAC,-0.048142753541469574,5.400804042816162,4
AACCTTGCATACCCGG,-0.20105692744255066,6.159799098968506,4
AACGACAAGCAAGGAC,14.294852256774902,-0.05360987037420273,0
AACGCCCAGGACAATG,11.952637672424316,4.4033522605896,2
AACGCTAGTAAAGCAA,10.879207611083984,4.902130603790283,2
AACGCTAGTCACAGCG,-2.580075979232788,5.802806377410889,5
AACTACTCAAGGTCGA,8.204801559448242,6.811948299407959,8
AACTACTCAGGAATCG,9.980974197387695,1.1394574642181396,3
AACTAGCTCAGGCCTA,9.949769020080566,0.8118898272514343,3
AACTAGCTCCAACTGG,10.268417358398438,1.4300366640090942,3
AACTAGCTCCGCACAA,12.193035125732422,3.9534647464752197,2
AACTAGCTCCTAGTTT,12.023534774780273,3.7999727725982666,2
AACTAGCTCGTACCGA,11.551738739013672,4.068119525909424,2
AACTAGCTCTCCTCTT,13.645999908447266,4.512796878814697,7
AACTCACAGTCATTGA,12.885749816894531,6.037464618682861,1
AACTTAGTCAACCAAC,11.976161003112793,3.894482135772705,2
AACTTAGTCCAATAGC,0.3271362781524658,5.749000549316406,4
AACTTAGTCTTGTCCA,10.362194061279297,1.1270902156829834,3
AAGAACAGTATTGCAG,-0.42979690432548523,6.2614970207214355,4
AAGAATCAGCAGCTAT,-3.023425340652466,6.298215866088867,5
AAGACAAGTCCGTAGG,6.679655075073242,-1.7947533130645752,6
AAGACATAGAGGAAGG,14.040398597717285,1.8990975618362427,0
AAGACATAGCTTAGCG,14.039728164672852,7.087449550628662,1
AAGACATAGGACCAGG,6.632747173309326,4.446706771850586,9
AAGACATAGTTCCTGC,15.498316764831543,0.45205172896385193,0
AAGACCAAGCCGCTAA,8.402350425720215,6.7585248947143555,8
AAGCAAGTCATGAAGG,-2.1406216621398926,5.857539653778076,5
AAGCAAGTCCTTAGTT,-0.8689441680908203,5.4112749099731445,4
AAGCAAGTCTCAATAG,15.73347282409668,1.427211046218872,0
AAGCAGTGGTATCAAC,0.17601001262664795,5.547547817230225,4
AAGCCACGTGTCCAAA,6.98213005065918,-1.1555575132369995,6
AAGCCTCCATTAAGCT,-0.0014142580330371857,6.03480863571167,4
AAGCCTGTCCCGAACA,13.861893653869629,0.7595466375350952,0
AAGCCTTAGTAAGAAC,13.430131912231445,6.699405193328857,1
AAGCGAATCATGAGCT,-0.06843689829111099,5.655686378479004,4
AAGCGAATCCTGGCTT,-0.4611837565898895,5.536386966705322,4
AAGCGCTGTGCTTAGA,10.482503890991211,1.4766788482666016,3
AAGCGGGTCTAGCTAA,14.637432098388672,2.3756895065307617,0
AAGCTAGAGCATTATG,8.558533668518066,6.565046310424805,8
AAGCTAGAGTGAAGTG,9.734903335571289,1.012163519859314,3
AAGCTATGTAAAGCGG,15.445415496826172,0.9507068991661072,0
AAGCTCCCATAGCTGC,7.002870082855225,-1.1647711992263794,6
AAGCTTGGTTAACACG,15.684873580932617,0.10793794691562653,0
AAGGAAGCAACATAAG,12.045478820800781,5.3725738525390625,1
AAGGAAGCACCGGTAT,12.563261985778809,5.613306999206543,1
AAGGAAGCATAAACCT,14.730945587158203,2.112152338027954,0
AAGGAAGCATTAGCGC,9.877016067504883,0.8261336088180542,3
AAGGATCCATTTAAGC,12.600249290466309,5.516841411590576,1
AAGGATGTCAATCATG,14.585726737976074,-0.05706491693854332,0
AAGGATGTCATTAGTG,11.669148445129395,5.336784362792969,1
AAGGATGTCCTAATGA,14.248117446899414,-0.05130161717534065,0
AAGGATTAGTGAACCT,-2.9639790058135986,5.727519512176514,5
AAGGCCCTCATGTGGT,-3.9778459072113037,5.849045276641846,5
AAGGCCCTCCGCCAAA,13.416132926940918,0.3646790385246277,10
AAGGCCCTCCTTAAGA,6.7666730880737305,-1.640038251876831,6
AAGGTATAGCTATTAG,8.851222038269043,6.403140068054199,8
AAGGTATAGTAGGATG,0.037426963448524475,5.9091057777404785,4
AAGGTCAAGCTAAAGG,-2.0694496631622314,6.088062763214111,5
AAGGTGCAGCATTATG,15.966708183288574,1.4334524869918823,0
AAGGTGCAGGGACGCA,6.666435718536377,-1.7461539506912231,6
AAGTCTATCCTAATGA,-3.8157811164855957,5.89626407623291,5
AAGTCTATCGGTTTGG,13.016851425170898,6.625218868255615,1
AAGTGAAGTAATTAGC,13.482949256896973,4.410475730895996,7
AAGTGAAGTTCGCGCT,14.434210777282715,1.4469274282455444,0
AAGTGCAAGTAACGAG,-1.442017912864685,5.961887836456299,4
AAGTTACGTGCTCACC,10.128222465515137,1.8300307989120483,3
AAGTTACGTGTTTGTC,10.919931411743164,4.884138584136963,2
AAGTTACGTTAAGCCA,12.050363540649414,3.537985324859619,2
AAGTTAGCAACTAGAA,14.795740127563477,0.3315640985965729,0
AAGTTAGCACTTCATC,14.82290267944336,0.8930844068527222,0
AAGTTTGTCAGCAAAG,14.169869422912598,0.14612163603305817,0
AAGTTTGTCGATTATG,7.940945148468018,-1.5603349208831787,6
AAGTTTGTCTTGACCC,8.290544509887695,6.695452690124512,8
AATAACCGTTCACCAT,7.455723285675049,-1.678784966468811,6
AATAACCGTTTCCTCC,0.2945786118507385,5.87431001663208,4
AATACCGGTGATGAAA,12.425443649291992,5.072254657745361,2
AATAGAGGTACGATTG,-2.383556842803955,5.456326484680176,5
AATAGAGGTCATCCTG,0.2222655862569809,5.213313102722168,4
AATATCCCATTCCTGT,8.708025932312012,6.544677257537842,8
AATCAGGAGCTGAGGG,-1.7852461338043213,5.944045543670654,5
AATCAGGAGGATAAAC,-3.302023410797119,6.256085395812988,5
AATCAGGAGGGATTAG,9.850072860717773,1.314809799194336,3
AATCATCCAATAGCCC,15.454316139221191,0.014869359321892262,0
AATCATCCACTTCATC,15.094210624694824,1.3603639602661133,0
AATCATGTCTATTGTC,12.055583000183105,3.661677837371826,2
AATCCATCACATACTG,9.713793754577637,0.8375888466835022,3
AATCCGTAGCATGCAT,-2.976245880126953,5.6388654708862305,5
AATCCGTAGCATGGTT,-1.8501455783843994,5.8583574295043945,5
AATCCTAAGCGGATTT,14.856463432312012,0.8037592768669128,0
AATCCTAAGGTAGCTT,14.241053581237793,-0.02370920218527317,0
AATCGCCCATGCTCCC,6.562119960784912,-1.8251882791519165,6
AATCTCAAGCACAGCC,12.332785606384277,4.077759742736816,2
AATCTCAAGTTTGGGT,6.91719913482666,-1.8109134435653687,6
AATCTTGAGATTCCTT,9.878714561462402,0.830928385257721,3
AATCTTGAGGCAGGTG,12.418545722961426,5.871523380279541,1
AATCTTGAGTTAACCA,7.985560417175293,-1.5787312984466553,6
AATGAAGGTGTTTCAC,-0.6134918928146362,5.610321044921875,4
AATGAAGGTTCACCAT,15.811601638793945,1.6424263715744019,0
AATGCAACAATCGCAC,11.896915435791016,4.058962821960449,2
AATGCAACACACCAAC,12.03237533569336,4.460361003875732,2
AATGCAACATAAGGAC,-0.08375918120145798,5.523913383483887,4
AATGCAACATGAAATG,15.847185134887695,0.4468711018562317,0
AATGCATGTTTGGCTT,11.99836540222168,4.26903772354126,2
AATGCGCGTGTGAGGA,10.955887794494629,4.95189094543457,2
AATGGCGCATTGACAT,16.003055572509766,0.27564194798469543,0
AATGTCATCATGCTTT,14.291104316711426,5.291091442108154,7
AATGTCATCGTCCTTA,14.725296020507812,1.047498106956482,0
AATGTCCAGTCCTTTG,11.223579406738281,4.759800434112549,2
AATTAGCGTCAAACTG,12.367684364318848,5.584901332855225,1
AATTAGCGTCCGCTGT,12.757840156555176,4.6709699630737305,2
AATTAGCGTTAAGGCC,9.598237037658691,1.0165103673934937,3
AATTAGGCAATCCTAG,-3.60787034034729,5.8381500244140625,5
AATTAGGCACTAAGCC,6.766543388366699,-1.6547126770019531,6
AATTAGGCAGTAAAGC,7.2229743003845215,-1.7396149635314941,6
AATTGACGTAGCCATA,15.632869720458984,0.38558706641197205,0
AATTGACGTAGCTAAT,-3.591205358505249,5.7139153480529785,5
AATTGACGTGATGAAA,12.87490463256836,5.667276382446289,1
AATTGACGTTAACAGT,6.590178966522217,4.426107883453369,9
AATTGCCAGCTAGAAG,10.207040786743164,1.801971197128296,3
AATTGCTCAACCCTAA,10.178985595703125,1.8076801300048828,3
AATTGCTCAAGGGTTG,13.027864456176758,5.747112274169922,1
AATTGCTCACAATACT,15.652563095092773,0.3659045994281769,0
AATTGCTCACATAGCC,-2.4615206718444824,6.206031322479248,5
AATTGCTCAGTCTAGC,10.394386291503906,2.074521541595459,3
AATTGGACATAATTGC,14.593856811523438,1.058640718460083,0
AATTGGACATCACAGC,-3.8843367099761963,5.96892786026001,5
AATTGTGTCCATAAGC,12.126066207885742,4.41480016708374,2
AATTGTGTCTTAGGGT,15.410612106323242,0.3408002257347107,0
AATTTCCTCATTTAGG,13.331275939941406,4.241933822631836,7
AATTTCCTCCGCAAGC,-1.946799635887146,5.092102527618408,5
AATTTCCTCTCACTCA,12.558594703674316,4.444100379943848,2
AATTTGCCAATGAATG,0.7331457734107971,5.431271076202393,4
AATTTGCCAGGCTGTT,13.699482917785645,6.8765482902526855,1
AATTTGCCATAACGGG,-0.5046353936195374,6.126706600189209,4
AATTTGCCATCATGGC,9.684151649475098,0.7014101147651672,3
AATTTGGTCAGGTTTA,13.586356163024902,4.126836776733398,7
AATTTGGTCCTAGTTT,10.818094253540039,4.928586959838867,2
ACAAACTGTAGCAGCT,9.636332511901855,0.7230750918388367,3
ACAAAGGTCATTGCAA,-0.2659037411212921,6.267385005950928,4
ACAAAGGTCGTTAGTA,14.08349609375,6.423160552978516,1
ACAACAACAAGTGTTT,12.305209159851074,3.6831979751586914,2
ACAACAACAGGAAGCC,-2.7131853103637695,5.958106517791748,5
ACAACAACAGTAGGTG,14.432459831237793,1.276034951210022,0
ACAACAACATTGCAGC,14.21545124053955,5.341029167175293,7
ACAACACTCTTAATGG,10.064966201782227,1.3965907096862793,3
ACAACAGAGCAAACCT,7.954305648803711,-1.60708749294281,6
ACAACAGAGGAGGTTA,14.109718322753906,4.774174213409424,7
ACAACATGTGACCTGG,13.2118501663208,5.40607213973999,1
ACAACATGTTCGCTCA,0.4524265229701996,5.416759014129639,4
ACACAATGTAATCGCA,10.345842361450195,1.2962839603424072,3
ACACAATGTGGAGCAA,0.6262891888618469,5.6919708251953125,4
ACACGGACAATAGCCC,12.213692665100098,4.584659099578857,2
ACACTAATCGCAACAT,8.39233684539795,6.744241714477539,8
ACACTAATCGCGCTAA,6.806081771850586,-1.6798384189605713,6
ACACTTAAGCCTGTTC,6.925572872161865,-1.6204421520233154,6
ACACTTAAGTAGCCAT,8.818113327026367,6.147361755371094,8
ACACTTGCAGTTTGGC,13.520968437194824,6.925824165344238,1
ACACTTGCATAAGTTC,15.63037395477295,1.6445889472961426,0
ACAGCCGGTAAAGCAA,12.773666381835938,4.598975658416748,2
ACAGCGCTCACTAAGC,-0.5289592146873474,5.563667297363281,4
ACAGCGCTCCTGCGAA,13.079758644104004,4.745523929595947,1
ACAGCGCTCGCTAAAC,9.8285551071167,1.1294893026351929,3
ACAGCGCTCGTTAACA,-0.9614014625549316,5.501564979553223,4
ACAGCGCTCTTGTCTG,13.871512413024902,6.838884353637695,1
ACAGGAATCCTTCGTA,13.34127426147461,6.7177934646606445,1
ACAGGAATCTGTAAGC,14.794941902160645,1.0131055116653442,0
ACAGGTAAGACAACAG,12.324710845947266,4.662616729736328,2
ACAGGTAAGCGTGCGT,9.785365104675293,0.8181574940681458,3
ACAGGTAAGGACCTCA,-0.6736917495727539,5.097642421722412,4
ACAGGTAAGGAGTCGG,14.122657775878906,6.516188144683838,1
ACAGTATGTGAGAAAC,-3.445894241333008,5.7878737449646,5
ACAGTATGTTGTTGTC,-0.877804160118103,6.180078983306885,4
ACATCAATCAAGACTC,-2.8153977394104004,6.248368263244629,5
ACATCAATCGCTATGG,14.837118148803711,1.118499755859375,0
ACATCATCAATATACC,8.583849906921387,6.665395736694336,8
ACATTAGTCCTAGTTT,-0.14938248693943024,5.248462200164795,4
ACATTAGTCGCAACAT,12.212966918945312,3.738128423690796,2
ACATTGCAGAATCTCA,12.651928901672363,5.695028781890869,1
ACATTGCAGACCATAC,15.000018119812012,0.9182277917861938,0
ACATTGCAGCTATATG,13.240784645080566,5.473115921020508,1
ACCAAACTCAAGTGAG,14.405389785766602,0.018480241298675537,0
ACCAAGCGTGTCACGG,-2.7781035900115967,6.444641590118408,5
ACCAAGCGTTGCATCT,12.12079906463623,4.870720863342285,2
ACCAAGTTCAGAAACG,12.582866668701172,5.0495805740356445,1
ACCAAGTTCATCCTAT,-0.16885221004486084,5.70413064956665,4
ACCAATATCCTGATGG,-2.312819004058838,6.103479385375977,5
ACCAATATCTCCTCTT,15.751799583435059,1.291476845741272,0
ACCACATAGAGGAAGG,-0.6686108112335205,5.623147964477539,4
ACCACATAGTATTGGC,7.267008304595947,-1.3093611001968384,6
ACCAGCTCAGGTCCTG,10.545701026916504,1.6906330585479736,3
ACCAGCTCATAAAGCA,-2.6416802406311035,6.096785545349121,5
ACCAGGACAGGCCATT,10.439004898071289,1.576216697692871,3
ACCAGGCTCGGTTCCT,9.822765350341797,1.5806994438171387,3
ACCAGGGAGCAGGTTT,12.63076114654541,4.384616374969482,2
ACCAGGGAGGATTTGC,13.799159049987793,6.678449630737305,1
ACCAGGGAGGCACAGG,15.45273208618164,0.9386728405952454,0
ACCAGGGAGGCTTAAC,6.959962844848633,-1.8562201261520386,6
ACCAGGGAGGTCAAAG,13.481276512145996,6.2923808097839355,1
ACCATAATCAGCATTA,8.268065452575684,6.795811176300049,8
ACCATAATCAGTTCCC,12.131499290466309,4.287398815155029,2
ACCATAATCATGCATA,11.683079719543457,4.866621494293213,2
ACCATTAAGGCATTAC,10.75460433959961,4.736106872558594,2
ACCATTAAGGTCCAAT,11.732404708862305,3.464855194091797,2
ACCATTAAGTCGCTAG,13.387845993041992,0.358041912317276,10
ACCCAACCATGCTATG,11.892441749572754,4.555483341217041,2
ACCCAGGGTACCCACC,6.854669570922852,-1.7501925230026245,6
ACCCAGGGTGTTTCAC,0.40226078033447266,5.481409072875977,4
ACCCAGGGTTAATCGG,12.388766288757324,4.657354354858398,2
ACCCAGGGTTACATCC,-0.14174388349056244,5.548840045928955,4
ACCCGGTAGTAAAGGT,12.042511940002441,4.2355265617370605,2
ACCCGTAAGGCACAGG,12.300451278686523,5.794244289398193,1
ACCGAAGCATAAGTTC,10.711396217346191,4.862607955932617,2
ACCGCAATCCCTCTAA,10.747396469116211,4.819920539855957,2
ACCGCAATCCTTAGTT,-2.120055913925171,5.687215328216553,5
ACCGCAATCTCATCAT,15.949728012084961,1.2357183694839478,0
ACCGGCTAGCTCCCTG,15.200400352478027,1.2224820852279663,0
ACCGGCTAGGCCTAAT,15.533767700195312,0.22024883329868317,0
ACCGGCTAGGCGAAAC,-1.4988672733306885,6.196323871612549,4
ACCTAAATCTTGCAAA,-3.1573853492736816,6.246200084686279,5
ACCTAAGGTATACTGG,8.240571022033691,6.86262321472168,8
ACCTAAGGTGGCTTCC,14.153447151184082,6.674017906188965,1
ACCTAAGGTTGTCATC,14.170125007629395,-0.07230450212955475,0
ACCTACCTCTAACCTT,9.594441413879395,0.7741044163703918,3
ACCTACCTCTTGTTCG,8.220743179321289,6.8653059005737305,8
ACCTCACTCTCAATAG,14.712899208068848,0.5273479223251343,0
ACCTGGTCAATTTAGC,9.835763931274414,0.8642759919166565,3
ACCTGTTGTCACCAAA,14.130352973937988,5.62903356552124,1
ACCTGTTGTGATGAGG,-2.6718761920928955,5.555224895477295,5
ACCTTCATCCAGCACA,-1.4652875661849976,6.230246543884277,4
ACCTTGTGTGGATTGC,8.327033996582031,6.782786846160889,8
ACCTTGTGTTACCTGT,16.056013107299805,0.791998565196991,0
ACGAAGTCACATTAAC,12.52859115600586,4.187697410583496,2
ACGAATCTCTTGAGCG,-3.3607966899871826,5.947301387786865,5
ACGACTTAGCATGAAG,12.394412994384766,3.9385757446289062,2
ACGACTTAGGACACTT,15.424247741699219,0.14591510593891144,0
ACGACTTAGGTCATTA,15.493870735168457,0.7730743885040283,0
ACGAGTAAGAGGAGGA,13.999547958374023,6.557699203491211,1
ACGATTCAGGAAGCTA,14.533939361572266,0.48337724804878235,0
ACGCAAGCAGCTCATA,8.396151542663574,-1.5915567874908447,6
ACGCACGGTAACAGGG,12.545501708984375,5.175766468048096,1
ACGCACGGTAATCGCA,12.270848274230957,4.336470603942871,2
ACGCACGGTGGTGAGA,13.544670104980469,6.886547088623047,1
ACGCCACAGGCTCATG,12.570518493652344,4.352157115936279,2
ACGCCTAAGCAAGGTA,13.077434539794922,4.517736911773682,7
ACGCCTAAGGCGCATC,13.402368545532227,0.3584335446357727,10
ACGCCTAAGGTGAAAT,11.914281845092773,3.7942428588867188,2
ACGCCTTTCCGCACAA,-3.2902374267578125,6.225281238555908,5
ACGCCTTTCCTACCTA,-2.2923967838287354,6.275935649871826,5
ACGCCTTTCGCAATCG,12.568147659301758,5.575272083282471,1
ACGCCTTTCGCTAGTG,10.3208589553833,1.2792469263076782,3
ACGCCTTTCTTAGCGG,-3.593555212020874,5.7910284996032715,5
ACGCTTGAGATAACCC,-2.2501139640808105,5.7541704177856445,5
ACGGGAAGTTCTTTAG,-0.1483410894870758,5.439303874969482,4
ACGGTACGTAAGTCGC,14.252857208251953,0.33560386300086975,0
ACGGTTAGTAAGTCGC,10.069502830505371,0.9771047830581665,3
ACGGTTAGTGCCTCAC,6.683659553527832,-1.7567609548568726,6
ACGGTTTAGCGGGCAA,11.695211410522461,3.561349868774414,2
ACGGTTTAGCTTTGGG,10.463679313659668,1.718575358390808,3
ACGGTTTAGTGCACGC,12.92213249206543,6.071255683898926,1
ACGTACCCAATTAGCT,8.948050498962402,6.212768077850342,8
ACGTACCCACCTGCCT,15.886164665222168,1.1855080127716064,0
ACGTCAAGTATTGTGG,-2.556795120239258,5.478954792022705,5
ACGTCCAAGCTGGACC,12.682947158813477,6.338809013366699,1
ACGTCCTTCATGCTAA,12.946541786193848,6.230892181396484,1
ACGTTACAGACTAAGG,10.42083740234375,1.2157114744186401,3
ACGTTACAGCCAGTAT,12.328038215637207,4.715189456939697,2
ACGTTACAGTGTTGCG,6.816608905792236,-1.587311863899231,6
ACGTTGTAGGGTTATC,13.722312927246094,6.801263809204102,1
ACGTTGTAGTCGCAAT,-1.0832529067993164,5.647433280944824,4
ACTAAAGCACCAGCAT,15.68383502960205,0.14288635551929474,0
ACTAACGGTATCTGGA,7.150097846984863,-1.0487394332885742,6
ACTAACGGTGCCGCAA,9.709700584411621,0.9079791307449341,3
ACTAACGGTTGGATCA,13.985692977905273,6.696568489074707,1
ACTAACTCATAATGTC,15.243746757507324,1.1641875505447388,0
ACTAACTCATCCGTAA,12.54565143585205,3.904697895050049,2
ACTAATCCACATAGCC,8.05379867553711,-1.37766432762146,6
ACTAGGCGTCACACCC,-0.6317351460456848,5.703551292419434,4
ACTATCCGTAATCACG,14.432900428771973,1.6179476976394653,0
ACTATCCGTCATCAAG,12.856115341186523,5.443169116973877,1
ACTATCCGTGTGAGGA,12.683523178100586,5.965116500854492,1
ACTATGTCAATGAAGC,9.458425521850586,0.941384494304657,3
ACTATGTCACCTGCTC,13.652983665466309,4.278443813323975,7
ACTCACCTCGAAGCGG,8.470022201538086,6.683755874633789,8
ACTCACCTCTAGCGTG,10.121091842651367,1.313094139099121,3
ACTCACTGTGGTTAGC,11.48100757598877,5.2471842765808105,2
ACTCACTGTTAATGAC,0.19575588405132294,5.088655471801758,4
ACTCAGTAGCACGTTG,0.41501542925834656,5.732690811157227,4
ACTCAGTAGGCCTGGT,13.557450294494629,4.382795810699463,7
ACTCAGTAGGTGTCCA,-2.797081470489502,5.853104114532471,5
ACTCAGTAGTTATCCT,13.341944694519043,6.366943836212158,1
ACTCGCGCAAAGCTAA,12.354449272155762,3.0689523220062256,2
ACTCGCGCAAGTGTCC,14.259174346923828,0.6402226686477661,0
ACTCGCGCACATGCTA,10.256072044372559,1.1687678098678589,3
ACTCGCGCAGATAGAC,15.51799201965332,0.6097224950790405,0
ACTCGCGCAGGACCAA,10.871393203735352,4.863001346588135,2
ACTCGCTTCACTCAAA,10.133872985839844,1.1339821815490723,3
ACTCGCTTCGCGCTAA,13.076845169067383,4.8252058029174805,1
ACTGAAACACAGGGAC,16.02896499633789,0.49608397483825684,0
ACTGAAACATCCGTAA,10.556770324707031,1.703904628753662,3
ACTGAATGTCCCGAAG,12.380431175231934,4.211297512054443,2
ACTGAATGTCTTTATG,-3.7107279300689697,6.065948963165283,5
ACTGAATGTGGGAACA,11.463997840881348,5.209914207458496,2
ACTGAATGTGTGTGGT,-2.4023032188415527,6.054568767547607,5
ACTTACAAGCTGAGGG,15.14072322845459,0.2578764855861664,0
ACTTACAAGCTTTGTT,12.956097602844238,6.26129150390625,1
ACTTACAAGGCTACTG,-0.03059428371489048,5.479796409606934,4
ACTTACAAGTTCCTGC,13.803389549255371,4.54606819152832,7
ACTTACTTCACCAATA,11.89719009399414,4.352607250213623,2
ACTTAGTCAATGCCCG,10.267240524291992,1.554632306098938,3
ACTTAGTCATAATCAC,-2.928875207901001,5.7091755867004395,5
ACTTAGTCATTGTGCA,9.435930252075195,0.7616620063781738,3
ACTTATCTCGTCAAGT,-0.40058210492134094,6.206038475036621,4
ACTTATCTCTTTAAGG,12.597298622131348,5.9010210037231445,1
ACTTATGAGGATAAAC,8.742413520812988,6.188435077667236,8
ACTTGAATCCTTGTTG,-0.493037611246109,6.055678367614746,4
ACTTGAATCGGCTAGC,-1.8271453380584717,6.173447608947754,5
ACTTGTAAGGTCATTA,10.638335227966309,4.63146448135376,2
ACTTGTCGTTAACACG,-1.3257882595062256,5.98522424697876,4
AGAAACCCAGGAACTG,16.038223266601562,1.3859227895736694,0
AGAAACTAGGAACGGT,-2.374971866607666,5.625314712524414,5
AGAAAGGCATCCCTCA,15.047572135925293,1.6729120016098022,0
AGAACAAGTAGGATTT,11.822824478149414,4.723981857299805,2
AGAACCAAGGAGTCTT,-3.8002138137817383,6.025913238525391,5
AGAATCTGTATTGTCC,10.594647407531738,1.7186932563781738,3
AGAATCTGTCCTTCTC,14.349522590637207,1.5045404434204102,0
AGACAATAGGGATTAG,12.148215293884277,4.725249290466309,2
AGACACGCAAGCCACT,6.659126281738281,-1.7162530422210693,6
AGACACGCACTAGGTC,12.078492164611816,4.380716323852539,2
AGACCCGGTCATAAGT,-2.149493455886841,5.885978698730469,5
AGACCCGGTCTCAGCC,6.977829456329346,-1.1614265441894531,6
AGACCCGGTGGGAACA,11.407867431640625,4.071843147277832,2
AGACCCGGTGGTTCCC,-0.058090511709451675,5.7101216316223145,4
AGACCCGGTGTTGCAA,12.813081741333008,6.260830402374268,1
AGACTATGTCTTGCTG,-0.26440802216529846,5.54382848739624,4
AGACTATGTGAGCACT,9.871644020080566,0.790344774723053,3
AGACTATGTGTTGTGA,12.026440620422363,4.088116645812988,2
AGAGAAGCACAGACTC,-0.8875391483306885,6.219521999359131,4
AGAGAAGCAGGCCTTG,8.396039962768555,-1.6052676439285278,6
AGAGAAGCATAGACCC,13.690587043762207,4.678861141204834,7
AGAGATTAGAGGGACT,14.156257629394531,1.5231009721755981,0
AGAGATTAGCAAACCT,14.73069953918457,1.23386812210083,0
AGAGATTAGCATGACT,14.197489738464355,1.6868219375610352,0
AGAGATTAGCTTCTCA,0.043883565813302994,4.990635395050049,4
AGAGATTAGTCAATTG,-1.1713225841522217,5.644892692565918,4
AGAGGAACAATTAGGA,7.861137390136719,-1.3152803182601929,6
AGAGGAACAGTTTGGC,9.745948791503906,0.9603315591812134,3
AGAGGATGTACCGTAA,10.08265209197998,1.0570805072784424,3
AGATGCTTCACAAGCT,9.83749771118164,1.576438069343567,3
AGATGCTTCATCACTT,15.895155906677246,0.4879365563392639,0
AGATGCTTCCTTAATC,8.48595142364502,6.665144443511963,8
AGCAAATAGGCTACTG,8.571807861328125,6.585321426391602,8
AGCAAATAGGTCGAGG,12.986042976379395,5.605565071105957,1
AGCAAATAGTCCTGAG,13.407502174377441,0.3785560429096222,10
AGCAACAAGCCTAACG,13.942407608032227,6.016197204589844,1
AGCAAGGGTTCCTGAT,13.05594539642334,5.429853439331055,1
AGCAATACATTATGGT,-2.981889486312866,5.744958400726318,5
AGCAATTGTGAGCAAG,12.948822975158691,4.314697265625,2
AGCAATTGTTAGTACG,-0.1752900332212448,5.745469093322754,4
AGCAATTGTTGTAACG,0.27045732736587524,5.742445945739746,4
AGCACTAGTCAATAGT,-1.153889775276184,6.1215434074401855,4
AGCACTAGTGGATGTC,10.347850799560547,1.0752404928207397,3
AGCACTTAGCAACATC,0.011017180047929287,5.586775779724121,4
AGCACTTAGCAAGGAC,14.853257179260254,2.058082103729248,0
AGCACTTAGTAACGGA,15.354854583740234,0.8570240139961243,0
AGCAGGTAGAGCAAGC,12.749553680419922,4.3099188804626465,2
AGCAGGTAGATAAAGC,15.93487548828125,0.49909350275993347,0
AGCAGGTAGTCACTCC,-3.6869425773620605,6.078188419342041,5
AGCATCCCATTAAAGG,15.09131908416748,1.75994873046875,0
AGCATTTCACAATTAC,12.450830459594727,5.671043395996094,1
AGCCAGTGTGATGAAA,14.448856353759766,1.5663421154022217,0
AGCCGGTTCCAGCACA,14.742749214172363,2.0855817794799805,0
AGCCGGTTCCGCTAGA,6.618477821350098,4.413243293762207,9
AGCCTAAGTAACGGGA,10.782445907592773,1.9932514429092407,3
AGCCTAGTCCGGTTAG,15.380141258239746,0.21269835531711578,0
AGCCTAGTCGAGGAGT,6.746236324310303,4.4775614738464355,9
AGCCTCCGTATTGGAT,13.633492469787598,6.911556720733643,1
AGCCTCCGTGACCTGG,6.6728129386901855,-1.7535178661346436,6
AGCCTCCGTGTGAGGA,15.115154266357422,1.042360544204712,0
AGCCTGGGTCACTCGC,14.499429702758789,1.1885325908660889,0
AGCCTGGGTCGTTATC,8.129826545715332,6.912735939025879,8
AGCGATTTCAATCATG,12.232770919799805,5.375252723693848,1
AGCGATTTCACGCATG,13.229863166809082,3.9991538524627686,7
AGCGATTTCCCTCATA,13.774055480957031,4.444498538970947,7
AGCGATTTCGCTCACT,15.461854934692383,0.8358801007270813,0
AGCGCCTAGGCTGGCT,15.629987716674805,1.3631788492202759,0
AGCGTGCTCAGTTCCC,-0.9650462865829468,5.200943470001221,4
AGCGTGCTCCTTCGTA,-3.776911497116089,5.770071506500244,5
AGCGTGCTCGCTAGCA,0.5373715162277222,5.453373432159424,4
AGCGTGCTCTTGAGGT,13.660688400268555,4.690739154815674,7
AGCTAAACAAGGACCA,8.738373756408691,6.388054370880127,8
AGCTAAACAATATACC,12.003593444824219,3.749598503112793,2
AGCTAAACACCGGCTA,11.103278160095215,2.711575508117676,12
AGCTAAACATTGCGTA,12.488016128540039,3.630702018737793,2
AGCTAACTCGCCTGTT,15.974260330200195,1.4642919301986694,0
AGCTAACTCGGTTTGG,0.15484052896499634,5.78609037399292,4
AGCTAACTCTTAGTCT,13.472153663635254,4.040846347808838,7
AGCTACTAGTTTGCGG,15.248161315917969,0.9150710105895996,0
AGCTAGTTCGCTCCAT,-2.7811386585235596,6.091312408447266,5
AGCTAGTTCTCACTCA,10.531272888183594,1.2841179370880127,3
AGCTGCTCAGTACCGT,15.474003791809082,0.7034348249435425,0
AGCTTAATCACCTGTC,9.749917984008789,0.7945511937141418,3
AGCTTAATCCCGTTGT,9.474763870239258,0.6145355105400085,3
AGCTTCCTCAATCTAG,9.716907501220703,1.1126503944396973,3
AGCTTCCTCGTCAAGT,15.79498291015625,1.648024320602417,0
AGCTTCCTCTGTGCAG,15.099987983703613,0.14489597082138062,0
AGCTTGGTCACTAAGC,12.72492790222168,3.9692881107330322,2
AGCTTTAAGGCAAGTA,12.348407745361328,4.807697772979736,2
AGCTTTAAGTATTGTG,12.803351402282715,5.332239627838135,1
AGGAACCAGGAGTCTT,8.172627449035645,6.862227439880371,8
AGGAACCAGTCACCAG,12.279237747192383,5.939106464385986,1
AGGAACCAGTTGCCTC,9.407500267028809,1.05739426612854,3
AGGAACGGTACCAGGT,10.457818031311035,1.5532490015029907,3
AGGAACGGTCATAGAT,9.957488059997559,1.8027920722961426,3
AGGACGTAGGCATGTT,9.845526695251465,0.9377793669700623,3
AGGACGTAGTTAGTGC,10.303277015686035,1.1907873153686523,3
AGGACTAAGTTTGGGT,12.964096069335938,6.458832740783691,1
AGGAGCTAGGTCAAAG,6.813387870788574,-1.7840244770050049,6
AGGAGCTAGGTCCTGA,15.401542663574219,0.7662638425827026,0
AGGATATAGGTTTACA,12.285077095031738,3.9091107845306396,2
AGGATCCGTAAAGCAA,14.538798332214355,1.2368535995483398,0
AGGATCCGTGATCCTT,11.784435272216797,5.053814888000488,2
AGGATGCAGAGAGGAG,-2.9806129932403564,6.1670002937316895,5
AGGATGTCAGCATGTC,14.088709831237793,6.995260238647461,1
AGGATGTCATGCTCCC,13.762999534606934,4.399765491485596,7
AGGATTGAGCGGTTAT,10.014293670654297,0.8825337290763855,3
AGGATTGAGGCCCAGT,13.718612670898438,4.237796306610107,7
AGGATTGAGTATTGCA,14.82469367980957,2.104950189590454,0
AGGCAATCAAGGTATA,12.181090354919434,5.55911111831665,1
AGGCAATCAGGCAAGC,14.24411392211914,-0.04797636717557907,0
AGGCAATCATCCCGCT,11.932079315185547,4.058385372161865,2
AGGCAATCATGTTTGG,12.830284118652344,5.587003231048584,1
AGGCGGATCACTAGGT,0.5058432221412659,5.885769367218018,4
AGGCGGATCCTCAGTC,15.885717391967773,1.5413504838943481,0
AGGCTAAAGCTTTGTT,14.98603630065918,0.509212076663971,0
AGGCTAAAGGTTTACA,15.723978042602539,0.1415930837392807,0
AGGCTAGCATGTCAAT,6.738389492034912,-1.6730316877365112,6
AGGGCCTTCAATGACC,13.86174488067627,6.830292701721191,1
AGGGCCTTCCTCATGC,11.88631820678711,4.473732948303223,2
AGGGCTACAGGCTGTT,15.707306861877441,1.3525696992874146,0
AGGGCTACATTGTGGC,14.342183113098145,0.025025909766554832,0
AGGGTTGCAAAGCGGC,-3.705220937728882,5.811666011810303,5
AGGTAACCACCTGGTG,15.528128623962402,1.2159634828567505,0
AGGTACGCACAACCTA,12.408271789550781,4.1179962158203125,2
AGGTATTGTATTGTCC,12.79897689819336,4.803536415100098,1
AGGTATTGTTGCGGAT,13.873669624328613,6.534491062164307,1
AGGTATTGTTGGTTCT,12.070054054260254,4.177659034729004,2
AGGTCAAAGGAACCAA,14.813811302185059,1.5102014541625977,0
AGGTCAAAGGGATGCG,11.229203224182129,4.296020984649658,2
AGGTCATTCAATGAGG,12.347043991088867,5.982704162597656,1
AGGTCATTCGTGCCTT,14.17613410949707,0.07169036567211151,0
AGGTCCGGTATTGGTG,13.1561861038208,0.9737377762794495,9
AGGTGAATCTCCATGC,10.685997009277344,4.906036853790283,2
AGGTGAATCTGGCATG,14.15425968170166,4.917662620544434,7
AGGTGAGGTGGCTTCC,9.563752174377441,0.8851367235183716,3
AGGTTACTCCGGGACT,-3.232365846633911,5.795907020568848,5
AGGTTACTCGAAGCGG,10.272976875305176,1.5912654399871826,3
AGGTTACTCTTAAGTG,10.56895923614502,1.5460251569747925,3
AGGTTAGAGGTGCGGA,13.378436088562012,0.35503000020980835,10
AGTAACACAAGGTGCA,10.510758399963379,1.3654106855392456,3
AGTAACACACTGGCTG,8.602519035339355,6.579049587249756,8
AGTAACGAGGTATTGC,-3.874992847442627,5.940805912017822,5
AGTAACGAGTACCGCA,6.899105072021484,-1.6922801733016968,6
AGTAAGTAGGTACCGC,13.508034706115723,1.426358938217163,11
AGTAAGTAGGTCCGTA,14.616925239562988,0.01196086872369051,0
AGTAATCGTGCCTCAC,7.1098103523254395,-1.0559321641921997,6
AGTAATCGTTGCTGGG,10.023468971252441,1.1590955257415771,3
AGTAATGCACCTAAGC,14.818182945251465,1.5599726438522339,0
AGTAATGCACTAGGTC,12.282970428466797,4.1449384689331055,2
AGTAATGCACTTCATC,15.681378364562988,0.17005105316638947,0
AGTAATGCATGGAGGC,-1.9145967960357666,5.959682464599609,5
AGTAGCTTCAATGACC,14.520370483398438,1.2544573545455933,0
AGTAGGATCATGCATA,13.278512954711914,6.006491661071777,1
AGTAGGATCTACCTGC,8.539362907409668,6.684318542480469,8
AGTATAGCAGGCAAGC,15.979166984558105,1.4523744583129883,0
AGTATAGCATAAGTCT,13.614106178283691,6.936098575592041,1
AGTCAATGTTTAGCTC,15.71717643737793,0.776776134967804,0
AGTCCTGAGTCATGCG,15.518620491027832,1.3638408184051514,0
AGTCCTTGTAACGTGC,15.948349952697754,1.35793137550354,0
AGTCCTTGTCATAACG,10.43251895904541,1.457764744758606,3
AGTCCTTGTGCGCGTA,15.78404712677002,1.4781581163406372,0
AGTCCTTGTTGACTTC,11.900482177734375,4.903778553009033,2
AGTCTTGCAAATTCGT,-1.3968276977539062,5.723774433135986,4
AGTCTTGCACCTGCCT,12.698458671569824,6.284965991973877,1
AGTCTTGCAGAGGCTA,10.157126426696777,1.5237051248550415,3
AGTCTTGCATGTGGGA,-3.5020031929016113,5.787940502166748,5
AGTGAACCACAAAGGT,8.66496753692627,6.518537998199463,8
AGTGAACCACCGGCTA,-2.2383177280426025,6.023770332336426,5
AGTGAGTCACAGCCAT,15.079710006713867,0.3768174946308136,0
AGTGAGTCACCTACTT,15.636797904968262,0.28770267963409424,0
AGTGAGTCAGGTTACC,14.13708782196045,0.5913905501365662,0
AGTGATGAGGTGAAAT,10.321435928344727,1.1690266132354736,3
AGTGATGAGTCACGAT,14.487634658813477,0.8894521594047546,0
AGTGCACGTGATCATG,6.974012851715088,-1.2973538637161255,6
AGTGCACGTGTGAGGA,14.840539932250977,0.6608402729034424,0
AGTGCACGTTATCCTA,15.077203750610352,0.10040102154016495,0
AGTGCACGTTGGCGTG,0.6201679110527039,5.612847328186035,4
AGTGCCGGTGGTTCCC,10.530130386352539,1.4259734153747559,3
AGTGCGGAGGCTGGCT,14.97122859954834,1.825039267539978,0
AGTGGACAGCAGCTAT,12.913191795349121,5.306822776794434,1
AGTGTGGCAGAGGCTA,-1.066893458366394,5.42981481552124,4
AGTGTGGCATTTGCTC,-3.2558112144470215,5.741207122802734,5
AGTTACTCAGGACCTT,10.378461837768555,1.8631622791290283,3
AGTTATGTCCAAGTTA,7.911077499389648,-1.5567293167114258,6
AGTTATGTCTAATCAG,0.20945221185684204,5.948554039001465,4
AGTTGCAGTTGACTTC,-0.8020505309104919,5.535707950592041,4
AGTTGCGTCAACCAAC,12.512479782104492,6.194850444793701,1
AGTTGCGTCCTAATGA,6.626192092895508,4.382913589477539,9
AGTTGGCGTACGATTG,12.306028366088867,4.401432991027832,2
AGTTGTCAGCTTTGGG,14.650227546691895,1.3219621181488037,0
AGTTGTCAGTTAGGCT,-3.835627317428589,5.875500679016113,5
AGTTTGATCACCTGCT,12.3471097946167,4.965647220611572,2
AGTTTGATCAGGCTAT,12.45067310333252,4.254300117492676,2
AGTTTGATCCTAATAG,-0.30589786171913147,5.364601135253906,4
AGTTTGATCCTCATGC,10.291571617126465,1.9860564470291138,3
AGTTTGCAGCCTGACA,12.763724327087402,3.6889421939849854,2
ATAACGACAGGCTACT,7.860819339752197,-1.6278835535049438,6
ATAAGCCTCAGCAAGA,10.563044548034668,1.3724212646484375,3
ATAAGCCTCCCTCGCA,9.752038955688477,0.7001906037330627,3
ATAAGCCTCTGTAATG,13.775978088378906,4.491504192352295,7
ATAAGTCGTAGCAGCT,8.480731964111328,6.608415126800537,8
ATAATGGCACTAAGCC,14.577469825744629,2.3434982299804688,0
ATACCGGTCCCGTTTA,14.101451873779297,4.5612473487854,7
ATACCGGTCTACCTGC,11.285555839538574,4.622150897979736,2
ATACCTGCAAGGACCA,14.856069564819336,0.17078539729118347,0
ATAGATGCAGCAAGGC,13.446123123168945,6.718127727508545,1
ATAGATGCAGCACCAT,12.45744514465332,4.531702041625977,2
ATAGATGCAGGACACA,8.297396659851074,-1.6439452171325684,6
ATAGCATGTACTGATG,15.295035362243652,0.7965719699859619,0
ATAGCATGTAGTCAAT,15.254565238952637,0.8833072185516357,0
ATAGCATGTGTGAGAG,-2.5961437225341797,6.464366436004639,5
ATAGGTACAATTAACC,-0.6513211131095886,5.854389667510986,4
ATAGGTACAATTGAAG,11.390030860900879,4.654860973358154,2
ATAGGTACAGCATGAG,14.897866249084473,0.7893181443214417,0
ATAGGTACAGGTATTT,11.030235290527344,4.855934143066406,2
ATAGGTACATAGCGGA,15.11892032623291,1.018017053604126,0
ATAGGTACATGCAACC,9.66171932220459,0.9084072709083557,3
ATAGGTACATTGACAT,13.4172945022583,6.568234443664551,1
ATATAGGCAGCACGTT,0.4488273859024048,5.950061798095703,4
ATATGCTCAGTCTAAT,-0.4683322608470917,5.543482303619385,4
ATATGCTCATCCTGAA,15.481453895568848,0.896661639213562,0
ATATGGTGTTACAAAC,13.891871452331543,1.9664188623428345,2
ATATGTCCACGTTACA,14.550860404968262,1.2677161693572998,0
ATATGTCCAGCTAACC,14.286684036254883,1.8210067749023438,0
ATATGTCCATACCCGG,13.833066940307617,2.010014772415161,2
ATATGTCCATAGTCAT,-1.1618280410766602,5.628604412078857,4
ATCAAGACAGGCGATA,-3.776122808456421,5.93170690536499,5
ATCAATCCATGTGGGA,12.397265434265137,4.060959339141846,2
ATCAATCCATTAAGTC,12.969429969787598,5.615073204040527,1
ATCACAATCTAATCAG,15.252821922302246,0.21929574012756348,0
ATCACCCTCAATCTAG,-0.9382017850875854,5.925611972808838,4
ATCACCCTCAGCTAAC,9.726509094238281,0.9707955718040466,3
ATCACCCTCTGGCATG,12.449586868286133,3.9280149936676025,2
ATCACTAAGATAACCC,13.46261978149414,6.532114028930664,1
ATCACTAAGCACCACA,14.473790168762207,0.027618957683444023,0
ATCAGGTTCAAGCCTG,7.110131740570068,-1.0338175296783447,6
ATCAGGTTCCAACTGG,12.461938858032227,5.058106422424316,1
ATCAGGTTCGTGCCTT,8.26380729675293,6.829935073852539,8
ATCATCAAGCTCAAAC,12.037420272827148,3.9278881549835205,2
ATCATCAAGGCCATCA,14.982763290405273,1.3819348812103271,0
ATCATCAAGTCATGCG,14.066863059997559,1.4936331510543823,0
ATCATGTCAATACTGT,0.39394038915634155,5.573224067687988,4
ATCCAACAGGTGAAGC,13.392829895019531,4.372023582458496,7
ATCCAACAGTGTTGCG,14.188037872314453,0.8787077069282532,0
ATCCAACAGTTAGACC,-1.7233887910842896,5.096903324127197,5
ATCCACCTCCGTAAAC,11.82784366607666,4.150476455688477,2
ATCCACCTCGATATTG,15.994893074035645,1.2526466846466064,0
ATCCATAAGCGCTCAA,12.446685791015625,4.75931453704834,2
ATCCATAAGGAAACTG,15.977346420288086,1.4029388427734375,0
ATCCATAAGGACCTGC,7.21246862411499,-1.0048530101776123,6
ATCCATAAGTGCTGTG,15.750073432922363,1.4929012060165405,0
ATCCTCATCGTTAGCG,15.222482681274414,0.7940120100975037,0
ATCCTCATCGTTTCCA,13.32724666595459,5.008360385894775,1
ATCCTCATCTTGGACG,15.097122192382812,0.33924269676208496,0
ATCCTGACATGGCCTG,7.103093147277832,-1.1029362678527832,6
ATCCTTAGTAATGGAA,9.541582107543945,0.86966872215271,3
ATCCTTAGTTACCGGG,12.468894004821777,4.271415710449219,2
ATCCTTAGTTTCCACG,13.412140846252441,4.1488518714904785,7
ATCGAGGCAGCACGTT,12.16202449798584,5.704465389251709,1
ATCGAGGCAGGTCCTG,13.928897857666016,1.5749198198318481,0
ATCGAGGCATTAAAGG,14.97849178314209,0.6903910636901855,0
ATCGAGGCATTAGCCA,13.472558975219727,4.351115703582764,7
ATCGCCCGTGCTCCAC,12.010984420776367,3.543898105621338,2
ATCGCTTGTCATAGAT,-0.3259544372558594,6.234530448913574,4
ATCGGCCAGACTAAGG,8.487421989440918,6.636938571929932,8
ATCGGCCAGCAGCTCA,7.311800479888916,-1.427946925163269,6
ATCGGCCAGTCACCAG,13.341432571411133,5.41046667098999,1
ATCTATGAGTCAATTG,12.226566314697266,5.001347064971924,2
ATCTTTGGTCACAGCG,14.388537406921387,1.400233268737793,0
ATCTTTGGTTAACAGT,6.7830891609191895,-1.6562498807907104,6
ATGAAGCCAGCCTGCA,14.126579284667969,0.9369899034500122,0
ATGAAGCCATCAGCAC,11.97503662109375,4.648317813873291,2
ATGAAGCCATTGTCCT,7.714725494384766,-1.6536535024642944,6
ATGAATGCAGTAATAG,12.378364562988281,5.460969924926758,1
ATGAATGCATTAAACC,14.480757713317871,1.4308116436004639,0
ATGACAACAAGGTATA,11.540470123291016,4.411530494689941,2
ATGACAACATGGAGGC,14.468643188476562,1.17401921749115,0
ATGACGAAGGTTTACA,15.186563491821289,1.4763209819793701,0
ATGATGACACGAATTT,14.230412483215332,1.7474658489227295,0
ATGATGACACTCGCTC,15.754463195800781,0.3461136817932129,0
ATGATGACAGCTACGT,14.336759567260742,1.897355079650879,0
ATGATGACATCTTGAG,12.44954776763916,3.775594711303711,2
ATGATGGAGCATTAGC,15.34203815460205,-0.02007862739264965,0
ATGCAAACAGGTCCTG,15.296538352966309,0.29545095562934875,0
ATGCAAACATAAAGCA,6.735410213470459,-1.6698676347732544,6
ATGCAAACATACTCCT,-3.102905035018921,6.222848415374756,5
ATGCATTCACACCAAC,0.48494619131088257,5.133022308349609,4
ATGCATTCACATACTG,13.865196228027344,5.931082725524902,1
ATGCATTCACCTATAG,-3.8148765563964844,5.904292106628418,5
ATGCATTCAGCAGGTA,10.166879653930664,1.2296043634414673,3
ATGCATTCAGGCAAGC,13.686220169067383,6.672513961791992,1
ATGCATTCAGGTTAAA,12.478931427001953,5.392863750457764,1
ATGCATTCATGGCCCA,-0.4388270676136017,5.614051818847656,4
ATGCCTGAGGACTAAG,-2.2263283729553223,5.822044849395752,5
ATGCCTGAGGCTATGT,-2.648639678955078,5.914048671722412,5
ATGCCTGAGGTTAGCT,-2.483874797821045,6.095360279083252,5
ATGCGATTCAATACGC,-1.8677841424942017,6.083646774291992,5
ATGCGATTCGGTCATG,12.520549774169922,5.493654251098633,1
ATGCTTAAGCGAGGTG,6.594264984130859,4.4332122802734375,9
ATGGACAAGCTCAAAC,12.12722110748291,4.411052703857422,2
ATGGCCCAGCATTAGC,15.438573837280273,0.6438520550727844,0
ATGGCCCAGTCCTTTG,-3.7096455097198486,5.867640972137451,5
ATGGTCTAGGAACGCG,14.059412956237793,7.076911449432373,1
ATGGTGCGTCATCCTG,13.297006607055664,6.43315315246582,1
ATGGTTATCTCACTCA,11.873006820678711,3.7357962131500244,2
ATGTAACGTGGTGAGA,12.727263450622559,5.2764129638671875,1
ATGTAAGCAATCCCTT,12.744368553161621,5.992496013641357,1
ATGTAAGCACCTATAG,15.891398429870605,1.1266363859176636,0
ATGTAAGCATGTCGCG,15.437445640563965,1.4615819454193115,0
ATGTCAATCAGCACCA,8.031153678894043,-1.4269354343414307,6
ATGTCATCACAAAGCG,0.40460506081581116,5.768223762512207,4
ATGTCATCAGCAAGTG,15.054920196533203,0.6355878114700317,0
ATGTCATCAGTAGGAT,8.41677474975586,-1.5931785106658936,6
ATGTCATCAGTTATCG,14.325359344482422,0.19881857931613922,0
ATGTCCACAATCCTAG,10.81690502166748,4.839275360107422,2
ATGTCCACAGTTTGTG,14.957935333251953,1.5590134859085083,0
ATGTGAGAGATAACCC,15.79025936126709,0.9843549728393555,0
ATGTGAGAGCACGTTG,9.964082717895508,0.7595039010047913,3
ATGTGAGAGTCAGTAC,6.8150434494018555,-1.4571950435638428,6
ATGTTGTCATAGACCC,8.41964054107666,-1.5837992429733276,6
ATGTTTGAGAGAGGAG,6.797720909118652,-1.5044063329696655,6
ATGTTTGAGCTATTAG,14.195697784423828,5.0720744132995605,7
ATTAACCCAAAGCGGC,11.086275100708008,4.904313087463379,2
ATTAACCCAATAATGG,8.057503700256348,-1.4899981021881104,6
ATTACCCGTCACCAAA,13.508831024169922,5.895411014556885,1
ATTACCCGTGGATGTC,12.082337379455566,4.8831610679626465,2
ATTACCGCAACAGGAT,13.077786445617676,4.103853225708008,7
ATTACCGCAGAGGGAG,15.473472595214844,0.5612332820892334,0
ATTACCGCAGGCCAAA,7.621229648590088,-1.5996758937835693,6
ATTACGTCACATAGCC,8.266596794128418,6.762222766876221,8
ATTACGTCAGCAGGTA,12.18319034576416,3.7458138465881348,2
ATTACGTCAGCTAACC,12.86599349975586,6.494669437408447,1
ATTACTGAGGCTACAT,13.428257942199707,4.564812660217285,7
ATTACTGAGGCTAGAA,0.41109177470207214,5.654117107391357,4
ATTAGCGGTAGTTAAC,15.155637741088867,0.5296533107757568,0
ATTATCCTCAATAGCC,14.548628807067871,0.07183216512203217,0
ATTATCCTCATAGCCG,13.031903266906738,4.500538349151611,7
ATTATCCTCGCGCTAA,12.326623916625977,3.63539719581604,2
ATTATCCTCTTGCAAA,10.99586009979248,4.928380012512207,2
ATTATCCTCTTGTCTG,15.893709182739258,0.3390304446220398,0
ATTATGGTCAGCAAGA,14.828180313110352,2.075770854949951,0
ATTATGGTCATTAGGC,8.196930885314941,-1.6144417524337769,6
ATTATGGTCTCGCCTG,13.118029594421387,5.120918273925781,1
ATTCAACCAATAAGCA,12.763205528259277,3.9877145290374756,2
ATTCAACCATTATGCG,-3.195992946624756,5.858375072479248,5
ATTCACTTCCTAATAG,0.487021803855896,5.662323951721191,4
ATTCACTTCTGGTCCT,15.718093872070312,1.0484676361083984,0
ATTCATGAGCTATTGA,15.434416770935059,0.42237743735313416,0
ATTCCTCCATCCTAGA,15.429045677185059,0.08036641031503677,0
ATTCGTTTCATTGCGG,15.601486206054688,1.6849870681762695,0
ATTCGTTTCCTTGAGG,14.384239196777344,1.5271731615066528,0
ATTCGTTTCTTGGATA,13.737662315368652,7.013730049133301,1
ATTGAAGCAGGACCTT,6.600987434387207,4.4147539138793945,9
ATTGACTCAACTAGCC,9.577805519104004,0.8447085022926331,3
ATTGACTCAATACTGT,13.825769424438477,4.589255332946777,7
ATTGACTCACCATATG,-2.2372634410858154,6.485075950622559,5
ATTGCACAGCATGTTA,12.162873268127441,5.554522514343262,1
ATTGCACAGCGCATTG,12.133822441101074,4.823720455169678,2
ATTGCACAGGGTGAAC,-2.57073712348938,6.46345329284668,5
ATTGCAGGTGAAGCCT,6.566745281219482,4.452378749847412,9
ATTGCAGGTTAGAGCC,13.755047798156738,6.067512035369873,1
ATTGCGCCAACCCTAA,10.242570877075195,1.1075724363327026,3
ATTGCGCCATATTGAC,14.019940376281738,4.409268856048584,7
ATTGCTCGTAACTACG,14.062515258789062,1.7650119066238403,0
ATTGCTCGTATTGAGT,10.43936824798584,1.7453351020812988,3
ATTGGCTAGGTAAGCA,13.984870910644531,4.3968634605407715,7
ATTGGCTAGTTTGGGT,-1.7544119358062744,5.855532169342041,5
ATTGGTTCATTGCGGT,13.840195655822754,4.946707248687744,7
ATTGTCCGTACGTTTC,12.94989013671875,4.919103145599365,1
ATTGTCCGTTGTTCAC,14.094197273254395,1.1454588174819946,0
ATTGTGATCCGTTATT,6.610011100769043,4.412728786468506,9
ATTTAGCCACTAAATC,11.47930908203125,4.931193828582764,2
ATTTAGCCATGTTGTG,12.5260009765625,4.666179656982422,2
ATTTAGGTCAATAGCC,12.54166030883789,4.6760454177856445,2
ATTTGCAAGCATTTCT,12.252659797668457,5.241034507751465,1
ATTTGCGCAACCCTCC,14.773248672485352,2.0736842155456543,0
ATTTGCGCATGGAGGC,11.702309608459473,3.5598397254943848,2
ATTTGTGAGAACAAGT,0.48615604639053345,5.3965253829956055,4
ATTTGTGAGATACTTG,15.96779727935791,1.5527565479278564,0
ATTTGTGAGCTCATAA,14.024133682250977,6.69173002243042,1
CAAACACTCCTCACTA,9.822901725769043,0.8676789402961731,3
CAAACACTCTAAGGTC,12.666455268859863,3.937483787536621,2
CAAACACTCTGGCATG,8.361157417297363,6.747140884399414,8
CAAACACTCTTGGACG,9.702184677124023,0.7407417893409729,3
CAAACATGTTGGTTGA,14.1987886428833,0.07444048672914505,0
CAAACCGTCACGCCAA,10.324467658996582,1.4699640274047852,3
CAAACCGTCAGGCCTA,14.92491626739502,1.0483534336090088,0
CAAACTGGTCACAAAT,-2.6892166137695312,6.394586563110352,5
CAAACTGGTGTGTCCC,-3.4428083896636963,5.9960036277771,5
CAAACTGGTTCCGGGA,15.52106761932373,1.6737562417984009,0
CAAACTGGTTGCAATG,-3.3425464630126953,6.026853561401367,5
CAAACTGGTTGTCATC,12.270445823669434,3.574070453643799,2
CAAAGCGCAAACTGCC,8.189855575561523,6.853482723236084,8
CAAAGCGCATAAAGCA,11.83514404296875,4.939585208892822,2
CAAAGCGCATGCAACC,10.243118286132812,1.337328314781189,3
CAAAGGATCAGGAACA,15.157981872558594,0.8279123306274414,0
CAAAGTGAGGAACACA,-3.2229514122009277,5.698423862457275,5
CAAAGTGAGGAACGCG,9.806648254394531,0.9104058742523193,3
CAAAGTGAGGGCTTAT,0.23498636484146118,5.030599594116211,4
CAAAGTGAGGTTTGCG,13.593096733093262,6.608791828155518,1
CAAAGTGAGTCAATCA,15.415572166442871,0.6272610425949097,0
CAAATCATCTCCATGC,9.84378719329834,0.8940529227256775,3
CAACAATGTGCTCACC,-1.11014723777771,5.613033294677734,4
CAACAGGCAACTAGAA,0.154086172580719,5.003722667694092,4
CAACAGGCACAGGAAT,12.720002174377441,4.957029819488525,1
CAACAGGCACTTAGGC,10.627501487731934,4.625519752502441,2
CAACCCGCAAGACTCC,14.114771842956543,1.6801434755325317,0
CAACCCGCATCACAGC,7.263554573059082,-1.6557515859603882,6
CAACCCTTCAAAGGCA,14.609973907470703,1.1632627248764038,0
CAACCCTTCGATTTAG,14.567358016967773,1.5006437301635742,0
CAACCCTTCGTCATTT,-1.6006042957305908,5.0833821296691895,5
CAACCCTTCTCAATGA,7.2384819984436035,-1.3668832778930664,6
CAACCGGGTACTGATG,8.417078971862793,6.708293914794922,8
CAACCGGGTCATGCAA,11.1222505569458,2.692251682281494,12
CAACCGGGTTGGTTCT,-1.12924325466156,5.420037746429443,4
CAACTAGGTACTGAAT,13.184011459350586,5.520620346069336,1
CAAGAACCAAAGCTCC,15.58700180053711,0.5038284659385681,0
CAAGAACCAATCTCTC,15.989702224731445,1.3688738346099854,0
CAAGAACCAGCACGTT,12.598251342773438,4.2689619064331055,2
CAAGAACCAGCCTTGG,9.545171737670898,0.6564502716064453,3
CAAGCTAGTGCACGCA,9.95339584350586,0.94288170337677,3
CAAGCTAGTGGAAGGC,11.876258850097656,4.671181678771973,2
CAAGCTAGTTGCGGAT,13.418647766113281,6.408504486083984,1
CAAGGCTGTAGCAGCT,12.956796646118164,4.1991286277771,2
CAAGGCTGTATGGTGC,9.711140632629395,0.7048516869544983,3
CAAGGGAGTGCTGTAA,-1.0163525342941284,5.089289665222168,4
CAAGGGAGTGTCCAGG,12.506743431091309,5.276870250701904,1
CAAGGGAGTGTTTGTC,-0.8398661017417908,5.2978315353393555,4
CAAGGTAAGCTATTGA,12.49876880645752,4.023785591125488,2
CAAGGTAAGGGATGCG,11.766010284423828,4.945574760437012,7
CAAGGTAAGTTCCTGC,-0.9283230304718018,6.06581449508667,4
CAAGGTTTCATTTGCT,15.975635528564453,0.7919059991836548,0
CAAGGTTTCTAAGTGC,-1.0782346725463867,4.9879679679870605,4
CAAGGTTTCTCACACC,0.481137752532959,5.883942127227783,4
CAAGTAACACCATATG,7.270957946777344,-1.6500827074050903,6
CAAGTGAAGAGCCGCT,13.442532539367676,6.5729146003723145,1
CAAGTGAAGCTACTGG,9.784502029418945,0.7280813455581665,3
CAAGTGAAGGCTCATG,8.944331169128418,6.41144323348999,8
CAAGTGAAGGTAGCTT,8.56798267364502,6.570964813232422,8
CAAGTTATCGCTATGG,15.71113109588623,0.1418476700782776,0
CAATAAGCACTGGCTG,13.088225364685059,5.998254776000977,1
CAATAGCTCCCTGATC,14.083118438720703,4.732750415802002,7
CAATATGTCCTAAGGT,12.711087226867676,4.021570682525635,2
CAATATGTCCTTAAGA,12.20090389251709,3.9449405670166016,2
CAATATGTCTCGCCTG,-3.043077230453491,6.387321472167969,5
CAATCCCTCAATCTAG,-3.3185067176818848,6.079690933227539,5
CAATCCCTCGATTATG,14.286113739013672,0.09408314526081085,0
CAATCCCTCGCAGGCT,14.41206169128418,1.3353750705718994,0
CAATCCCTCTTTGAGA,10.689096450805664,1.5546058416366577,3
CAATCCTGTCCTGATT,8.157208442687988,6.88199520111084,8
CAATCCTGTTATCCTA,-3.4258718490600586,6.250561714172363,5
CAATCCTGTTGCAGTA,6.647071838378906,-1.7719649076461792,6
CAATCCTGTTGCTTCG,13.297593116760254,5.613558292388916,1
CAATCCTGTTGGCGTG,-1.4255497455596924,5.081048488616943,5
CAATCGCCACCTGCCT,13.653655052185059,6.855897903442383,1
CAATCTAAGCAACAAG,9.956406593322754,1.580096960067749,3
CAATCTAAGCGGTTAT,14.749044418334961,0.16944338381290436,0
CAATCTAAGTTTGTCT,12.239106178283691,5.129661560058594,2
CAATGAACAAGACTCC,11.587448120117188,3.4469568729400635,2
CAATGCCCAGATAGAC,14.207720756530762,5.219491004943848,7
CAATGCCCATTCAGCA,-1.8774605989456177,5.102906227111816,5
CAATGTCAGCTCGCTT,6.653656005859375,4.397825241088867,9
CAATGTCAGGCGCTTA,6.789589881896973,-1.4222731590270996,6
CAATGTCAGTAACCCG,-0.1244606077671051,5.541882514953613,4
CAATGTGGTCAGGAAG,9.502795219421387,1.1811960935592651,3
CACAAGCGTAACGGGA,7.1498188972473145,-1.1287883520126343,6
CACAATATCAAGTGAG,13.08470344543457,4.4038615226745605,7
CACAGGCTCTCCATAT,8.603659629821777,6.489473342895508,8
CACAGGGAGATAGACG,-3.1321136951446533,5.844908714294434,5
CACAGGGAGGCCAATT,13.271142959594727,4.941403865814209,1
CACAGGGAGTTGTCTT,11.968606948852539,3.81907057762146,2
CACATAATCGCGACAC,-2.3055028915405273,5.795638084411621,5
CACATACAGGAGGTTA,-0.04271629825234413,5.902191162109375,4
CACATACAGGTCGATT,11.11330509185791,4.839559555053711,2
CACATACAGTCTTGAA,14.304059028625488,5.3144989013671875,7
CACATACAGTTTGTCT,13.048377990722656,4.3216471672058105,7
CACATGCCAATAGCAA,7.883946418762207,-1.288350224494934,6
CACATTAAGAATGACG,6.8854756355285645,-1.7798080444335938,6
CACATTAAGCTATATG,14.32597541809082,1.5228289365768433,0
CACCAACCAAAGGTAC,12.83268928527832,4.764583110809326,1
CACCAACCAGGCCTTG,-2.141094446182251,5.4236345291137695,5
CACCAACCATGCTTAG,12.708564758300781,4.92262077331543,1
CACCGGTAGGTCGAGG,-2.338872194290161,5.583920001983643,5
CACCGGTAGTTATCTC,14.828293800354004,1.9949603080749512,0
CACGCAATCCTTAATC,10.114188194274902,1.4070372581481934,3
CACGCTAAGACAGGTA,14.012506484985352,4.626147270202637,7
CACGCTAAGCTATGAC,12.219422340393066,3.4555563926696777,2
CACGCTAAGTAAGGGC,-2.7970829010009766,6.3195037841796875,5
CACTAAGGTGGTTATG,14.299986839294434,1.64177405834198,0
CACTGACCACTTCATC,13.275084495544434,4.472097396850586,7
CACTTTGTCATTACGA,12.34007740020752,5.809792995452881,1
CACTTTGTCATTTAGG,9.625863075256348,0.7449613809585571,3
CACTTTGTCCAATAGC,6.570440769195557,4.456442356109619,9
CACTTTGTCCGGCTAA,14.764514923095703,0.09035695344209671,0
CAGAACCGTAAATTGC,-1.6070833206176758,6.176584243774414,4
CAGAACCGTAGCTGGT,13.943408966064453,7.07449197769165,1
CAGAATCTCACGCGGT,15.730231285095215,0.14260627329349518,0
CAGAATCTCATTGCAA,15.350762367248535,0.22367189824581146,0
CAGAATCTCCCATAGG,13.618144035339355,1.474793553352356,11
CAGAATCTCGCTAAGT,-2.5727009773254395,6.046606540679932,5
CAGAATCTCTAAGGAG,10.040555953979492,0.8240357637405396,3
CAGATTCAGTAAGGGC,15.464584350585938,0.8655092716217041,0
CAGCAAGCATGAAATG,8.402807235717773,6.560878753662109,8
CAGCAAGCATTTGCTC,9.536928176879883,0.8516249656677246,3
CAGCATGTCCTCCTAA,8.196996688842773,6.830722808837891,8
CAGCATGTCCTGATGG,9.77867603302002,0.71074378490448,3
CAGCCAATCAGCAAGA,13.898314476013184,4.664618492126465,7
CAGCCTAAGTGAACCT,12.800873756408691,4.323251724243164,2
CAGCCTAAGTTATGTG,-3.2746987342834473,5.771656036376953,5
CAGCCTTTCAATCTAG,0.016530247405171394,5.670568943023682,4
CAGCCTTTCCTGCGAA,11.446121215820312,5.247099876403809,2
CAGCCTTTCGTTATAG,12.351923942565918,3.7228376865386963,2
CAGCTAAGTGAATCGC,12.976492881774902,4.17565393447876,2
CAGCTATAGACTTACA,-1.9950978755950928,5.535274028778076,5
CAGCTATAGGTCGATT,12.290250778198242,4.140841007232666,2
CAGCTCAAGACACCGC,-1.750115156173706,5.108490943908691,5
CAGCTCAAGCGTGCAC,-3.379561424255371,6.108451843261719,5
CAGCTCAAGGATCACT,12.125760078430176,3.535101890563965,2
CAGCTCAAGGCTAGAA,12.810606002807617,5.241869926452637,1
CAGGACACAGCACCAT,7.925652027130127,-1.596182107925415,6
CAGGACACAGGTCCTG,8.124157905578613,6.930331707000732,8
CAGGACCTCAATGACC,12.752884864807129,5.548195838928223,1
CAGGACCTCAGCAAGA,8.198949813842773,6.906154632568359,8
CAGGACCTCCTAACGG,-3.912287473678589,5.894230842590332,5
CAGGACCTCGACCTGA,16.018016815185547,1.0984766483306885,0
CAGGATGCAAAGCGCA,15.296663284301758,0.3697795867919922,0
CAGGATGCACGAATCC,0.12202216684818268,5.998773097991943,4
CAGGATGCACTTGTTC,13.235247611999512,4.461560249328613,7
CAGGGCTTCTCACAAA,8.618054389953613,6.5756378173828125,8
CAGGGTGAGCTAATTG,-0.9758546352386475,5.434670448303223,4
CAGGGTGAGGCTACAT,14.90056037902832,0.2783687710762024,0
CAGGGTGAGTTAGTGC,-3.9033875465393066,5.956424713134766,5
CAGGTTAGTCATTGTC,12.689035415649414,5.261001110076904,1
CAGGTTAGTGCTAGAC,14.654212951660156,1.3330767154693604,0
CAGGTTAGTTACATCC,8.84769344329834,6.12474250793457,8
CAGGTTAGTTCCGCAC,-2.5817151069641113,6.117674827575684,5
CAGGTTTAGCCTGATG,12.865265846252441,5.083766460418701,1
CAGTACCCAAAGCTCC,10.03527545928955,0.8662459254264832,3
CAGTACCCAATAACCT,-1.0058809518814087,6.197508811950684,4
CAGTATGGTAGCTAGC,-2.6822586059570312,6.265692234039307,5
CATAACGGTCATAGAT,-3.5353002548217773,5.938631534576416,5
CATAACGGTTGTTGCT,13.150197982788086,4.104094505310059,7
CATAAGCTCCTAATTC,-1.1138603687286377,5.491593360900879,4
CATAAGCTCCTTCAAT,12.809956550598145,5.69206428527832,1
CATAATCCAATGAGGT,12.50269603729248,4.078854084014893,2
CATAATCCACTGACTA,9.826617240905762,1.403968334197998,3
CATAGACTCACATTGA,15.955329895019531,1.2554007768630981,0
CATAGCTAGATAGACG,10.330946922302246,1.1554311513900757,3
CATAGCTAGCTTACTT,12.585870742797852,5.205233097076416,1
CATAGCTAGTCACCTC,15.721010208129883,0.43025892972946167,0
CATAGGCGTACGGTAC,15.04944133758545,0.7628539204597473,0
CATAGGCGTTAAGGTT,12.242472648620605,5.564175128936768,1
CATAGGTTCAATTGGC,13.06119155883789,4.129570960998535,7
CATAGGTTCCGCAAAT,15.59238052368164,0.21245309710502625,0
CATAGGTTCGGCTAGC,9.65074348449707,1.3282090425491333,3
CATAGTCAGTCTCACC,12.28417682647705,4.3751935958862305,2
CATATCGCACCTCACC,7.94854736328125,-1.5558428764343262,6
CATATCGCAGCATGTC,10.710502624511719,1.484592318534851,3
CATCAATCACCATATG,10.429414749145508,1.4831922054290771,3
CATCAATCAGCATGTC,14.743796348571777,1.0761440992355347,0
CATCAATCAGGCTAGA,6.979152202606201,-1.2541764974594116,6
CATCAATCATTGCAGC,6.793135166168213,-1.4658706188201904,6
CATCACACAGTATGTT,12.60997486114502,4.260426998138428,2
CATCACACATGCAACC,10.631636619567871,4.62180233001709,2
CATCAGCCAAACCTTG,8.258279800415039,6.796692371368408,8
CATCAGCCAGAAACGT,14.220797538757324,-0.05521128699183464,0
CATCAGCCAGCATGTC,11.502875328063965,4.746798992156982,2
CATCATAAGAAAGCAT,13.003100395202637,6.02879524230957,1
CATCATAAGTACCGCA,15.564082145690918,0.19831803441047668,0
CATCATGCAATTGCGC,14.090106010437012,1.9219118356704712,0
CATCCCAGTTTGCGCC,6.94244909286499,-1.3061672449111938,6
CATCCTCAGCAGCTCA,14.146137237548828,4.8516364097595215,7
CATCCTCAGGGTCCAC,15.928251266479492,1.2002742290496826,0
CATCCTCAGTCACCAG,14.377820014953613,1.5723919868469238,0
CATCCTCAGTTCCTCA,8.396146774291992,-1.6037110090255737,6
CATCCTGGTAATCGCA,-0.8083623647689819,5.210129737854004,4
CATCCTGGTCATGCCC,15.555274963378906,0.3013548254966736,0
CATCCTGGTTGCAGTA,12.297045707702637,5.92164945602417,1
CATCCTTCATGTTGTG,8.397941589355469,-1.5852668285369873,6
CATGAGGCAAGGTATA,-3.8703086376190186,5.843682765960693,5
CATGAGGCACCTAAGC,-3.5674376487731934,6.003727912902832,5
CATGAGGCATCTTGAG,10.305493354797363,1.5406485795974731,3
CATGCAAGTTGAGCCG,0.059046629816293716,5.364698886871338,4
CATGCAAGTTGTTGCT,15.462780952453613,0.5867502689361572,0
CATGCAAGTTTACGTC,11.915766716003418,3.7607038021087646,2
CATGCATAGCTAAGTC,12.425841331481934,5.181711673736572,1
CATGCATAGCTATTGA,7.956997394561768,-1.497212290763855,6
CATGCGGGTCTTGCAT,0.32679879665374756,5.822142124176025,4
CATGCGGGTTGCACAA,9.894006729125977,1.6064800024032593,3
CATGGATTCGCACACA,-1.1274217367172241,6.212191104888916,4
CATGGATTCGTTTCGC,15.780200958251953,0.502852201461792,0
CATGGATTCTGTGAGT,0.10459353029727936,5.053554058074951,4
CATGGCGGTTAATGCG,14.35851001739502,-0.007277261465787888,0
CATGGCGGTTGGTGAC,12.281115531921387,4.8333821296691895,2
CATTATCTCAAACCGT,15.774880409240723,0.46619749069213867,0
CATTATCTCCCAGTAG,12.491922378540039,6.126821994781494,1
CATTATCTCTTAGCCC,9.718672752380371,0.8141506314277649,3
CATTATGAGGCGGGTA,15.397538185119629,1.542199730873108,0
CATTATGAGGTCCACA,0.555510401725769,5.808140754699707,4
CATTCCTCATTGCGAC,0.6690225005149841,5.495790958404541,4
CATTGCGAGGAACGCG,7.825649738311768,-1.5442224740982056,6
CATTGTAAGCCAGGTC,-1.1534953117370605,5.69443416595459,4
CATTGTAAGTATGTGC,10.440509796142578,1.3213186264038086,3
CATTGTAAGTCATTGA,11.852680206298828,3.7765543460845947,2
CATTGTAAGTTGGCCA,13.455142974853516,0.38244301080703735,10
CATTGTGCAAACTGTT,10.364072799682617,1.3890113830566406,3
CATTGTGCAAGTGAAC,14.915685653686523,1.5296169519424438,0
CATTTGTTCAAGCCTG,9.796809196472168,0.8875043392181396,3
CATTTGTTCTTGAGGT,10.837860107421875,4.825835227966309,2
CCAAATCAGCAAGGAC,14.74901294708252,1.4125350713729858,0
CCAAATCAGCCGCTTT,6.830715656280518,-1.7895500659942627,6
CCAACATAGGACTTAC,13.210679054260254,4.072099685668945,7
CCAACCAAGCAGGTGG,13.677823066711426,6.097342014312744,1
CCAACCCGTTTAGCGA,8.279423713684082,6.777706623077393,8
CCAAGGCTCGCTTCTA,8.007625579833984,-1.5380361080169678,6
CCAAGGCTCTACCTCA,12.48001766204834,6.123632907867432,1
CCAAGGCTCTGTAAGC,13.075944900512695,6.69973611831665,1
CCAAGTTAGTTGGCCA,15.339134216308594,0.5216520428657532,0
CCAATATCAACTCGCG,12.687263488769531,4.164729118347168,2
CCAATATCACCAAAGG,6.866061210632324,-1.5203076601028442,6
CCACAATAGGGATGCG,14.46342945098877,0.029856596142053604,0
CCACACAAGCATGTCG,15.044833183288574,0.1435551941394806,0
CCACACAAGCTCAATA,12.628094673156738,6.178929805755615,1
CCACACAAGGTGAGAC,15.426066398620605,0.37237870693206787,0
CCACATTGTACCGTAA,15.268570899963379,0.5926401615142822,0
CCACTTGGTGTTCCCA,13.03266716003418,4.676385879516602,1
CCACTTGGTTCCGCAC,-0.4779501259326935,6.338778018951416,4
CCAGACTCAATGAAGC,14.111016273498535,4.580692768096924,7
CCAGACTCAATTGACT,0.273122638463974,5.897355079650879,4
CCAGCCTGTAACCACA,12.41650390625,4.36562967300415,2
CCAGCCTGTCACAGCG,0.5780565142631531,5.704461097717285,4
CCAGCTAAGATTCCTT,15.215656280517578,-0.22038912773132324,0
CCAGCTAAGGCCGGAA,14.750086784362793,2.1423823833465576,0
CCAGCTGCACCCTCAC,13.957797050476074,1.5700526237487793,0
CCAGGAACAAGGCCAA,-3.6411819458007812,6.058243751525879,5
CCAGGATGTTTGGGTA,8.687908172607422,6.232053279876709,8
CCAGTTTGTCGAAGTC,14.005476951599121,6.634068489074707,1
CCATAAGGTAGCTAGC,-0.20914538204669952,6.160959720611572,4
CCATAATCATGTTTGG,10.909743309020996,4.824548244476318,2
CCATAGCCAACTAGAA,11.113621711730957,4.6460723876953125,2
CCATAGCCAGCTCAAC,13.511345863342285,1.4087620973587036,11
CCATAGCCAGGCTTGT,-2.6573734283447266,5.907063961029053,5
CCATCACTCACGTTAA,12.62215805053711,4.395590305328369,2
CCATCACTCTTTAGGA,0.38645607233047485,5.186207294464111,4
CCATCATGTAATCGCA,12.567022323608398,4.585948944091797,2
CCATTGTGTCCGGTTC,12.190004348754883,3.973334550857544,2
CCATTGTGTGCTCCAC,-2.5062716007232666,5.912169456481934,5
CCCAAACCATAATCAC,14.157269477844238,2.258770227432251,0
CCCAACCGTACCAGGT,9.547574996948242,1.0374586582183838,3
CCCAATTGTAAGCTCA,7.661818027496338,-1.3605990409851074,6
CCCAATTGTCGTTATC,0.6318725347518921,5.698084354400635,4
CCCAGCACAGGAACTG,-1.4594022035598755,6.185632705688477,4
CCCAGCACAGTCTATG,9.745370864868164,0.7067767977714539,3
CCCAGTTTCCTGGTGA,-3.571279764175415,6.179229259490967,5
CCCAGTTTCTACTAAG,13.038128852844238,4.372779846191406,2
CCCATAACACAACAGG,12.380816459655762,6.047272682189941,1
CCCATAACATAATCCG,15.092313766479492,0.2201625555753708,0
CCCGCAACAGGCGATA,7.05073356628418,-1.538223147392273,6
CCCGCAACAGTGAACG,8.401747703552246,-1.5917598009109497,6
CCCGCTTCATAAGCAA,-3.6511964797973633,6.065465927124023,5
CCCGTAAAGGACTTAC,15.911261558532715,1.612491488456726,0
CCCGTTGTCATCCTCA,13.528402328491211,1.4273242950439453,11
CCCGTTGTCATGGCTG,8.403656959533691,-1.575801134109497,6
CCCGTTGTCCTCATCA,15.764472007751465,0.3163541257381439,0
CCCTAATGTCGCATAA,-3.266737461090088,5.91504430770874,5
CCCTCACCACGAATCC,11.88193416595459,4.879123687744141,2
CCCTCACCATCCTAGA,-0.397053062915802,5.429205894470215,4
CCCTCAGTCCTGTTCA,7.080470085144043,-1.0269368886947632,6
CCCTCAGTCGACCTGA,13.117362022399902,5.320536136627197,1
CCCTCAGTCTTAGGAC,8.17581844329834,6.868146896362305,8
CCCTCAGTCTTGGATA,7.901277542114258,-1.4919847249984741,6
CCCTCATAGAGGAGTC,10.485687255859375,1.379096269607544,3
CCCTCATAGCCTTAAA,11.387674331665039,4.516872882843018,2
CCCTCATAGCTGTAAC,12.070096969604492,4.450956344604492,2
CCCTCATAGTCACTCC,10.08474349975586,1.014412522315979,3
CCCTTAATCGTTTCGC,15.384904861450195,0.5269589424133301,0
CCGACAGGTCATGAGC,14.180397033691406,0.5654615163803101,0
CCGACAGGTTGCATCT,8.447232246398926,6.618382453918457,8
CCGATGCAGGAAACTG,-0.4025483727455139,5.593311786651611,4
CCGATGCAGGTGAGAC,12.612293243408203,4.360360622406006,2
CCGCAAATCAGGTTTA,9.749980926513672,0.9529644250869751,3
CCGCAAATCATTTGCT,13.143231391906738,5.692741394042969,1
CCGCAAATCGAGGAGT,13.125615119934082,5.602570533752441,1
CCGCAAGGTTCAAGCA,-3.385258913040161,5.984811782836914,5
CCGCACACATGGTTAT,13.999027252197266,5.923255920410156,1
CCGCCAACACCTGTAA,13.896200180053711,1.8776696920394897,0
CCGCCAACAGGCTTCG,-0.5703002214431763,5.763448715209961,4
CCGCCAACATCCAGGT,15.522822380065918,0.3102632462978363,0
CCGCTAAAGGAAGCTA,15.285961151123047,0.5522304177284241,0
CCGCTAAAGGATAAAC,12.28150749206543,4.1445465087890625,2
CCGCTAGCAAAGCTCC,-0.16417789459228516,5.398290634155273,4
CCGCTAGCATCGTTCT,8.523821830749512,6.55902099609375,8
CCGGTAGGTGGATTGC,10.311600685119629,1.159545660018921,3
CCGGTAGGTTAAGTGT,12.761587142944336,4.165314674377441,2
CCGGTTAAGCATGACT,6.931882858276367,-1.4593803882598877,6
CCGTGCTGTTAGCTGA,12.094148635864258,5.639367580413818,1
CCGTTAACACCAAAGG,11.846893310546875,3.8872170448303223,2
CCGTTAACAGGTTAAA,13.516088485717773,1.4324945211410522,11
CCGTTAACATAAGTCT,11.941433906555176,4.101545333862305,2
CCGTTACTCAAGGACA,6.583110809326172,4.389183521270752,9
CCGTTACTCCGCAAGC,-2.8601131439208984,6.230392932891846,5
CCGTTACTCTTGTCTG,8.331951141357422,6.785800457000732,8
CCGTTATGTCCTAGTT,10.546542167663574,1.2687487602233887,3
CCGTTATGTTAGGACC,15.448078155517578,0.31430312991142273,0
CCGTTGCGTAGTTAAC,14.251852035522461,5.1630449295043945,7
CCGTTTGGTAATCGTG,14.651485443115234,1.1658462285995483,0
CCGTTTGGTAGGATTT,12.667359352111816,4.391618251800537,2
CCTAAAGGTGTTGTAG,13.719069480895996,4.386201858520508,7
CCTAAAGGTTCCTGTG,15.09207534790039,0.7550162672996521,0
CCTAAATCATCCCGCT,8.152205467224121,6.855984210968018,8
CCTAAATCATGACTAT,-2.4355874061584473,5.92118501663208,5
CCTAAGCCATAGACCC,13.929874420166016,6.2584147453308105,1
CCTAAGCCATTGGGAG,12.158095359802246,5.455435752868652,1
CCTAAGGTCCGGCTAA,12.11799430847168,4.311679840087891,2
CCTAAGGTCGTTACTT,-2.341346502304077,5.533919334411621,5
CCTAAGTAGTCATTAG,-2.7580811977386475,6.279933929443359,5
CCTAATAAGCATGTCG,-2.406040906906128,5.448578357696533,5
CCTAATAAGTTGGGCC,10.672504425048828,4.794728755950928,2
CCTAATCGTGCTCCAC,10.268989562988281,1.6870110034942627,3
CCTACTGGTCGTTACT,9.849893569946289,1.3261882066726685,3
CCTACTGGTGGATTGC,11.744074821472168,3.6221272945404053,2
CCTACTTCACCTGCCT,15.6978759765625,0.9278441667556763,0
CCTAGTTGTCAAGTAT,6.783738613128662,-1.639087200164795,6
CCTAGTTGTTAGTTGG,-2.6885247230529785,6.144003391265869,5
CCTATATTCCTTGAGG,7.021920680999756,-1.6495813131332397,6
CCTATTGTCATGCTTT,10.517714500427246,1.6243735551834106,3
CCTATTGTCGCTAAGT,14.716729164123535,1.7242653369903564,0
CCTCAAACAAGTGAAC,-0.2923662066459656,6.198634147644043,4
CCTCAAACACGAATCC,15.809793472290039,0.6863150596618652,0
CCTCAAACATCTAGCA,8.060221672058105,-1.514424443244934,6
CCTCAATGTGTTGTAG,8.530961036682129,6.536654472351074,8
CCTCAGTTCAGGAAGC,-3.377237558364868,6.059184551239014,5
CCTCAGTTCCTTTACG,15.122097969055176,0.7364211082458496,0
CCTCCTCTCATTAGGC,15.326391220092773,-0.19973458349704742,0
CCTCCTCTCATTAGTG,8.149065971374512,6.907805919647217,8
CCTCCTGAGCAATAGG,12.974533081054688,5.917026042938232,1
CCTGAATAGCTGGACC,-1.0167220830917358,5.8323893547058105,4
CCTGAGTCAAACGGGC,11.889202117919922,4.512341499328613,2
CCTGAGTCAATTATGC,12.561728477478027,6.135244369506836,1
CCTGAGTCAGAACCGA,14.461710929870605,0.16601870954036713,0
CCTGCTCCAGTATGTT,13.765101432800293,4.506965160369873,7
CCTGCTCCAGTCTAAT,12.362589836120605,6.019771099090576,1
CCTGCTCCAGTCTAGC,12.854466438293457,4.902542591094971,1
CCTGGATCAATAATCC,10.056426048278809,1.1092079877853394,3
CCTGGATCACCAACCG,6.671299457550049,4.4410247802734375,9
CCTGGTAAGACACTTA,-3.4896910190582275,6.038034439086914,5
CCTGGTAAGAGAAGGG,15.740126609802246,0.3846762478351593,0
CCTGGTAAGCACAGCC,12.676755905151367,5.668575763702393,1
CCTGGTAAGGCTACAT,10.440361022949219,1.5447748899459839,3
CCTGTAACAACTAGGG,-0.26058077812194824,5.349773406982422,4
CCTGTTGGTTAAGCCA,-3.301598072052002,6.147207260131836,5
CCTGTTGGTTAGTTGG,10.666387557983398,4.623337268829346,2
CCTTAACGTAAGGTTT,0.334242582321167,5.1822943687438965,4
CCTTAACGTCACGGAT,12.67539119720459,4.451469898223877,2
CCTTAACGTTGTGATG,-0.3701321482658386,5.75230598449707,4
CCTTAACGTTTATGGG,12.378047943115234,4.257012367248535,2
CCTTAGTGTAAGCACC,8.220447540283203,6.804877758026123,8
CCTTAGTGTCATTAGG,-2.686657190322876,5.906140327453613,5
CCTTAGTGTCGTTACT,-3.5870518684387207,5.9212236404418945,5
CCTTAGTGTTCCTGTG,9.81601619720459,1.4341142177581787,3
CCTTATGTCAGGTTTA,-2.289280652999878,5.211029529571533,5
CCTTATGTCAGTGAAG,8.689106941223145,6.401373863220215,8
CCTTATGTCGCATCCT,-2.03621768951416,6.182040214538574,5
CCTTCAATCAATTACG,14.201499938964844,1.821668267250061,0
CCTTCAATCCCATAAA,-0.7463714480400085,5.503852367401123,4
CCTTCAATCGCTAAAC,9.879837989807129,0.8332478404045105,3
CCTTCAATCTACCTAT,7.183350563049316,-1.1159440279006958,6
CCTTCAGGTAGTTAAC,13.826949119567871,6.565339088439941,1
CCTTCAGGTCCTGATT,14.238373756408691,0.06393683701753616,0
CCTTCAGGTTAATGAC,13.428226470947266,4.997307777404785,7
CCTTCAGGTTGTGACA,10.305859565734863,1.3056163787841797,3
CCTTCGGTCAAGGACA,14.467920303344727,1.2444826364517212,0
CCTTCGGTCTTGTCTG,13.556461334228516,5.713587284088135,1
CCTTCGTAGCACCACA,11.792744636535645,5.1418352127075195,1
CCTTCGTAGGAGCATA,10.85569953918457,4.8100810050964355,2
CCTTGCGTCACAGGAA,12.674091339111328,6.081407070159912,1
CCTTGCGTCATCAGTA,15.959948539733887,1.426452398300171,0
CCTTGCGTCGTTAAGC,10.319352149963379,1.3820892572402954,3
CGAAATGAGAGGCTAA,6.970617771148682,-1.4095889329910278,6
CGAACAAAGCCGCTTT,14.201140403747559,-0.04187588021159172,0
CGAACAAAGCTATTAG,15.221922874450684,0.5561498403549194,0
CGAACCGGTAATCGCA,9.720963478088379,0.8108212351799011,3
CGAACCGGTCACACCC,13.283147811889648,6.480788230895996,1
CGAACCGGTTAACGGC,13.44831371307373,6.648483753204346,1
CGAACCGGTTCCGGCT,14.604086875915527,2.39772629737854,3
CGAACCGGTTGCTGGG,10.738042831420898,4.884266376495361,2
CGAAGAATCTAACCAA,15.17945671081543,0.3387354910373688,0
CGAAGCCTCATAGACC,11.322511672973633,4.942778587341309,2
CGAAGCGAGACAAACG,8.61405086517334,6.616787910461426,8
CGAAGGCCAATTTAGC,15.561659812927246,0.5817802548408508,0
CGAAGGCCAGTAATAG,12.614518165588379,4.955362796783447,1
CGAAGTAAGCTCGCTT,11.188530921936035,5.044795513153076,2
CGAAGTAAGGACTAAG,8.429536819458008,-1.6003551483154297,6
CGAAGTAAGGCATGAA,6.646772861480713,-1.7761166095733643,6
CGAATCTAGCAGGCCT,14.517210960388184,1.1985810995101929,0
CGACAAGCACAAAGCG,8.42697525024414,6.608338356018066,8
CGACAAGCAGGACACA,12.077581405639648,3.8585588932037354,2
CGACCTGCAAATTGCT,15.501067161560059,0.563274621963501,0
CGACCTGCAATACTGT,12.193711280822754,5.75789213180542,1
CGACCTGCACAACAGG,12.70965576171875,5.133035182952881,1
CGACCTGCATGGCCTG,12.364884376525879,5.476861000061035,1
CGACTAAGTGATTACG,0.561616837978363,5.442167282104492,4
CGACTAAGTGGATTAT,14.626461029052734,1.336858868598938,0
CGAGCGAAGTAAGAAC,-0.28816404938697815,5.507966995239258,4
CGAGCGAAGTATTGTG,10.629717826843262,1.7776843309402466,3
CGAGCGAAGTCATCCC,12.97227954864502,1.146690011024475,9
CGAGCGAAGTTGGCCA,15.209245681762695,0.7214788198471069,0
CGAGCGAAGTTTGCGG,12.986287117004395,6.248342037200928,1
CGAGCTGGTCCCGAAG,14.998814582824707,0.8648255467414856,0
CGAGCTGGTTACATCC,11.622389793395996,4.7570600509643555,2
CGAGGCAAGGTTAGCT,14.847999572753906,0.998337984085083,0
CGAGGTGAGGAAGTAT,12.010517120361328,4.7696075439453125,2
CGAGTCGGTCCGTAGG,15.425041198730469,0.8738890290260315,0
CGAGTCGGTGTTCCCA,15.776047706604004,0.8945807218551636,0
CGAGTCGGTTTGCGCC,0.31389120221138,5.520134449005127,4
CGATGTCCAGCACCAT,13.778410911560059,4.265665531158447,7
CGATGTCCAGCTAACC,13.850301742553711,6.964527130126953,1
CGATGTCCATTAAAGG,16.073589324951172,1.3452273607254028,0
CGATGTCCATTAAGTC,15.780427932739258,0.5827624797821045,0
CGATGTCCATTATGAC,-3.226471185684204,6.1106977462768555,5
CGATTATCATTGCGAC,9.657639503479004,0.7111271023750305,3
CGATTCCTCAATCTAG,6.623921871185303,4.393073081970215,9
CGATTCCTCACGCATG,14.991874694824219,1.5816200971603394,0
CGATTCCTCCTAATTC,14.002480506896973,1.5390952825546265,0
CGATTCCTCTGTTGCC,-3.706329822540283,5.983725070953369,5
CGATTGAGTGCAATGC,-3.597744941711426,5.679217338562012,5
CGATTTGCAAATTGCT,12.055028915405273,5.580217361450195,1
CGATTTGCAGGAATCG,12.890246391296387,5.261666297912598,1
CGATTTGCATAATCCG,0.725180983543396,5.463746070861816,4
CGCAAATTCAAGGACA,-2.470917224884033,6.199829578399658,5
CGCAATAGTCAAGTAT,12.411589622497559,5.376720428466797,1
CGCAATAGTCATAACG,14.263092994689941,5.349241733551025,7
CGCAATAGTGGAGCAA,6.697483539581299,-1.7875152826309204,6
CGCAATAGTTCCGGGA,15.17147445678711,0.41557496786117554,0
CGCAATAGTTGGTGAC,14.699369430541992,1.1447657346725464,0
CGCAATTAGCGCCTTT,6.71041202545166,-1.5857279300689697,6
CGCAATTAGTTGGATC,15.868575096130371,0.7818752527236938,0
CGCACAATCAAGACTC,9.621851921081543,1.3368171453475952,3
CGCACAATCCCTGTTA,6.9019646644592285,-1.577340006828308,6
CGCACACAGGACCGCT,15.759832382202148,1.3204618692398071,0
CGCACACAGGTCCACA,0.33785706758499146,5.859764575958252,4
CGCATGATCCGTGACA,-1.2724220752716064,6.124748229980469,4
CGCATGATCGAAGTAG,13.285414695739746,6.735891342163086,1
CGCATGATCGTTATCT,12.391703605651855,4.771956920623779,2
CGCATTACAGTCTAAT,12.032140731811523,4.356418132781982,2
CGCATTTGTGGATTAT,13.263958930969238,6.705921173095703,1
CGCATTTGTTGTAAAC,-3.805852174758911,6.013855934143066,5
CGCCTCATCGAGCAAA,15.381998062133789,0.8892128467559814,0
CGCCTGTGTGCTTTAC,12.592846870422363,6.157358169555664,1
CGCGGATTCCTCATGC,9.854133605957031,1.5167896747589111,3
CGCTAACCAAGTGAAC,13.186978340148926,5.248972415924072,1
CGCTAACCACAGACTC,6.676050186157227,-1.8240501880645752,6
CGCTAACCACCGGCTA,13.406267166137695,0.36739563941955566,10
CGCTAACCAGCCAGAA,13.550854682922363,4.52766752243042,7
CGCTAACCAGCTAACC,-2.3510630130767822,5.89214563369751,5
CGCTAACCATGTGGGA,13.29118824005127,6.018307209014893,1
CGCTAATAGGCGCACT,6.625128269195557,4.406651496887207,9
CGCTACTTCGCACACA,13.306324005126953,4.515598297119141,7
CGCTACTTCGCTATAA,9.618342399597168,0.7909172773361206,3
CGCTACTTCTACTAAG,-2.626657724380493,6.019499778747559,5
CGCTATGAGAGCAAGC,14.142727851867676,1.8093702793121338,0
CGCTATGAGCCGCTTT,8.397117614746094,-1.5825356245040894,6
CGCTATGAGCTTATGA,13.094574928283691,6.44162654876709,1
CGCTCAGCAAATTCGT,-2.311955213546753,5.472714424133301,5
CGCTCAGCACAGAACG,10.432099342346191,1.3379727602005005,3
CGCTCAGCAGTAGCCT,13.404629707336426,0.36490491032600403,10
CGCTCCATCAAGTGAG,10.742215156555176,4.667580604553223,2
CGCTGTGCAAATTGCT,0.4673715829849243,5.933988571166992,4
CGCTGTGCAGCAACAG,15.45721435546875,1.5595049858093262,0
CGCTTAACAACGTGCT,9.572200775146484,1.2460942268371582,3
CGCTTAACATAATCCG,11.434170722961426,4.6769633293151855,2
CGCTTACTCCCTGATC,6.855079650878906,-1.4247957468032837,6
CGCTTACTCGCTAGAT,13.57596206665039,5.894184589385986,1
CGCTTGCGTCCTAAGA,15.698305130004883,0.9256221055984497,0
CGCTTGCGTCGACTAA,10.761916160583496,4.850555419921875,2
CGCTTGCGTTACTAGG,13.754773139953613,4.354058265686035,7
CGGAATCGTTACAAAC,8.447220802307129,6.7211174964904785,8
CGGACAACAACCCTAA,14.940710067749023,1.066680669784546,0
CGGACAACACAACCTA,14.410914421081543,1.4891750812530518,0
CGGACAACATGAAGTA,-3.4735989570617676,5.892467021942139,5
CGGAGCAAGGCCGGAA,12.17624568939209,4.923880100250244,2
CGGAGTCTCGCAACAT,-0.5855728387832642,5.53523063659668,4
CGGAGTCTCTCTAGCC,14.199095726013184,4.974656105041504,7
CGGATAAAGGGCTTAT,6.960046291351318,-1.2110799551010132,6
CGGATAAAGTAACAGG,-0.398882120847702,6.306772708892822,4
CGGATTAGTGGGAACA,6.894392967224121,-1.69725501537323,6
CGGCAATGTTAGGTGC,13.99964714050293,6.672553539276123,1
CGGCCATAGCCAAATC,13.624232292175293,1.447425365447998,11
CGGCCATAGCCTGATG,-2.481813907623291,5.9942827224731445,5
CGGCCATAGTCACCAG,6.968216896057129,-1.408355951309204,6
CGGCTAATCAGCACCA,7.093279838562012,-1.0826777219772339,6
CGGCTCACAAGACTCC,10.908132553100586,4.834373950958252,2
CGGCTCACAGCATGTC,15.933904647827148,0.9065117239952087,0
CGGGACAAGACAGGTA,-1.0106685161590576,5.921603679656982,4
CGGGACAAGCTATTAG,-2.6891400814056396,6.094265937805176,5
CGGGACAAGGCGCATC,15.834888458251953,1.4814342260360718,0
CGGGCTTAGAACCTGT,7.300296306610107,-1.3550777435302734,6
CGGGTATGTACCAGGT,-0.7146047949790955,5.4723968505859375,4
CGGGTATGTGCAATGC,15.904559135437012,1.5932413339614868,0
CGGGTATGTGGACATC,13.402181625366211,5.996518611907959,1
CGGGTATGTTGGTGAC,15.531591415405273,0.2252504676580429,0
CGGGTCTAGCCGCTTT,13.820834159851074,4.268515586853027,7
CGGTAACGTCAAGACC,14.601409912109375,1.3188300132751465,0
CGGTAACGTGCCGCAA,10.461004257202148,1.7202914953231812,3
CGGTAACGTGCTAGAC,-0.46741634607315063,5.72671365737915,4
CGGTGAACACCTCACC,15.670087814331055,1.122090458869934,0
CGGTGAACACCTCGCT,13.231340408325195,5.145761489868164,1
CGGTGAGAGCAGGTGG,11.286473274230957,4.712681770324707,2
CGGTTATAGAGCCGGA,9.617264747619629,1.1879024505615234,3
CGGTTATAGATACTTG,14.262622833251953,5.720483779907227,7
CGGTTATAGGACCTCA,-3.349130868911743,6.24968147277832,5
CGGTTATAGTGGCGGA,11.899852752685547,3.4620935916900635,2
CGGTTCCGTAGTAAGA,13.137221336364746,5.2458696365356445,1
CGGTTCCGTTATCGAG,12.896949768066406,6.3732757568359375,1
CGGTTGGGTATTGCAG,13.410685539245605,0.36618322134017944,10
CGGTTGGGTGAGACTC,12.615922927856445,5.041088104248047,1
CGGTTTCTCTCCTCAA,9.792081832885742,0.9317908883094788,3
CGGTTTGAGGGCCACT,0.06873829662799835,5.24694299697876,4
CGTAACCCAAACATAG,12.667306900024414,4.448619842529297,2
CGTAACCCAATAGCAA,7.811318874359131,-1.4646481275558472,6
CGTAACCCACAAACTT,15.947453498840332,1.261536717414856,0
CGTAACCCACGTTACA,14.553010940551758,0.3425040543079376,0
CGTAACCCACTGACCG,15.487339973449707,0.1509876847267151,0
CGTAACCCAGCCAGAA,10.21084976196289,1.165189266204834,3
CGTAACTAGAGCCGCT,10.254340171813965,0.9996281862258911,3
CGTAACTAGTAGGATG,13.548944473266602,6.686051845550537,1
CGTAACTAGTCATTAG,-2.2175850868225098,5.681432723999023,5
CGTAACTAGTTAGCCG,6.917320251464844,-1.4584330320358276,6
CGTAATGGTACCGAAC,12.09366512298584,3.922210216522217,2
CGTAATGGTCACCAAA,14.262462615966797,5.39902400970459,7
CGTACGGGTCAAAGGG,12.359643936157227,5.592665195465088,1
CGTAGCGGTAAAGCAA,15.232398986816406,1.7856009006500244,0
CGTAGCGGTAGTTACG,0.1244475319981575,5.837050914764404,4
CGTAGTTAGATGCCTG,13.433284759521484,5.940321445465088,1
CGTAGTTAGGCAAGTA,13.51044750213623,4.7284111976623535,7
CGTAGTTAGTCTATGA,0.4627561867237091,5.527071475982666,4
CGTATTGCAAACATAG,6.793699264526367,-1.6144307851791382,6
CGTATTGCACCTAATG,12.286913871765137,5.450624465942383,1
CGTATTGCATTGTGCA,-2.1463000774383545,6.024896144866943,5
CGTCAATAGGCAACAA,6.636557579040527,4.41033935546875,9
CGTCATTGTAACGTGC,12.350729942321777,5.251784324645996,1
CGTCATTGTCAATGTG,14.113923072814941,2.052593469619751,0
CGTCATTGTTGGTTGA,12.731839179992676,6.328014850616455,1
CGTCCTAGTAGCTAAT,14.015020370483398,4.369077682495117,7
CGTCCTAGTGAATCGC,13.963506698608398,5.682222366333008,1
CGTGAGGAGGTCCACA,12.420461654663086,4.34931755065918,2
CGTGCTGCAAGCTACC,12.387809753417969,5.5457763671875,1
CGTGCTGCAAGTGTCC,7.784072399139404,-1.3758764266967773,6
CGTGCTGCACTTAACG,-0.11883977800607681,5.77553129196167,4
CGTGGTTCACCGGCTA,14.732672691345215,0.08934246748685837,0
CGTGTGTCAAACTGCC,-2.14815354347229,5.988466262817383,5
CGTGTGTCAAATATCC,14.286023139953613,0.04256339743733406,0
CGTGTGTCACTGACCG,14.298643112182617,0.08254190534353256,0
CGTGTGTCAGTTTGTG,-3.2873687744140625,5.543826103210449,5
CGTGTTACAAACCCTA,15.133546829223633,0.9032768607139587,0
CGTGTTACATTGCGTA,13.187638282775879,5.127529144287109,1
CGTTAAATCATTGTCT,9.859535217285156,0.8064544200897217,3
CGTTAACAGAGAAGGG,6.680661678314209,-1.7389317750930786,6
CGTTAACAGTGAGGTA,11.822748184204102,3.8874125480651855,2
CGTTAGTAGAATGACG,12.356302261352539,5.030986785888672,1
CGTTAGTAGGAGCACG,14.735713005065918,2.279042959213257,0
CGTTATCGTTATCCTA,12.995473861694336,5.315449237823486,1
CGTTATTTCCTTTACG,9.722624778747559,1.1515331268310547,3
CGTTGCAAGCCACAAT,-2.64920973777771,5.803361892700195,5
CGTTGCGCAGCCTAAC,14.023191452026367,6.55252742767334,1
CGTTGCGCATAATCCG,7.759799957275391,-1.569179654121399,6
CGTTTCTCATTGGGAG,13.49046516418457,6.73045015335083,1
CGTTTGGAGCCTGTTC,-0.33717361092567444,5.373615741729736,4
CGTTTGGAGCTTAGTA,-3.352938175201416,6.018223762512207,5
CGTTTGGAGGCGCACT,-3.6691787242889404,5.802800178527832,5
CGTTTGGAGTAACCAC,6.636114120483398,-1.7944279909133911,6
CGTTTGTGTTGCAATG,12.192306518554688,4.587315559387207,2
CTAAAGCTCACCAATA,10.278489112854004,1.3142058849334717,3
CTAAAGCTCAGCACCA,12.76572036743164,5.3001790046691895,1
CTAAAGCTCCTCACAC,-2.3017756938934326,5.784242630004883,5
CTAAATGTCAGGATGA,7.039674282073975,-1.6014113426208496,6
CTAAATGTCCTAATGA,-2.231558084487915,5.9806413650512695,5
CTAACCACAGTAAGTA,13.490936279296875,6.849481105804443,1
CTAACCCTCCGCAAGC,7.6878767013549805,-1.8477156162261963,6
CTAACCTGTCGTTATC,15.743106842041016,1.6556600332260132,0
CTAACCTGTTTCGCCA,10.506354331970215,1.5279271602630615,3
CTAAGGTTCAACAAGG,0.07555022835731506,5.022072792053223,4
CTAATAGTCATAGCCG,15.869757652282715,1.0414953231811523,0
CTAATCGCATTGTGCA,-2.5953383445739746,6.312981605529785,5
CTAATCTTCCGCCTAT,15.827118873596191,0.25038957595825195,0
CTAATCTTCCGGGACT,-0.6208544373512268,5.384660720825195,4
CTAATCTTCCTGAGTG,12.660655975341797,5.882452487945557,1
CTAATGTCACGAACAG,11.988880157470703,4.888969421386719,2
CTAATGTCATAATGTC,12.57119369506836,5.317219257354736,1
CTAATTGAGCTTAACA,12.53714656829834,5.390532970428467,1
CTAATTGAGTAGGATG,13.054496765136719,6.198065757751465,1
CTACAACAGCTGGACC,12.345216751098633,5.10954475402832,1
CTACCGGCATCCCGCT,14.588808059692383,0.03797483444213867,0
CTACCTCAGCTTAGCG,-2.426318883895874,6.191011428833008,5
CTACCTCAGTTATGGC,0.17945939302444458,5.722375869750977,4
CTACGAAGTACTGAAT,-2.980962038040161,5.795167922973633,5
CTACTAAAGCCGCTAA,12.099262237548828,3.9565064907073975,2
CTACTAAAGGTCGAGG,13.91694164276123,5.916294574737549,1
CTACTAAAGTCGCAAT,12.948896408081055,5.962721347808838,1
CTACTTAGTATTCGCT,-2.6496362686157227,5.3444390296936035,5
CTACTTAGTTAACACG,12.7837553024292,5.244076728820801,1
CTAGATTCAACTAGCC,-1.848689317703247,5.127571105957031,5
CTAGATTCAGGCAAGC,-0.03203915059566498,5.018107891082764,4
CTAGCTGAGCTCATAA,15.000450134277344,0.741751492023468,0
CTAGCTGAGGTGTCCA,15.11186408996582,1.3809072971343994,0
CTAGGACGTCCTGATT,14.12780475616455,6.611867904663086,1
CTAGGCGGTACCGTTT,11.919121742248535,4.267332553863525,2
CTAGGCGGTGATGAAA,-2.5425798892974854,6.164614200592041,5
CTAGTAATCGTTTCGC,-2.7113630771636963,5.911538124084473,5
CTAGTAGGTTCCGGGA,-3.528090476989746,5.970390319824219,5
CTAGTCGAGCAAGGTA,7.090062141418457,-1.1781859397888184,6
CTAGTCGAGGACGTAA,14.414886474609375,1.6580578088760376,0
CTAGTCGAGGCCATCA,13.59412670135498,6.843362808227539,1
CTAGTCGAGGCGCATC,11.254196166992188,4.774443626403809,2
CTAGTGAGTAGGTTAT,10.282185554504395,1.2735146284103394,3
CTAGTTGCAAGGTACG,15.352422714233398,1.4861332178115845,0
CTAGTTGCAATTTAGC,16.003007888793945,0.6091547608375549,0
CTAGTTGCACCTGGTG,9.80370044708252,1.33115816116333,3
CTAGTTGCATGCTTAG,14.272037506103516,0.14597900211811066,0
CTATAACCAATATGGA,7.598462104797363,-1.6388746500015259,6
CTATAACCATAAGTCT,-3.7537894248962402,5.790031909942627,5
CTATGACAGAAAGCAT,11.69719123840332,4.445436000823975,2
CTATGAGGTCGTTATC,11.140870094299316,2.7208375930786133,12
CTATGAGGTTTGGCTT,7.9124627113342285,-1.4942866563796997,6
CTATGATCACCCACAG,11.902477264404297,4.234856128692627,2
CTATGGCCAATATAGG,13.906332015991211,6.241197109222412,1
CTATGGCCAGAATGAC,14.23011302947998,-0.03371302783489227,0
CTATGGCCAGTCTAGC,10.227499008178711,1.1742125749588013,3
CTATGTTTCCGGTATG,-3.7009823322296143,6.1232476234436035,5
CTATGTTTCGGTACGC,14.273635864257812,1.651262879371643,0
CTATGTTTCGTTCACC,15.102842330932617,0.24681970477104187,0
CTATTACTCAGGCTAT,13.493924140930176,4.127145767211914,7
CTATTGAAGTCATCCC,8.619661331176758,6.465576171875,8
CTCAATAAGCAATAGG,13.153451919555664,5.335552215576172,1
CTCAATAAGCAGGTGG,-0.7443019151687622,5.2501420974731445,4
CTCAATAAGCCACAAT,14.118634223937988,6.589376449584961,1
CTCAATAAGGAAACTG,12.197442054748535,5.1961822509765625,2
CTCAATAAGTCATTAG,-1.8287016153335571,5.405463218688965,5
CTCACAACACTAAATC,8.460189819335938,6.740575313568115,8
CTCACACTCATGGTTA,13.8489351272583,5.448538780212402,7
CTCACACTCTCAATAG,11.86343765258789,4.296937942504883,2
CTCACTCAGAAGCTAG,-0.07924842089414597,5.251513957977295,4
CTCAGGATCATAGACC,13.414401054382324,6.331545829772949,1
CTCAGGATCGAGCTAT,-1.3234823942184448,6.159122467041016,4
CTCATGACAACATAAG,12.05980110168457,4.43907356262207,2
CTCATGACAACCTGGT,9.697187423706055,1.4633328914642334,3
CTCATGACATTGCAGC,9.648290634155273,1.2843669652938843,3
CTCATGCTCCCGTTAC,12.100497245788574,3.870401382446289,2
CTCATGCTCCTAAGGT,14.567268371582031,1.0546891689300537,0
CTCATTGTCATGCTAA,12.271513938903809,5.417890548706055,1
CTCATTGTCCCGCATT,14.002793312072754,6.141563892364502,1
CTCATTGTCGGCCAGT,13.4097261428833,0.36741867661476135,10
CTCCAAACAATTAGCT,15.536715507507324,0.24361398816108704,0
CTCCAAACACAGGAAT,8.506580352783203,6.5251898765563965,8
CTCCAAACAGTTATCG,10.04861068725586,0.8722442984580994,3
CTCCAAACATGAATCT,7.208314895629883,-1.7142629623413086,6
CTCCAAACATTAGGCC,12.870296478271484,5.333456516265869,1
CTCCATCAGTAGGATG,15.866474151611328,1.2431144714355469,0
CTCCCTGAGCCTGAGC,-3.6515419483184814,5.819482803344727,5
CTCCGGACAATAGTCT,9.853930473327637,1.0361437797546387,3
CTCCGGACATTGTGGC,6.595367431640625,4.419188022613525,9
CTCCGTCCACTTGTTC,12.014872550964355,4.513769149780273,2
CTCCTAATCGTGCCTT,14.883963584899902,1.2157812118530273,0
CTCCTCACACCTGTAA,14.094891548156738,4.892670154571533,7
CTCCTGAGTGGTTCCC,12.90952205657959,5.034060478210449,1
CTCGACAAGCGGGCAA,13.583879470825195,5.020001411437988,7
CTCGACAAGGATCCGC,15.917621612548828,1.560782551765442,0
CTCGCTAGTCATTAGG,-0.6999034285545349,6.238161087036133,4
CTCGCTAGTCGTTATC,14.395478248596191,-0.074445441365242,0
CTCGCTAGTGATTACG,12.332405090332031,4.85141658782959,2
CTCGCTAGTGCTAGCG,14.556324005126953,1.2397370338439941,0
CTCGCTCCATCAGCAC,15.823891639709473,1.6110188961029053,0
CTCGTTATCTACCTAT,-3.553131341934204,5.749431610107422,5
CTCTAGCTCATGGTGT,13.192105293273926,3.914051055908203,2
CTCTAGCTCGTGCTAG,14.182737350463867,-0.02409745194017887,0
CTCTAGCTCTAGCTAA,12.333266258239746,4.902894496917725,1
CTCTGTTCAAACTAAG,9.873753547668457,0.8049760460853577,3
CTCTGTTCACCTGCCT,14.293560028076172,-0.08269050717353821,0
CTCTGTTCACTTAACG,-1.8779921531677246,5.087769985198975,5
CTCTGTTCAGAGGCTA,8.369215965270996,-1.5922471284866333,6
CTCTGTTCATAATGAG,15.766335487365723,0.25592494010925293,0
CTCTTGATCATCAGTA,13.61699390411377,6.171428680419922,1
CTGATCACAAGACTCC,-1.4687243700027466,6.300426006317139,4
CTGATCACAAGCTAAA,12.76861572265625,4.5803632736206055,2
CTGCAATAGCGGATTT,-2.5172946453094482,6.100854873657227,5
CTGCAATAGGATTTGC,-3.4866719245910645,5.967730522155762,5
CTGCAATAGGTTACGT,-3.681797981262207,5.722564697265625,5
CTGCTACTCCTAATAG,11.69627571105957,3.9136557579040527,2
CTGCTACTCCTCCTAA,-3.921684980392456,5.926435470581055,5
CTGCTACTCGGGATTT,12.3760347366333,5.274911403656006,1
CTGCTACTCGTTATAG,15.717958450317383,0.8580906987190247,0
CTGCTATGTGTAATAC,15.802576065063477,1.2373261451721191,0
CTGCTATGTGTTTGAG,13.045066833496094,4.062072277069092,2
CTGCTATGTTGTAACG,13.58870792388916,6.039235591888428,1
CTGCTATGTTTGACCT,14.805246353149414,1.7742648124694824,0
CTGCTCCCAAGGACCA,13.982912063598633,7.0826005935668945,1
CTGCTCCCAGTCTAGC,-2.7072484493255615,6.346252918243408,5
CTGCTCCCATTCAGCA,13.004868507385254,4.3074951171875,2
CTGGACCAGACACTTA,0.6171314120292664,5.411465644836426,4
CTGGACCAGGATTGAG,12.65673542022705,5.959680557250977,1
CTGGACCAGGCTGGCT,15.492019653320312,-0.1026010513305664,0
CTGGCTTTCTTTAAGG,9.553559303283691,0.7848409414291382,3
CTGGTAAGTTTAAAGC,11.882559776306152,4.026760578155518,2
CTGGTCAAGACTTACA,15.473381042480469,0.5526316165924072,0
CTGGTTACAGCAAGTG,13.921160697937012,7.088096618652344,1
CTGTAACAGCCTGTGA,-0.31448623538017273,6.1892170906066895,4
CTGTACCTCCCGTTGT,14.737971305847168,0.06989723443984985,0
CTGTGTGAGGCAACAA,14.297296524047852,1.2685894966125488,0
CTGTTCATCTCCTCAA,12.697484016418457,5.895632743835449,1
CTGTTGGAGTAGCTTA,-2.711164712905884,6.174550533294678,5
CTGTTTAGTGCGCAAT,-3.5396924018859863,5.649016380310059,5
CTTAACAAGGAGTAAT,15.158341407775879,0.9550821781158447,0
CTTAAGATCCTAATTC,-3.8184473514556885,5.890554428100586,5
CTTAAGGGTTTCCTCC,-2.526015520095825,6.1551513671875,5
CTTAATGAGGCTTAGT,10.611145973205566,1.5359272956848145,3
CTTACCGGTACTTCAC,-3.1770219802856445,5.948322296142578,5
CTTACCGGTCCTAGTT,7.0670552253723145,-1.0485378503799438,6
CTTACCGGTGTCCAGG,-2.8314368724823,5.490318298339844,5
CTTACCGGTTTGAGCA,-2.5352368354797363,6.275330066680908,5
CTTACCTCAAGCGAGC,14.27694034576416,-0.08546067774295807,0
CTTACCTCAGAACCGA,8.822759628295898,6.071701526641846,8
CTTACCTCATAGGCGA,14.605504989624023,1.3105483055114746,0
CTTACCTCATCATGTG,-2.569162130355835,6.379343509674072,5
CTTACTAGTAAGCTTG,0.5568854808807373,5.5909833908081055,4
CTTACTAGTGAGCAAG,15.682555198669434,0.7848341464996338,0
CTTACTAGTGCGCATG,15.776639938354492,0.5918188691139221,0
CTTAGGAGTAACCAGC,8.238338470458984,6.855097770690918,8
CTTAGTTTCAGGAACA,13.938336372375488,4.372132301330566,7
CTTAGTTTCCCGTTTA,14.86623764038086,1.5768473148345947,0
CTTAGTTTCCGGGACT,12.129823684692383,3.845555543899536,2
CTTATTGGTAGCTGGT,14.490960121154785,1.4157553911209106,0
CTTCAAGCAACCCTCC,15.096580505371094,0.6302920579910278,0
CTTCAATTCCAGGTCA,-2.7573702335357666,5.919459819793701,5
CTTCAATTCCGGGACT,15.297223091125488,1.3444509506225586,0
CTTCACTCAGGCTTCG,12.215191841125488,4.448394298553467,2
CTTCACTCAGTTGCGT,6.748326778411865,-1.6128522157669067,6
CTTCAGGAGGAGCAAC,14.088375091552734,4.89326810836792,7
CTTCAGGAGGTGAAAT,11.19384765625,2.8035688400268555,12
CTTCAGGAGTCATCCC,12.662104606628418,5.339853286743164,1
CTTCTCAAGAAACTGG,0.5826822519302368,5.929201602935791,4
CTTCTCAAGCCGCTTT,14.600835800170898,0.09608445316553116,0
CTTGAACAGACAAGTG,-3.931588649749756,5.9213151931762695,5
CTTGAACAGGAACCAA,15.756282806396484,0.4417583644390106,0
CTTGAACAGTACTGGT,6.604841709136963,4.416062355041504,9
CTTGAATCACAATACT,13.2307767868042,6.235685348510742,1
CTTGAATCACATTAAC,12.590396881103516,5.176530361175537,1
CTTGAATCATATTGAC,0.7015247344970703,5.5668559074401855,4
CTTGAATCATTAGCGC,9.95895004272461,1.1523635387420654,3
CTTGACGAGAACAAGT,14.983480453491211,0.6687510013580322,0
CTTGACGAGGCCAATT,13.69600772857666,4.478165149688721,7
CTTGCAACAAATTCGT,15.869925498962402,0.7691767811775208,0
CTTGCAACATCCTGAA,7.06341552734375,-1.1425161361694336,6
CTTGCATGTCTCACTG,15.971478462219238,1.4396085739135742,0
CTTGCGCGTATGTGGC,9.97136116027832,0.8477339148521423,3
CTTGGACCAATAGTCT,0.5092419385910034,5.823646545410156,4
CTTGGACCATAAGTCT,12.90216064453125,5.934632301330566,1
CTTGTAAAGGCTTAAC,0.1077849492430687,5.027574062347412,4
CTTGTCCAGGACCTGC,11.178027153015137,4.9468512535095215,2
CTTGTTCCAACGTGCT,-1.1112114191055298,6.221538066864014,4
CTTGTTCCATGATTGT,12.718992233276367,6.086822986602783,1
CTTGTTTAGCTGGCTA,13.296561241149902,6.521839618682861,1
CTTGTTTAGGAAGCAC,14.526556968688965,1.3550382852554321,0
CTTTAGGCAGGCCTTG,10.477423667907715,1.4993696212768555,3
CTTTAGTTCCAGGGAG,14.433231353759766,1.3629623651504517,0
CTTTAGTTCGAAGTAG,13.846001625061035,6.535961627960205,1
CTTTAGTTCTTGGACG,9.510281562805176,0.9527662396430969,3
CTTTATCAGGATCCGC,-1.4872474670410156,5.126137733459473,5
CTTTATCAGGGTGGAT,7.0030388832092285,-1.500553846359253,6
CTTTATCAGTCACCAG,-0.16075755655765533,5.540889739990234,4
CTTTATGGTTAATCGG,-3.2437033653259277,6.080508232116699,5
CTTTATGGTTCAAGCA,11.463191032409668,4.9981865882873535,2
CTTTATGGTTCGCGCT,9.617920875549316,0.7245305180549622,3
CTTTCTTGTGTTTGAG,14.629223823547363,0.0841015875339508,0
CTTTGAGCAGGCTAGA,10.500357627868652,1.5754330158233643,3
CTTTGGTGTGCATCGG,0.44862258434295654,5.95648193359375,4
CTTTGTCCAATATACC,12.481597900390625,4.338006019592285,2
CTTTGTCCAGCTAACC,15.791972160339355,1.3376233577728271,0
CTTTGTCCAGCTTAAT,-0.3360897898674011,6.241960048675537,4
CTTTGTCCAGGCATGA,8.403834342956543,6.613501071929932,8
GAAACCCGTCATTAGG,15.894076347351074,1.5228244066238403,0
GAAACCCGTGCACGCA,12.45980167388916,3.634638547897339,2
GAAACTGAGCTGAGGG,13.359491348266602,4.138616561889648,7
GAAAGCCAGCGATAGA,7.855886936187744,-1.4635334014892578,6
GAAAGGCTCCGCATGA,-2.367811918258667,5.639298439025879,5
GAACACAAGAGAAGGG,6.71827507019043,-1.6395843029022217,6
GAACCAAAGCAATAGG,11.360942840576172,4.780568599700928,2
GAACCAAAGGATGATG,6.6084418296813965,4.410956382751465,9
GAACCAAAGTAAAGGT,10.607274055480957,1.6123160123825073,3
GAACCTTAGATTGAGG,7.18049955368042,-1.1009565591812134,6
GAACCTTAGCTCAATA,9.767753601074219,0.9354844093322754,3
GAACGAATCAATCTAG,14.684216499328613,2.338550567626953,0
GAACGAATCTATCGCC,15.653129577636719,1.5482052564620972,0
GAACGAATCTCAATAG,14.193594932556152,1.6572017669677734,0
GAACGAATCTTTAGGA,-0.5455435514450073,5.608097076416016,4
GAACTTATCCACCTTA,11.117319107055664,2.6727190017700195,12
GAACTTATCGTTTCTG,6.8550543785095215,-1.6191127300262451,6
GAACTTATCTGTAATG,12.946465492248535,6.512039661407471,1
GAAGCTAAGAAAGGAA,6.597754955291748,4.427464008331299,9
GAAGCTAAGCCATCAG,13.793878555297852,1.5755001306533813,0
GAAGGAACAACTGGCT,15.560853958129883,0.28645724058151245,0
GAAGGAACACTGACCG,8.19106674194336,6.883440971374512,8
GAAGGAACAGTAGGAT,14.10753345489502,6.789262771606445,1
GAAGGATGTAGGATTT,8.264389038085938,6.812715530395508,8
GAAGGATGTTTAGTCC,11.516275405883789,4.263367652893066,2
GAAGGCCCATAATCGT,11.956182479858398,4.498007774353027,2
GAAGGCCCATCTAGCA,0.6080148220062256,5.524338245391846,4
GAAGTAAGTGGACCTG,6.613983631134033,4.4187235832214355,9
GAAGTATAGCCTAATA,9.98238754272461,1.6500580310821533,3
GAAGTGATCTACCTGC,11.878948211669922,3.7292873859405518,2
GAAGTGATCTCTAGCC,0.21058227121829987,5.034221649169922,4
GACAATACATAAGCAA,11.367596626281738,5.083674430847168,2
GACACCGGTATTGTCC,7.125400066375732,-1.3693772554397583,6
GACACTAGTAATCGTG,13.214717864990234,6.385111331939697,1
GACATAGAGGTCCACA,15.357975959777832,0.6990163922309875,0
GACCGAACACCTACGG,-1.3680570125579834,6.226639747619629,4
GACCGAACACTAAGTT,13.933302879333496,4.400442600250244,7
GACCGAACATCCCTCA,0.5011960864067078,5.426514625549316,4
GACCTAGTCAGCTAAC,14.142014503479004,6.511820316314697,1
GACCTGATCCCTCACG,15.581100463867188,0.2852156162261963,0
GACCTGATCTGTAATG,-0.9705072045326233,5.363539695739746,4
GACCTTTGTATTTGGG,10.54287052154541,1.2513015270233154,3
GACCTTTGTCAAACTG,12.122916221618652,4.304021835327148,2
GACGCAACAATAGCCC,11.635424613952637,5.4372429847717285,1
GACGCCTAGGCAAGTA,6.6192193031311035,4.408877372741699,9
GACGTAAAGTGGACAA,-0.6400830745697021,5.724417209625244,4
GACTAATGTGAATCGC,13.928593635559082,2.1823890209198,2
GACTCACCAAAGGCCA,-3.230415105819702,6.1334333419799805,5
GACTCACCAGCTAATT,13.423591613769531,5.074821949005127,1
GACTTACAGTTGTCAA,-3.421556234359741,5.795179843902588,5
GACTTAGGTCCGTAGG,11.658425331115723,3.7959535121917725,2
GACTTAGGTCTTTATG,15.341309547424316,0.9195361137390137,0
GACTTAGGTTAAGTGT,-3.046996831893921,5.861870765686035,5
GACTTAGGTTACAACG,-2.6279351711273193,5.887784481048584,5
GACTTAGGTTGTCCAT,11.208704948425293,4.894505977630615,2
GACTTGGTCAGTTCCC,13.500272750854492,4.223980903625488,7
GACTTGGTCCAAACAC,0.3421494960784912,5.349981307983398,4
GACTTGGTCCGCAACA,15.944011688232422,1.1904535293579102,0
GAGAAACGTTCCTGTG,15.47962474822998,0.5374183058738708,0
GAGAAACGTTTGAGCA,-0.33346953988075256,6.083351135253906,4
GAGAACCAGGACAACA,-0.10318358242511749,6.047203540802002,4
GAGAACCAGTTTAACG,12.802854537963867,5.227195739746094,1
GAGAGGCGTGCGCAAT,12.028653144836426,3.9123241901397705,2
GAGAGGCGTTAACGAT,9.539034843444824,1.109098196029663,3
GAGAGGCGTTTACGTC,14.876123428344727,0.8143101930618286,0
GAGATAAGTCACCTAT,15.702754974365234,0.7967818379402161,0
GAGCAAATCATTGCGG,7.924526214599609,-1.4149764776229858,6
GAGCAAATCCCTCATA,14.035390853881836,6.172539710998535,1
GAGCAAGGTACGTTTC,14.303939819335938,5.286046981811523,7
GAGCAAGGTAGCCTCC,9.845146179199219,1.2890067100524902,3
GAGCAAGGTCATTACC,14.01990795135498,6.381000518798828,1
GAGCAAGGTGGTTAGC,10.791543960571289,4.81252384185791,2
GAGCATGCAAGACTCC,10.726668357849121,4.850772857666016,2
GAGCATGCAATCCCTT,12.897272109985352,5.275672912597656,1
GAGCATGCAGGAACTG,11.765242576599121,3.690481424331665,2
GAGCATGCAGGCTGTT,15.280417442321777,0.6268564462661743,0
GAGCCACTCCAAGTTA,9.674453735351562,1.3020100593566895,3
GAGCCACTCGATTTGA,15.447861671447754,0.7534639835357666,0
GAGCCTTCAATAATCC,8.758901596069336,6.156332015991211,8
GAGCCTTCAGGCCTTG,-2.8869950771331787,6.342881202697754,5
GAGCGAAGTAGGTGTC,14.256231307983398,5.417964935302734,7
GAGCGATAGCAAGGAC,15.758951187133789,1.1398086547851562,0
GAGCGGTCATTTAAGC,10.297524452209473,1.2302062511444092,3
GAGCTAGCAATTAGGA,12.249274253845215,5.14945650100708,2
GAGCTGCTCATGCTAA,13.509074211120605,6.214328289031982,1
GAGCTGCTCCTCACTA,15.613611221313477,0.36601999402046204,0
GAGCTGCTCGATTTAG,10.770620346069336,4.850489616394043,2
GAGCTTAGTAAATTGC,-3.5096378326416016,6.066102027893066,5
GAGCTTAGTCAAAGGG,14.130558967590332,1.736500859260559,0
GAGCTTAGTCCAAATG,0.33010348677635193,5.889503002166748,4
GAGCTTAGTCGACTAA,13.909934997558594,4.808034420013428,7
GAGCTTAGTGCATTAG,7.051873207092285,-1.8588447570800781,6
GAGCTTGTCATAGACC,7.957268714904785,-1.5171202421188354,6
GAGCTTGTCTTAGTCT,14.812088012695312,0.4224874973297119,0
GAGGACTAGAGCCGGA,12.947836875915527,4.691171169281006,2
GAGGACTAGCTGCACA,12.243345260620117,5.946764945983887,1
GAGGAGGCAAATGCCC,9.931296348571777,1.6505054235458374,3
GAGGAGGCAGTACCGT,14.185705184936523,1.7968577146530151,0
GAGGCAAGTAAGCACC,12.425176620483398,3.7315659523010254,2
GAGGCAAGTAGCTAAT,9.641643524169922,1.1407078504562378,3
GAGGCCTTCCTAATTC,8.13429069519043,-1.5823454856872559,6
GAGGCCTTCTCGCCTG,13.262009620666504,4.045050144195557,7
GAGGCTACAACATAAG,9.747763633728027,0.5040151476860046,3
GAGGGAGCAACAGGAT,15.399070739746094,-0.012256579473614693,0
GAGGGAGCAGGTTATT,15.655889511108398,1.6156262159347534,0
GAGGGAGCATTAAACC,14.980077743530273,1.5037709474563599,0
GAGGTACAGAGAGGCT,12.188658714294434,3.62577223777771,2
GAGGTGAGTTGAGCCG,12.853245735168457,4.504397392272949,2
GAGGTTAAGGCGGGTA,-0.21476155519485474,5.660894870758057,4
GAGGTTAAGGTGTCCA,-2.6695971488952637,5.953913688659668,5
GAGTAACCAAGCTTTG,12.955066680908203,3.826559543609619,2
GAGTCAAAGCAAGGAC,15.378898620605469,0.473927766084671,0
GAGTCAAAGCTTAGCG,15.38222885131836,0.20719973742961884,0
GAGTCATTCATCACTT,6.772490501403809,-1.5513558387756348,6
GAGTCATTCGCTAAAC,-0.6369275450706482,5.397002696990967,4
GAGTGAGGTGGAAGGC,14.050071716308594,5.875086784362793,1
GAGTGATCACAAAGGT,11.821630477905273,4.895423412322998,2
GAGTGATCAGTAATAG,13.063630104064941,5.414331912994385,1
GAGTGTTTCCGCAAGC,6.862476348876953,-1.4424165487289429,6
GAGTGTTTCGCAACAT,6.770640850067139,-1.6379607915878296,6
GAGTTACTCCGCAACA,10.190838813781738,1.0140315294265747,3
GAGTTACTCCTGAATA,-1.8260375261306763,5.104898452758789,5
GAGTTGCGTGGGTACT,15.464996337890625,0.4474894404411316,0
GAGTTTGGTCCTAACT,12.37692928314209,4.253469944000244,2
GAGTTTGGTGATCATG,0.25205197930336,5.5931854248046875,4
GATAACGAGGAGGCAT,8.451037406921387,6.654702186584473,8
GATAACGAGGTGTCCA,13.449584007263184,4.557900905609131,7
GATAAGCCAACCCTAA,10.080938339233398,1.2215046882629395,3
GATAAGCCAAGGTGCA,10.568538665771484,1.6272761821746826,3
GATAAGCCATAATGAG,10.310115814208984,1.4890799522399902,3
GATAAGCCATCACAGC,13.585243225097656,6.881371974945068,1
GATAATCGTCCGGTTC,9.70948600769043,0.6969704031944275,3
GATAATCGTGACATGC,12.250099182128906,4.825362682342529,2
GATAATCGTGGACATC,12.143256187438965,3.7564165592193604,2
GATAGACCACAGGATG,8.417098999023438,-1.5940407514572144,6
GATCAAGAGCTATTGA,13.56706714630127,5.549935340881348,1
GATCACTAGCTGCACA,14.884106636047363,0.716192901134491,0
GATCAGGCACCTCGCT,14.025202751159668,1.4479838609695435,0
GATCAGGCAGCTCAAC,13.446815490722656,4.625866889953613,7
GATCAGGCAGGCATGA,8.3069486618042,6.786937236785889,8
GATCAGGCAGGGAGCT,-0.9053970575332642,6.033749103546143,4
GATCAGTTCCCTCTAA,13.165884017944336,5.076345443725586,1
GATCCGTCAAGCTAAA,15.60571575164795,0.3418358862400055,0
GATCCGTCACCAGGTT,6.801390647888184,-1.6045506000518799,6
GATCCGTCAGTAAAGC,-1.9830421209335327,6.097725868225098,5
GATCCGTCATAGCGGA,6.624200820922852,4.409324645996094,9
GATCGAGCAAGACTCC,8.533836364746094,6.634780406951904,8
GATCGAGCAATAGCCC,13.424121856689453,4.316263198852539,7
GATCGAGCACGCAACT,13.133331298828125,3.9563541412353516,2
GATCGAGCAGTAAAGC,14.136148452758789,6.528170108795166,1
GATCGCTCAACAGGAT,-2.12453293800354,6.035902976989746,5
GATCGCTCAATTAGCT,14.525501251220703,1.428084135055542,0
GATGAGGGTTGACTTC,8.141298294067383,-1.5933730602264404,6
GATGCAGCACCTGCCT,10.293205261230469,1.3956845998764038,3
GATGCAGCATAGCAGG,14.387438774108887,0.17645849287509918,0
GATGCAGCATGAATCT,13.709269523620605,6.570611953735352,1
GATGCATTCCGCAACA,15.7720365524292,0.28545254468917847,0
GATGCATTCCTTCAAT,14.772220611572266,2.120556354522705,0
GATGCATTCGGGATTT,14.448226928710938,0.12626387178897858,0
GATGCGACAACATAAG,12.048771858215332,4.270359516143799,2
GATGCGACAGAGGGAG,12.081360816955566,5.077059268951416,2
GATGCTTAGAACAAGT,0.138588547706604,5.846168041229248,4
GATGCTTAGGCTACTG,12.474660873413086,4.126828193664551,2
GATGGACAGATTCCTT,11.58077335357666,4.957118988037109,2
GATGGACAGCCACATG,9.950907707214355,0.9222411513328552,3
GATGGACAGCTAAAGG,15.887089729309082,0.12685103714466095,0
GATGGACAGGCTGGCT,15.352741241455078,0.5944243669509888,0
GATGGACAGTCTTGAA,6.6123576164245605,4.415346145629883,9
GATGGCTGTCAGGAAG,0.25385159254074097,5.737342357635498,4
GATTAAGCAATATAGG,15.884811401367188,1.4672085046768188,0
GATTAAGCATGCTATG,10.95398998260498,4.773557186126709,2
GATTAAGCATTGACAT,10.453448295593262,1.4269397258758545,3
GATTACGGTCAGGCCA,8.008217811584473,-1.5497678518295288,6
GATTACGGTTTGCGCC,12.44620418548584,4.61852502822876,2
GATTACTCACTAGCGT,10.524332046508789,1.5074228048324585,3
GATTAGCTCCAAGTTA,15.574557304382324,1.0390111207962036,0
GATTATGTCCAAACAC,-2.641136884689331,6.004291534423828,5
GATTATGTCCCTGGAA,6.99050235748291,-1.0793980360031128,6
GATTATGTCCTTGAGG,15.82441520690918,1.098374366760254,0
GATTCAATCTTGGACG,9.971817970275879,0.8487920761108398,3
GATTCATCACGAATCC,9.519530296325684,0.8108538389205933,3
GATTCATCATGGTTAT,12.185853004455566,4.868249416351318,2
GATTCCTGTTAACACG,9.523703575134277,1.2038007974624634,3
GATTCCTGTTGGCGTG,14.294182777404785,5.366293430328369,7
GATTCGCCACAGAACG,15.587759971618652,0.7255435585975647,0
GATTCGCCAGAACCGA,9.447137832641602,1.0380407571792603,3
GATTGCAGTTCAAGCA,12.636679649353027,5.849529266357422,1
GATTGCAGTTGGCGTG,14.653728485107422,1.5384647846221924,0
GATTGCAGTTTGTCTA,10.23687744140625,1.3208013772964478,3
GATTGGCGTCATCATC,-2.4977567195892334,5.833680629730225,5
GATTGGTTCATGGCCA,12.88584041595459,4.7923994064331055,1
GATTGGTTCGATAACC,-2.3332362174987793,5.916310787200928,5
GATTGGTTCTGTGCAG,-2.6491165161132812,5.994187831878662,5
GATTGTTCAATGAAGC,0.16362909972667694,5.013647079467773,4
GATTGTTCAGGTATTT,15.710625648498535,0.5485406517982483,0
GATTTGCAGTGAGGGT,15.390118598937988,0.5716561675071716,0
GCAAACAAGCGTGCAC,13.626172065734863,0.5155616402626038,10
GCAAACAAGCTAATCA,15.955036163330078,0.6579418778419495,0
GCAAACAAGGGACCTC,14.609787940979004,1.194521188735962,0
GCAAACCGTCCACAAA,12.050856590270996,3.8606679439544678,2
GCAAACTTCATGCTTT,14.260557174682617,1.4700547456741333,0
GCAAACTTCGTTACTT,13.839348793029785,6.638383865356445,1
GCAACAGCAAGACTCC,-2.7554752826690674,5.680689811706543,5
GCAAGTCGTTGCGCGA,10.328372955322266,1.406578779220581,3
GCAAGTCGTTGTCCAT,13.533697128295898,1.4384794235229492,11
GCAAGTGCACTCGCTC,12.786049842834473,4.024104118347168,2
GCAAGTGCATGCTATG,-0.387685090303421,6.308855056762695,4
GCAATAGAGCTGTCAG,12.574784278869629,4.314977169036865,2
GCAATATGTCCTAATC,-3.7363579273223877,5.85038423538208,5
GCAATATGTTAATGAC,14.211105346679688,5.117704391479492,7
GCAATCTAGCATCCAG,13.027761459350586,6.190090179443359,1
GCAATCTAGGCGAATA,6.608231544494629,4.419546604156494,9
GCAATCTAGTTTGGGT,9.549517631530762,0.9225597977638245,3
GCAATGAAGATTGAGG,-1.0028622150421143,5.46087646484375,4
GCAATGAAGGAGTCTT,15.948229789733887,1.5127862691879272,0
GCAATGTTCCACCTTA,12.722406387329102,3.939859390258789,2
GCACATTAGGAACACA,12.380108833312988,4.637522220611572,2
GCACATTAGTAAGGGC,-0.3482174277305603,6.146780490875244,4
GCACGCTAGGCGTAAA,8.886184692382812,6.089961051940918,8
GCACGGTTCAACAAGG,9.813157081604004,0.96583491563797,3
GCACGGTTCATGTCAA,12.676019668579102,3.834047317504883,2
GCACGGTTCCGCATGA,0.29017624258995056,5.645471096038818,4
GCACTAAGTTAACGAT,-2.2177188396453857,5.1594343185424805,5
GCACTTACAGTAAGTA,-3.8798723220825195,5.901052474975586,5
GCACTTACATAATCGT,10.155994415283203,1.2200489044189453,3
GCACTTACATAGACCC,12.504708290100098,4.63731050491333,2
GCACTTACATCTTGAG,12.08824348449707,4.574832916259766,2
GCAGCAACACAGGGAC,11.818078994750977,4.41935396194458,2
GCAGCAACACATAGCC,11.818498611450195,3.649437427520752,2
GCAGCAACACCTAAGC,8.611539840698242,6.58385705947876,8
GCAGCCAGTAGGTGTC,12.123702049255371,4.376526355743408,2
GCAGCTATCCGCAAGC,-3.61476469039917,5.965972900390625,5
GCAGGACCAATTGAAG,-3.635342836380005,5.7766032218933105,5
GCAGGATAGACTATTG,9.51744270324707,0.8252807259559631,3
GCAGGTGAGGGACGCA,6.8588433265686035,-1.8428233861923218,6
GCATATATCCTCCTAA,10.689538955688477,4.760424613952637,2
GCATATATCTTAGTGA,-3.5127105712890625,5.729648590087891,5
GCATCCTTCAACAAGG,12.63446044921875,4.262631416320801,2
GCATCCTTCCCAGTAG,8.187796592712402,-1.5012593269348145,6
GCATCCTTCGCTTCTA,6.6511921882629395,4.40230131149292,9
GCATCCTTCGTAACGT,10.741494178771973,4.669393062591553,2
GCATGAAAGCTTATGA,12.361024856567383,5.315347671508789,1
GCATGAAAGGCGGATG,12.462350845336914,5.303277969360352,1
GCATGAAAGGGATGAC,-3.31956148147583,6.085554122924805,5
GCATGAGCAGCACGTT,13.076882362365723,4.167152404785156,2
GCATGAGCAGGTTACC,10.226325035095215,1.2984870672225952,3
GCATTAGGTGGGTGAA,12.163382530212402,4.5401835441589355,2
GCATTGCCAGCACCAT,14.108424186706543,5.660489559173584,1
GCATTGCCAGGCGATA,14.288435935974121,-0.02816283144056797,0
GCCAACATCAATGTCA,14.267358779907227,5.1181206703186035,7
GCCAACATCTTGTCTG,-0.3744705021381378,5.8730974197387695,4
GCCAATAGTAATAGCT,12.697836875915527,4.978839874267578,1
GCCAATTAGCTAATTG,10.873309135437012,4.74221658706665,2
GCCAATTAGGAGGCAT,8.17771053314209,6.858189582824707,8
GCCACAATCAAGTGAG,12.226252555847168,5.148519992828369,1
GCCACAATCCTTCAAT,14.795369148254395,2.067211627960205,0
GCCACTAAGCACAGCC,13.409210205078125,0.37040427327156067,10
GCCAGGAAGGATTGCT,0.1035364642739296,5.416925430297852,4
GCCAGGTTCATTCATC,15.240962982177734,0.5052045583724976,0
GCCAGGTTCCTAATAG,15.411028861999512,0.6034258604049683,0
GCCAGGTTCGCCTAAG,0.4194674789905548,5.564787864685059,4
GCCATGATCAGGTTTA,7.906854152679443,-1.5381298065185547,6
GCCATTACATCAATCG,9.716015815734863,1.2477282285690308,3
GCCCAAATCATGGCCA,15.402275085449219,0.4015713334083557,0
GCCCGTTGTTACCGGG,13.570380210876465,4.2092366218566895,7
GCCCGTTGTTAGACCA,15.167057991027832,0.9019114375114441,0
GCCCTCATCCCAGTAG,-0.4303378164768219,5.4741106033325195,4
GCCTAATAGGCAATAG,13.41826343536377,5.828794956207275,1
GCCTAATAGTAAAGGT,15.873725891113281,1.320783019065857,0
GCCTAATAGTGTGATC,15.187342643737793,0.7910745739936829,0
GCCTACTTCTAACTGA,-0.6610777974128723,5.084921836853027,4
GCCTACTTCTAATCCT,7.094756603240967,-1.0904645919799805,6
GCCTATTGTAATCGCA,15.243998527526855,0.3294939398765564,0
GCCTATTGTCTAACAG,9.681312561035156,0.6176869869232178,3
GCCTATTGTGAAGCCT,13.54159927368164,4.5268940925598145,7
GCCTCAAAGCCTGGTA,10.990503311157227,1.062496542930603,0
GCCTCGACAGCAGGTA,14.191078186035156,-0.0006866828771308064,0
GCCTCGACAGCTTAGC,13.163521766662598,6.02790641784668,1
GCCTGACAGCCTGGTA,6.689950942993164,-1.725032925605774,6
GCCTGACAGGCAAGTA,15.979727745056152,1.5075287818908691,0
GCCTGCTGTAATCACG,-0.48705193400382996,6.217024326324463,4
GCCTGCTGTTAATGCG,12.402835845947266,5.746227741241455,1
GCCTGTGCAGCCAGTT,15.613116264343262,0.30984851717948914,0
GCCTGTGCAGTAGGTG,-2.8830344676971436,6.240845203399658,5
GCCTTAACAACCGCCA,-3.801856279373169,5.992815971374512,5
GCCTTAACACCTGTAA,13.068257331848145,1.0778881311416626,9
GCCTTAACAGGCTAAG,10.242095947265625,1.182641863822937,3
GCCTTAACATTGTGTG,15.63980770111084,0.4560779631137848,0
GCCTTACTCTAGCTTT,-2.012075901031494,6.037653923034668,5
GCCTTAGAGATTGAGG,14.811752319335938,1.2296535968780518,0
GCCTTAGAGTCAGGCC,12.290801048278809,5.040581226348877,2
GCCTTGCGTCATTGTC,13.31573486328125,6.511258602142334,1
GCCTTGCGTGATCCTT,9.950403213500977,1.6329522132873535,3
GCCTTTATCCTTCTAG,15.630290031433105,0.08101779967546463,0
GCCTTTATCTTGCTAT,8.40927791595459,6.568357944488525,8
GCGAAGCCAAGGTCCT,-2.619424819946289,6.316175937652588,5
GCGAAGCCATTATGGT,-1.974722981452942,6.114696025848389,5
GCGAAGTAGCCTAATA,-3.5419270992279053,5.986058235168457,5
GCGAAGTAGGCTGTCA,-1.7518521547317505,6.013487815856934,5
GCGAGTGAGCATTTCT,10.632416725158691,1.3851488828659058,3
GCGAGTGAGGATTGAG,12.151747703552246,4.801779270172119,2
GCGATATTCGGCTATG,-1.120577096939087,6.075159549713135,4
GCGATATTCTAATCAG,15.851494789123535,1.1280879974365234,0
GCGATTAGTCTTTATG,-0.34503933787345886,5.842077732086182,4
GCGATTAGTGACCTGG,14.163117408752441,0.3115576207637787,0
GCGATTAGTTACAAAC,-0.24496811628341675,6.058838367462158,4
GCGATTTAGAACCTGT,8.174318313598633,6.866398334503174,8
GCGATTTAGCATTAGC,-0.5439266562461853,5.534167766571045,4
GCGCAATGTCCGGTTC,9.516103744506836,1.0371052026748657,3
GCGCAATGTCGACTCC,0.27210357785224915,5.472200393676758,4
GCGCAATGTTAGTGAT,14.567026138305664,2.318838119506836,0
GCGCCTTGTCATCCTG,10.409207344055176,1.3147292137145996,3
GCGCCTTGTCATTAGG,13.245962142944336,6.748536109924316,1
GCGCCTTGTCCTTTAA,9.529426574707031,0.7233190536499023,3
GCGCGATTCATTGTTC,6.810601234436035,-1.797128438949585,6
GCGCTAGGTGTAATAC,15.462785720825195,1.1116411685943604,0
GCGCTTAAGGCCATCA,11.93189811706543,5.065075397491455,2
GCGCTTAAGGGCTAAA,15.773625373840332,0.44457992911338806,0
GCGCTTGCACAACAAA,8.194252967834473,6.867166042327881,8
GCGGATACAAGCTTAT,14.10051155090332,6.724699020385742,1
GCGGATACATTTAAGC,9.797124862670898,1.16715669631958,3
GCGGTTATCAATCATG,15.814448356628418,0.3540617823600769,0
GCGGTTATCCCTCACG,6.912012100219727,-1.5870250463485718,6
GCGGTTATCTTGGATA,-3.3209571838378906,6.004793643951416,5
GCGGTTGGTAGCCATA,10.383207321166992,1.8473345041275024,3
GCGGTTGGTAGCTAGC,9.60614013671875,0.6973584294319153,3
GCGGTTGGTGATGATT,13.58012866973877,1.465071201324463,11
GCGTGCTAGGTGAGAC,7.346561431884766,-1.3734745979309082,6
GCGTTTCTCAAGTGAG,6.978610992431641,-1.1889909505844116,6
GCTAACAGTACCGTAA,13.327967643737793,4.913624286651611,7
GCTAACAGTCATAACG,-0.16695532202720642,6.080684185028076,4
GCTAACAGTGGACATC,-1.2545055150985718,6.162511825561523,4
GCTAACAGTGTCACGG,12.613797187805176,5.381298542022705,1
GCTAACAGTTGGATAT,-3.469768524169922,5.952028751373291,5
GCTAACCCAATAGTCT,15.090237617492676,0.23346170783042908,0
GCTAACCCAGCTAACC,12.935486793518066,4.7887983322143555,1
GCTAACCCAGCTTAGC,-1.5139892101287842,5.590871810913086,5
GCTAACCCATTGTGGC,11.94606876373291,4.075841903686523,2
GCTAAGAAGCTAAAGG,13.506263732910156,1.5055583715438843,11
GCTAAGAAGTATTGTG,8.825239181518555,6.109774112701416,8
GCTAAGCGTCCTAACT,15.639742851257324,0.6532548069953918,0
GCTAAGTTCTTGCAGG,16.069622039794922,1.3705943822860718,0
GCTAATATCATTCATC,-0.8119783401489258,6.001865863800049,4
GCTAGCCAGAGAGCCG,8.720346450805664,6.176307678222656,8
GCTAGCCAGCGCAATT,12.631422996520996,6.204209804534912,1
GCTAGCCAGTAGCCAT,-1.1426090002059937,5.607138633728027,4
GCTAGCGGTCATGAGC,10.203791618347168,1.0181884765625,3
GCTAGCTCATGGCCTG,7.866703510284424,-1.5971418619155884,6
GCTAGCTCATTGACAT,12.884891510009766,4.8231916427612305,1
GCTATAGGTATACTGG,8.638578414916992,6.588954925537109,8
GCTATTGCAAACCTAT,12.557843208312988,5.640838623046875,1
GCTATTGCACAGGGAC,12.62862777709961,3.8351285457611084,2
GCTATTGCATGAAGTA,-2.716609239578247,6.05404806137085,5
GCTCAACCACATTGCA,12.303739547729492,5.966207981109619,1
GCTCAACCACCCACCT,11.456929206848145,4.5839924812316895,2
GCTCAACCACGTGCTG,15.939029693603516,1.480900526046753,0
GCTCAACCATAGACTT,12.518235206604004,4.612569808959961,2
GCTCAACCATATTGAC,-0.5023268461227417,5.254843235015869,4
GCTCACAAGCCACAAT,14.069829940795898,6.658957004547119,1
GCTCACAAGTCACGAT,0.15010963380336761,5.858069896697998,4
GCTCATTGTAAGCTCA,6.614717960357666,4.411130905151367,9
GCTCATTGTATTTGCC,6.956735610961914,-1.2561850547790527,6
GCTCATTGTCCTAATC,-3.1900432109832764,6.260238170623779,5
GCTCATTGTCTAACAG,13.685009956359863,4.556524276733398,7
GCTCATTGTCTTACTA,13.112546920776367,6.156501293182373,1
GCTCATTGTGTCCTGC,13.135802268981934,5.182255744934082,1
GCTCCTTAGGTACCGC,10.381189346313477,1.2449251413345337,3
GCTCCTTAGTAGCTTA,10.288996696472168,1.470995545387268,3
GCTCGATCAATCGCAC,15.218571662902832,0.562126100063324,0
GCTCGATCATCTAGCA,13.519889831542969,6.87332820892334,1
GCTCTGGCAATTAACC,6.719472408294678,-1.7012320756912231,6
GCTCTGGCAGCATGGA,7.981844902038574,-1.5470917224884033,6
GCTCTGGCAGGCCTTG,13.560564041137695,6.831465244293213,1
GCTCTGGCATAATTGC,14.528801918029785,1.2778834104537964,0
GCTCTGGCATGAATAG,13.015495300292969,5.028682231903076,1
GCTCTGTTCAAGCTAC,9.743197441101074,0.9406805038452148,3
GCTCTGTTCCGGTTGA,0.20377802848815918,5.831244468688965,4
GCTCTGTTCCGTGACA,12.71730899810791,6.177974224090576,1
GCTGACATCATGTGGT,15.737325668334961,1.5909242630004883,0
GCTGACCAGCTAAGTC,0.5378963947296143,5.479743003845215,4
GCTGACCAGTTCCCGT,15.787510871887207,0.12078789621591568,0
GCTGAGGAGCCGCAGT,12.845983505249023,5.687899589538574,1
GCTGAGGAGCTGTAAC,13.185911178588867,5.94737434387207,1
GCTGATCCAAAGGCCA,14.429547309875488,1.1553053855895996,0
GCTGATCCAAGGTGGC,12.375670433044434,5.506552696228027,1
GCTGATCCAATTGACT,-0.8945489525794983,6.087718486785889,4
GCTGCACAGCTCAATA,8.434720039367676,6.708253383636475,8
GCTGCACAGGCTCATG,12.312601089477539,5.2277512550354,1
GCTGCATCAATAGCCC,8.475403785705566,6.541261196136475,8
GCTGCATCAATGAAGC,15.330474853515625,0.5498080849647522,0
GCTGCATCAGGCTTGT,6.706014156341553,-1.6771459579467773,6
GCTGGATGTGGCTTCC,9.806892395019531,0.9602963328361511,3
GCTGTAAGTATTGGTG,-0.4037766754627228,6.331587791442871,4
GCTGTAAGTGGACCTG,13.12048625946045,6.333891868591309,1
GCTGTACCACACTAAT,12.330403327941895,3.6159422397613525,2
GCTGTACCATTCCTCG,-3.812835931777954,5.994657516479492,5
GCTGTGCAGCATGTTA,6.594426155090332,4.405636787414551,9
GCTTAAATCCGGGACT,15.605301856994629,0.3176911175251007,0
GCTTAACAGTCATTGA,-3.8879523277282715,5.901799201965332,5
GCTTACCTCATAACCA,15.250121116638184,0.20437701046466827,0
GCTTACCTCGTTTCGC,9.95466136932373,1.3550995588302612,3
GCTTACCTCTATTGTC,10.550652503967285,1.6397905349731445,3
GCTTACCTCTTTGACT,15.509674072265625,1.5994277000427246,0
GCTTAGTAGGCTATGT,13.82156753540039,6.145455837249756,1
GCTTAGTAGGGTGGAT,10.299817085266113,1.8554396629333496,3
GCTTATCGTACCCACC,-1.0139364004135132,5.515540599822998,4
GCTTATCGTGATTTGG,15.72883415222168,1.1793686151504517,0
GCTTATCGTTGCCTCA,13.543503761291504,6.889430522918701,1
GCTTCGCGTAACAGGG,14.085323333740234,4.604116916656494,7
GCTTCGCGTCTAACCT,6.638765335083008,-1.7841390371322632,6
GCTTGACCATCGTTCT,12.623278617858887,4.51439094543457,2
GCTTGTTGTAGCTAGC,-1.612248420715332,6.078197002410889,4
GCTTGTTGTGGAGCAA,-2.339695930480957,5.7514495849609375,5
GCTTTACGTTCCTGAT,13.22221565246582,4.91417932510376,7
GCTTTCATCATTGCGG,-0.875078558921814,6.120838642120361,4
GCTTTCATCTAATTGG,12.173203468322754,3.9357011318206787,2
GCTTTCATCTCACTCA,15.815899848937988,0.29625317454338074,0
GGAACCACACCCTCAC,11.433483123779297,4.71335506439209,2
GGAACCACACTAAGTT,-1.0112593173980713,5.626194000244141,4
GGAACCTGTAATTAGC,-3.4569098949432373,5.834941387176514,5
GGAACGGTCCTAAGGT,10.201956748962402,1.6585946083068848,3
GGAACGGTCCTTAATC,12.543209075927734,6.181119918823242,1
GGAACGGTCGAGGAGT,11.13501262664795,2.7073140144348145,12
GGAACTAAGAACCTGT,15.33662223815918,0.16794753074645996,0
GGAACTAAGGTTTGAC,11.117167472839355,2.6947669982910156,12
GGAAGTATCTGTTGCC,10.723712921142578,1.7882452011108398,3
GGAATCTTCACCTGTC,10.648447036743164,4.712423801422119,2
GGAATCTTCAGGATGA,15.771479606628418,0.19444486498832703,0
GGAATCTTCCTAATTC,-1.7451882362365723,6.224587440490723,5
GGACAGCCAATTAACC,10.027909278869629,1.499253749847412,3
GGACATAAGAATCTCA,12.452010154724121,4.440921306610107,2
GGACCGAAGGACTAAG,10.558445930480957,1.6425807476043701,3
GGACCTCAGTCACGAT,-2.401493787765503,5.575329303741455,5
GGACCTCAGTTAGTTG,15.73184585571289,1.366199016571045,0
GGACCTCAGTTTGCGG,6.853297233581543,-1.5595672130584717,6
GGACGAAGTCAAGTGC,10.355813026428223,1.3682972192764282,3
GGAGCAAGTGTTGTAG,7.985418796539307,-1.527099609375,6
GGAGCATAGCGCATTG,10.638097763061523,1.147283911705017,3
GGAGCATAGGCTGGCT,-2.354280948638916,6.433903217315674,5
GGAGGTTAGCTTACTT,-2.975680112838745,6.419218063354492,5
GGAGTGAGTTAGCATG,-3.1712112426757812,6.199462890625,5
GGAGTGAGTTGAAGCC,14.187402725219727,0.04168602451682091,0
GGATAACCACCTGCCT,12.523900985717773,4.212240695953369,2
GGATAACCAGAGAGCC,14.553400039672852,0.843569278717041,0
GGATAACCAGGCGAGT,-2.8805654048919678,6.325439453125,5
GGATAACCATTATGCG,-2.8591222763061523,6.237594127655029,5
GGATACTTCAATACGC,-0.14850181341171265,5.6226959228515625,4
GGATACTTCGAAGTGA,13.450127601623535,4.35103178024292,7
GGATACTTCTGGCTTC,0.20913498103618622,5.725859642028809,4
GGATACTTCTGTGAGT,10.48511791229248,1.6861015558242798,3
GGATATTGTTAACAGT,6.803226947784424,-1.7976852655410767,6
GGATGAATCAATTGGC,9.90195083618164,1.699979543685913,3
GGATGAATCATTAGGC,8.558870315551758,6.590997219085693,8
GGATGAATCGTTAGCG,12.553279876708984,5.405174255371094,1
GGATGGCCAAGGTGCA,11.197559356689453,4.796982288360596,2
GGATGGCCACAAACTT,10.011272430419922,0.9383981823921204,3
GGATGGCCATTAGGTT,12.311667442321777,4.819820404052734,2
GGATGGCCATTATGGT,-3.484103202819824,5.925992012023926,5
GGATTATGTAGTCAAT,10.46462631225586,1.4615752696990967,3
GGATTATGTTAAGCGC,15.453522682189941,1.6865885257720947,0
GGATTCAGTAACCAGC,8.122222900390625,6.86043643951416,8
GGATTCAGTCAAAGAA,13.387808799743652,0.3868890702724457,10
GGATTCAGTCCCGAAG,12.918456077575684,5.357663631439209,1
GGATTCAGTGCCTCAC,15.815605163574219,0.22079329192638397,0
GGATTCAGTTCGGGAT,14.908244132995605,0.1559850126504898,0
GGATTGCGTCAATACG,14.110502243041992,6.656849384307861,1
GGATTGCGTCAATGTG,-1.5983200073242188,5.832401275634766,5
GGATTGCGTTACCTGT,-3.053128242492676,5.851895332336426,5
GGCAAATCAACTGGGA,-2.45599102973938,5.932188034057617,5
GGCAAATCAGCAAGGC,6.824556827545166,-1.8371082544326782,6
GGCAAATCATTGCGGT,10.512024879455566,1.4913914203643799,3
GGCAAGCCATAGCAGG,0.5741693377494812,5.716444969177246,4
GGCAATCGTGAGACTC,8.239144325256348,6.846841335296631,8
GGCAGGATCACCTGTC,14.2322416305542,2.128748893737793,0
GGCATGGAGGCAATAG,9.665346145629883,0.7678653001785278,3
GGCATGGAGGTAAGGC,9.716259956359863,0.9248212575912476,3
GGCATGGAGGTCATTA,11.990171432495117,4.414496421813965,2
GGCATTAGTAGGTGTC,11.108494758605957,2.704167127609253,12
GGCATTAGTGGTTATG,12.588831901550293,5.040907382965088,1
GGCATTAGTTAATGAC,13.509503364562988,0.39424365758895874,10
GGCATTGTCCTCACAC,12.700624465942383,4.529891014099121,2
GGCATTGTCGGCTAGC,-1.3136519193649292,6.1483659744262695,4
GGCATTGTCTCACTCA,12.651551246643066,5.315103054046631,1
GGCCAGTTCGCAATCG,-1.5239442586898804,5.992136478424072,4
GGCCAGTTCTGGCATG,-3.8802080154418945,5.966347694396973,5
GGCCAGTTCTTGTCCA,15.87806510925293,0.4329836368560791,0
GGCCTAATCACAAGCT,0.05265955999493599,5.082533359527588,4
GGCCTAATCACCATTT,0.19028443098068237,5.884777545928955,4
GGCCTAATCCTAATGA,9.706008911132812,0.669047474861145,3
GGCCTCTGTATTTGGG,-3.1350936889648438,5.73224401473999,5
GGCCTCTGTTTAACGG,11.712846755981445,4.8706231117248535,2
GGCCTTAAGAATCTCA,14.289688110351562,5.382873058319092,7
GGCCTTCGTTACCGGG,12.465785026550293,4.386959552764893,2
GGCGATACAATAATCC,6.621607780456543,-1.8008062839508057,6
GGCGCTAGTCAGGAAG,0.10926397144794464,5.454496383666992,4
GGCGCTAGTTAGTGAT,13.804308891296387,1.5193172693252563,11
GGCGGTAAGCATGCAT,14.220417022705078,5.312124729156494,7
GGCGGTAAGCCGCTTT,-2.6852376461029053,6.224854946136475,5
GGCGGTTTCAACCAAC,11.928142547607422,4.960297107696533,2
GGCGGTTTCATGGCTG,15.443885803222656,0.6367772817611694,0
GGCGGTTTCGCTCACT,12.72439956665039,4.208014965057373,2
GGCGTTATCCCTCACG,15.502017974853516,0.7352234125137329,0
GGCGTTATCTAGCGTG,-2.429858922958374,5.826249599456787,5
GGCTAGACAACTGGCT,15.552253723144531,0.2082129418849945,0
GGCTAGACAATGCCTA,8.501238822937012,6.678685665130615,8
GGCTAGACAGCTACGT,7.189993381500244,-1.065799355506897,6
GGCTAGTGTACCCACC,14.128951072692871,1.879135251045227,0
GGCTATGTCAAGCCTG,10.457430839538574,1.712817668914795,3
GGCTCAATCAGGAAGC,-0.23302139341831207,5.498091697692871,4
GGCTCAATCCGGTTAG,11.431024551391602,4.977695941925049,2
GGCTCAATCCTTCAAT,15.919515609741211,0.34232500195503235,0
GGCTCAATCTCTAGCC,6.695318222045898,-1.708221197128296,6
GGCTGAGAGGTGAGAC,-2.5365755558013916,5.817658424377441,5
GGCTGGTTCTAAGGTC,11.81665325164795,4.7524261474609375,2
GGCTGTCAGCCGGTAC,0.09192228317260742,5.695349216461182,4
GGCTTAAGTAACCTAG,8.845993995666504,6.127758979797363,8
GGCTTAAGTAATAGCT,13.886649131774902,6.967348098754883,1
GGCTTAAGTTAGCAGC,-2.437696695327759,5.8814191818237305,5
GGCTTCAAGGCATGTT,13.850897789001465,1.5447814464569092,0
GGCTTCAAGGTCCACA,13.239093780517578,6.742709159851074,1
GGGAATATCACCGGTA,12.36867904663086,5.522922992706299,1
GGGAATATCCGCATGA,11.161816596984863,4.543290615081787,2
GGGAATATCGCATTAA,-1.4087778329849243,6.0427680015563965,4
GGGAATATCTCGACCT,14.696139335632324,1.237660527229309,0
GGGAGTAGTATACTGG,11.968902587890625,5.346695899963379,1
GGGAGTAGTGGGAACA,11.399822235107422,4.926290512084961,2
GGGATAATCGCACAAT,13.40689468383789,1.4506853818893433,11
GGGCAATAGAAACTGG,12.79316234588623,5.485108375549316,1
GGGCATTGTGCTAGAC,14.788067817687988,2.0840697288513184,0
GGGCATTGTTTAGTCC,13.494401931762695,4.490725994110107,7
GGGCCTAGTACTTCAC,-1.0645313262939453,5.541991233825684,4
GGGCCTAGTCTTGCTG,11.765254020690918,4.298184394836426,2
GGGCCTAGTTGTTGCT,12.446043014526367,5.141654014587402,1
GGGCGAATCGTGCTAG,11.983102798461914,5.661797046661377,1
GGGCTAACAATAGTCT,-0.969657838344574,6.108536243438721,4
GGGTATTTCAGTTCCC,14.327231407165527,1.6686835289001465,0
GGGTATTTCGCTCACT,9.6030855178833,1.255357265472412,3
GGGTCAACACATGCTA,0.7324604392051697,5.589727878570557,4
GGGTCAACATATAACC,9.433438301086426,1.0267467498779297,3
GGGTCACTCATCCACC,10.284751892089844,1.9758117198944092,3
GGGTGAAGTTAGCCAA,12.753591537475586,5.541273593902588,1
GGGTGTTGTAGTCAAT,12.230574607849121,5.285209655761719,1
GGGTTACGTCTTTGAC,14.70035171508789,0.10320030897855759,0
GGGTTATTCATAGCCG,-2.0007617473602295,6.063226222991943,5
GGGTTATTCGGCTAGC,-0.2751539945602417,5.4839019775390625,4
GGGTTATTCGGTCATG,15.487476348876953,0.4707162082195282,0
GGTAAACCAAACTCAT,7.041172981262207,-1.064832329750061,6
GGTAAACCAAGTGTCC,8.699792861938477,6.217434406280518,8
GGTAACCGTAAGGTCC,10.783476829528809,4.317201137542725,2
GGTAACCGTACAAAGA,9.399836540222168,0.9079563617706299,3
GGTAACCGTGTAACCA,15.775893211364746,0.38039010763168335,0
GGTAACCGTGTGCAAC,9.890188217163086,1.0918864011764526,3
GGTAACTTCCAAGTGT,-0.23459875583648682,5.7582688331604,4
GGTAAGGGTAACCAGC,10.05284309387207,1.9173074960708618,3
GGTAATTGTAACGGGA,15.262855529785156,0.7398264408111572,0
GGTAATTGTTTGTTGC,15.81623649597168,1.6146984100341797,0
GGTACAAAGAAAGGAA,-3.8518967628479004,5.98710298538208,5
GGTACAAAGATAAAGC,-2.773256540298462,5.989867210388184,5
GGTACAAAGTTTCCTG,15.636764526367188,0.28223109245300293,0
GGTACCGGTGGATTAT,8.628796577453613,6.495476245880127,8
GGTACTTAGTTACTTC,11.461748123168945,5.254386901855469,2
GGTACTTAGTTTCCGC,15.306217193603516,0.44196295738220215,0
GGTAGGAGTCATAACG,12.065018653869629,4.504049777984619,2
GGTAGGAGTCCTTTAA,9.827483177185059,0.9197481870651245,3
GGTAGGAGTGTTGCAA,-2.25823974609375,6.379151344299316,5
GGTAGGAGTTCGGTAA,12.223993301391602,5.099435329437256,2
GGTATGTTCCGGTATG,14.431817054748535,-0.05158904567360878,0
GGTATTGGTACGTTTC,-3.643956184387207,5.946242332458496,5
GGTATTGGTTGAGCCG,14.693703651428223,1.417536973953247,0
GGTATTGGTTGCACAA,6.611414909362793,4.406979560852051,9
GGTATTTCAGCCAGTT,13.954832077026367,6.176571846008301,1
GGTATTTCATAATGTC,-3.5922787189483643,5.741206645965576,5
GGTCAAGCAATATACC,12.161813735961914,3.6850061416625977,2
GGTCAAGCACCAGCAT,-1.255393624305725,6.147214889526367,4
GGTCAATTCCTTCTAG,13.893078804016113,6.582022190093994,1
GGTCAGGAGCCTAACG,13.411236763000488,4.579500198364258,7
GGTCAGGAGGCATTAC,15.620087623596191,0.8354953527450562,0
GGTCAGGAGTCTCACC,-2.5316920280456543,5.906671047210693,5
GGTCAGGAGTTATTCC,12.615534782409668,4.384152889251709,2
GGTCATTAGACTATTG,13.57901668548584,4.060967445373535,7
GGTCATTAGTTTGAGC,-2.9586689472198486,6.104782581329346,5
GGTCCATCACATTGCA,15.317734718322754,-0.2114373743534088,0
GGTCCGTAGGAGGACT,9.745331764221191,0.7585089802742004,3
GGTCCGTAGGTTACAC,-3.2933225631713867,5.598318099975586,5
GGTCGGTTCTACTAAG,-3.063077211380005,5.807242393493652,5
GGTCGGTTCTGTAATG,12.371816635131836,5.135168075561523,1
GGTCTTGAGAGGGACT,12.69704532623291,5.108559608459473,1
GGTCTTGAGGACTTAC,10.916434288024902,4.815944671630859,2
GGTCTTGAGGCAACAA,13.688511848449707,6.549580097198486,1
GGTCTTGAGGTCCTGA,13.915135383605957,2.1464943885803223,2
GGTCTTGAGTAGCCAT,12.242623329162598,4.455794334411621,2
GGTCTTTGTGCTCCGT,15.565014839172363,0.23190192878246307,0
GGTCTTTGTTGGCGTG,10.780048370361328,4.809101104736328,2
GGTGAGCCAAGCTAAA,13.104660987854004,6.403078556060791,1
GGTGAGGTCACTAAGC,-3.356358289718628,5.909782409667969,5
GGTGAGGTCATCGTTT,12.34163761138916,4.671960353851318,2
GGTGAGTAGCCTGAGC,15.501997947692871,0.44855478405952454,0
GGTGATTTCATTGCAA,10.606881141662598,1.5117465257644653,3
GGTGATTTCTTGACCC,10.342514038085938,1.2550097703933716,3
GGTGCTTCACCTACGG,15.470703125,0.6061235666275024,0
GGTGTCCAGCCAGTAT,-0.8213531374931335,5.849460601806641,4
GGTGTCCAGGTCGATT,13.837023735046387,7.0536980628967285,1
GGTGTGACAATATGGA,13.344027519226074,4.863369464874268,7
GGTGTGACACCACAAC,14.88420581817627,0.7668035626411438,0
GGTGTGACAGCTAACC,-2.715435743331909,5.984411716461182,5
GGTGTTGTCAATGAGG,12.388565063476562,4.057251453399658,2
GGTGTTGTCCCGTTAC,-0.670329213142395,5.301882743835449,4
GGTTACTAGCCGCAAC,6.66015100479126,-1.6994750499725342,6
GGTTACTAGTAATCCA,13.832717895507812,6.618375301361084,1
GGTTACTAGTAGCCAT,15.606842994689941,0.890253484249115,0
GGTTACTAGTTGTCTT,14.544384956359863,-0.03433897718787193,0
GGTTATATCATTCATC,11.30441665649414,4.786490440368652,2
GGTTCCCGTCGACTCC,14.32755184173584,1.292144536972046,0
GGTTCTTGTAACCACA,-3.558310031890869,6.2243266105651855,5
GGTTCTTGTCACACCC,13.419041633605957,6.776993274688721,1
GGTTCTTGTTTGGTTC,8.35545825958252,6.663597583770752,8
GGTTGACGTACTTCAC,6.752012252807617,-1.7625799179077148,6
GGTTGACGTATTGGTG,9.933115005493164,1.5375049114227295,3
GGTTGACGTCTAACAG,15.278584480285645,0.4858126640319824,0
GGTTGCATCTCTAGCC,9.884149551391602,0.9474366903305054,3
GGTTGCGGTGACCTGG,12.05077838897705,4.390594959259033,2
GGTTGCGGTGGAGCAA,14.412470817565918,1.2998270988464355,0
GGTTTAATCACAGCCA,-3.2624599933624268,6.058440208435059,5
GGTTTAATCCTGCGAA,14.725085258483887,2.1096222400665283,0
GGTTTCCTCTCAATGA,12.82986068725586,5.0415472984313965,1
GGTTTCCTCTGTGCCT,15.639084815979004,1.1158186197280884,0
GGTTTCTGTCCTAAGA,13.102497100830078,6.52480936050415,1
GGTTTCTGTTAATGAC,8.757305145263672,6.1692681312561035,8
GGTTTGTAGCAAGGGT,12.029887199401855,4.2301530838012695,2
GTAAGCAAGTAAGGGC,-1.0991432666778564,5.511466026306152,4
GTAAGCGCAATTTGGT,15.888313293457031,0.4279555082321167,0
GTAAGCTTCCAGGTCA,0.6530241966247559,5.534317970275879,4
GTAAGCTTCGGTCATG,8.155044555664062,-1.594778299331665,6
GTAAGGTCAAACCTTG,6.893121242523193,-1.3762110471725464,6
GTAAGGTCATCCCGCT,15.803683280944824,0.7525408267974854,0
GTACAATGTGCCGCAA,15.46776294708252,1.6091035604476929,0
GTACAATGTTGGTTAG,15.647799491882324,0.14046940207481384,0
GTACACCCAAGGTACG,11.030169486999512,4.777723789215088,2
GTACACCCACAGAACG,14.223740577697754,-0.026898806914687157,0
GTACCTTGTTAAGGTT,14.776208877563477,2.094318151473999,0
GTACCTTGTTGGCCGA,7.063910007476807,-1.1522701978683472,6
GTACGTAGTCCAAGAC,8.62456226348877,6.599515914916992,8
GTACTAGGTCAAAGAA,10.529387474060059,1.4498999118804932,3
GTACTAGGTTAAGGTT,12.700547218322754,5.578457355499268,1
GTACTGGTCATTAGTG,-2.6072275638580322,6.2397685050964355,5
GTACTGGTCCAAGTTA,0.536148190498352,5.89477014541626,4
GTACTGGTCCCTCAAC,6.706255912780762,-1.7190557718276978,6
GTACTGGTCCGGCTAA,13.827204704284668,6.984395980834961,1
GTACTTAAGACTTATG,15.53109073638916,0.5121644735336304,0
GTACTTAAGCTAGAAG,14.83791732788086,1.6101536750793457,0
GTACTTAAGTTAGACC,9.90771770477295,0.7450104355812073,3
GTACTTCGTCCGTGAG,11.905706405639648,4.103693962097168,2
GTAGCGCTCAGAAACG,-2.7973790168762207,6.339488983154297,5
GTAGCGCTCCGGTATG,12.547159194946289,5.405394554138184,1
GTAGCGCTCGATCAGT,14.877730369567871,0.34256649017333984,0
GTAGCTGTCATGAGCT,12.16340160369873,4.951196670532227,2
GTAGCTGTCGCATTAA,6.5964674949646,4.4264655113220215,9
GTAGGATCAACAGGAT,10.896354675292969,4.689371109008789,2
GTAGGATCAAGCTTTG,10.725900650024414,4.887882232666016,2
GTAGGTGCAATTAAGG,9.737398147583008,1.2720346450805664,3
GTAGTTATCCCGCATT,-0.24975226819515228,6.0865702629089355,4
GTAGTTATCCGCCTCA,13.270316123962402,4.43805456161499,7
GTAGTTATCGGGATTT,12.522180557250977,4.0673933029174805,2
GTAGTTTCAAACTCAT,-0.7066797614097595,5.240762710571289,4
GTAGTTTCAGCCTGCA,14.601300239562988,0.20866930484771729,0
GTATCGCCACTGACTA,14.047210693359375,0.9100319743156433,0
GTATCGCCAGAGAGCC,13.582849502563477,0.4468877911567688,10
GTATGTGGTAGGATCC,-2.481564998626709,5.7528510093688965,5
GTATGTGGTCAAAGAA,9.635252952575684,0.8972011804580688,3
GTATGTGGTTCCAGGG,11.736184120178223,3.5002596378326416,2
GTATTCAAGGACACTT,14.509185791015625,1.4640371799468994,0
GTATTGATCATTACAG,7.96071195602417,-1.3556848764419556,6
GTATTGATCGCTAGCA,13.469697952270508,0.45226386189460754,10
GTATTGCAGGTGCTGC,12.008283615112305,4.276113033294678,2
GTATTGTCAAAGGCCA,9.536166191101074,0.9204428195953369,3
GTATTGTCAGCAAGGC,13.663436889648438,6.506483554840088,1
GTATTGTCATTATGCG,6.756955623626709,-1.6755427122116089,6
GTCAGGCTCCAGGTCA,12.011870384216309,4.457192897796631,2
GTCAGGCTCCTAGTAA,-0.18872132897377014,5.980434417724609,4
GTCAGGCTCTCCATGC,11.783230781555176,3.2918877601623535,2
GTCATCACACTAAGTT,12.362713813781738,5.070236682891846,2
GTCATCACATTAAAGG,11.103103637695312,2.6784520149230957,12
GTCATGAGTATTGAGT,7.80457878112793,-1.509002923965454,6
GTCATGAGTTATGTGG,15.607625961303711,0.4344290792942047,0
GTCATGAGTTCACTGT,12.777755737304688,5.42067289352417,1
GTCATGCCAACCTAAT,12.226794242858887,3.5171988010406494,2
GTCATTAAGAGGATAT,14.51453971862793,0.12036516517400742,0
GTCATTAAGCTATTAG,15.813305854797363,0.1904754340648651,0
GTCATTAAGTGAGAGC,-2.464693307876587,6.0870256423950195,5
GTCATTAAGTTAGTGC,8.899554252624512,6.0744948387146,8
GTCCAAGTCAATTGGC,14.233765602111816,6.194553852081299,1
GTCCAAGTCACATTGA,10.817277908325195,4.890561580657959,2
GTCCAAGTCCAGGTTG,8.573836326599121,6.622718811035156,8
GTCCAAGTCTGTTGCC,7.0660905838012695,-1.1299164295196533,6
GTCCAGGGTCACACCC,11.813371658325195,3.324050188064575,2
GTCCAGGGTGCAATGC,12.701251029968262,5.433166027069092,1
GTCCAGGGTGCATTTC,13.36479377746582,6.856783866882324,1
GTCCAGGGTGTTTCAC,9.886680603027344,0.9677945971488953,3
GTCCATTGTATGGTGC,15.359548568725586,-0.01740783452987671,0
GTCCATTGTTGCTTCG,-0.8938828706741333,5.399919509887695,4
GTCCTAGAGGCGAATA,13.788762092590332,0.8792901635169983,10
GTCCTCAGTGATGATT,14.291837692260742,-0.09387726336717606,0
GTCCTCAGTGCTCCAC,12.674442291259766,6.112783432006836,1
GTCCTCCCACTGACTA,9.557707786560059,0.887840747833252,3
GTCCTCCCAGAGAGCC,-2.9041600227355957,5.82097053527832,5
GTCCTCCCAGCTTAAT,13.954084396362305,6.694133758544922,1
GTCGAAGCACCGGTAT,0.5547672510147095,5.438963413238525,4
GTCGAAGCACGAATCC,12.468354225158691,5.610577583312988,1
GTCGAAGCAGCAACCT,15.678238868713379,0.6618333458900452,0
GTCGAAGCATCGTTCT,15.241775512695312,0.6285512447357178,0
GTCGAAGCATTATGGT,-2.484924077987671,5.627418041229248,5
GTCGAGGAGCTGTAAC,12.840003967285156,4.313389301300049,2
GTCGCAATCACTTTAC,-2.915969133377075,6.009324073791504,5
GTCGGTTCAATAAGCA,15.911689758300781,0.8343868255615234,0
GTCGGTTCACAACAGG,-0.9082741141319275,5.790838718414307,4
GTCTAACAGTAGCGGG,15.072726249694824,1.1346732378005981,0
GTCTAACAGTATTGGC,12.483859062194824,4.67871618270874,2
GTCTAATCACCAGCAT,12.354104042053223,4.286715507507324,2
GTCTAGCCAAACGCGA,15.51833438873291,0.40680381655693054,0
GTCTATCGTAAAGCAA,13.818305015563965,7.01554536819458,1
GTCTATCGTATTTGCC,14.946779251098633,1.6355693340301514,0
GTCTATGCAATATAGG,15.12678337097168,0.3576771020889282,0
GTCTCACTCCTGTTCA,14.203551292419434,-0.033719610422849655,0
GTCTTGCTCCTGGTCT,13.19861125946045,4.197125434875488,7
GTCTTTAGTTAATGAC,0.11747132986783981,5.107476234436035,4
GTCTTTAGTTCAAGCA,11.372323036193848,4.716099262237549,2
GTCTTTAGTTGGGTTA,14.240864753723145,6.027797698974609,1
GTCTTTGTCCTGAGTG,12.765478134155273,5.297780990600586,1
GTGAACAAGGTTTGAC,15.932343482971191,1.4323129653930664,0
GTGAATCTCCTGATGG,6.8979620933532715,-1.2962110042572021,6
GTGAGCGAGTTCCCAC,8.394282341003418,-1.5895708799362183,6
GTGATCAGTGGGTACT,0.31491947174072266,5.915222644805908,4
GTGATGAAGTGTTGTA,13.906702041625977,6.71173620223999,1
GTGCAAGCACTTAACG,10.30632495880127,2.0143730640411377,3
GTGCAAGCATAGCAGG,15.345252990722656,-0.15357205271720886,0
GTGCAAGCATGCTTAG,7.847088813781738,-1.1820435523986816,6
GTGCACGGTAAAGCGG,15.084515571594238,0.7183929085731506,0
GTGCACGGTACTAAAC,-1.3116925954818726,5.781851768493652,4
GTGCACGGTCGCATAA,8.50700569152832,6.530335426330566,8
GTGCACGGTGCAATAT,12.25025749206543,4.418994903564453,2
GTGCATTAGTGAACCT,15.751740455627441,0.28035056591033936,0
GTGCCTTTCACCTGCT,8.344636917114258,6.625207901000977,8
GTGCGCAGTAAGGTCC,13.01591682434082,4.2464823722839355,7
GTGCGCAGTCAAACTG,14.062076568603516,6.110485076904297,1
GTGCGCAGTGTGTCCC,10.093143463134766,1.2583932876586914,3
GTGCGCAGTTAATGCG,6.8766279220581055,-1.3038513660430908,6
GTGCGGTTCGTGCTTC,14.972600936889648,0.6847437024116516,0
GTGCGGTTCTCCATGC,14.412972450256348,1.5726807117462158,0
GTGCTCCGTGGTTAGC,14.355788230895996,0.44128990173339844,0
GTGCTCCGTTAACACG,10.737309455871582,4.773758411407471,2
GTGCTGATCGGCCATA,14.25586223602295,-0.031335532665252686,0
GTGCTGATCGTGCTAG,9.841768264770508,1.5894670486450195,3
GTGCTGATCTAAATCG,15.7489595413208,1.1580862998962402,0
GTGCTGATCTAATCCT,15.849098205566406,0.3754991888999939,0
GTGCTGGGTAGGTGTC,14.189580917358398,-0.04505312070250511,0
GTGCTGGGTCACAGAC,6.875511169433594,-1.6020445823669434,6
GTGCTGGGTTGTCATC,-3.3911032676696777,6.000932216644287,5
GTGCTTACAAGTTATC,9.73853874206543,1.4283058643341064,3
GTGCTTACACAAGCCT,11.822197914123535,4.6494975090026855,2
GTGCTTACACCAGGTT,15.339049339294434,0.47831064462661743,0
GTGCTTACAGCAAATA,12.31434154510498,4.285709857940674,2
GTGCTTACAGTTTGGC,13.647933006286621,4.463470935821533,7
GTGCTTACATAGACCC,15.953550338745117,1.3616151809692383,0
GTGCTTACATTCCTGT,-1.3374054431915283,6.185262680053711,4
GTGGACACAAGTCGCT,-1.840065598487854,5.809218406677246,5
GTGGACACAAGTGTTT,14.672196388244629,1.0619522333145142,0
GTGGACACACCTAAGC,14.293991088867188,0.22972923517227173,0
GTGGATGCACCGTTCC,-2.565403461456299,6.194944858551025,5
GTGGATGCATTGTGCA,12.392560005187988,4.845930099487305,2
GTGGCTTCAACCGCCA,10.169081687927246,1.2096904516220093,3
GTGGCTTCAGTTTACG,15.741707801818848,1.60129714012146,0
GTGGCTTCATCACTTC,11.854216575622559,3.857647657394409,2
GTGGTTAGTTGTTGGA,9.726691246032715,0.7008203864097595,3
GTGTAACTCCTTGTTG,14.313337326049805,1.4276154041290283,0
GTGTAACTCGTTCACC,-2.27506422996521,5.830901145935059,5
GTGTAACTCTTGCAAA,13.22195053100586,6.734140872955322,1
GTGTCCAAGAATGACG,7.342397689819336,-1.0938546657562256,6
GTGTGAGCAGGATGGC,6.973138332366943,-1.6933915615081787,6
GTGTGCGGTGACATGC,11.339585304260254,4.780721187591553,2
GTGTGTTAGCAAGATG,13.404440879821777,1.4352903366088867,11
GTGTGTTAGCATGCAT,0.2424163520336151,5.441367149353027,4
GTGTGTTAGGAGCACG,-3.6608543395996094,6.125040531158447,5
GTGTGTTAGGCTTAAC,15.832511901855469,1.5387433767318726,0
GTGTGTTAGTTGTCCC,14.114360809326172,4.544200420379639,7
GTGTTACAGAAGGTGC,-0.586114764213562,5.840127468109131,4
GTGTTACAGCACTAAC,7.350799560546875,-1.3061699867248535,6
GTGTTACAGCCGCTAA,14.79794979095459,1.1187440156936646,0
GTGTTACAGGACAATG,10.707988739013672,1.9961827993392944,3
GTGTTACAGTATTGCA,12.306426048278809,4.586806297302246,2
GTGTTCCTCTAATCCT,-3.7646496295928955,5.987392425537109,5
GTTAAACGTGTTGTAG,9.432052612304688,0.8677771687507629,3
GTTAAACGTTACAACG,-3.695099353790283,6.036052703857422,5
GTTAACCAGAGAGCCG,13.737404823303223,4.29721736907959,7
GTTAACCAGCTGGCTA,9.851500511169434,0.826768696308136,3
GTTAACCAGTCGCTAG,8.362460136413574,6.756114959716797,8
GTTAACCAGTCTATGA,12.671042442321777,4.173110485076904,2
GTTAACGGTTGTAAAC,14.645613670349121,1.1958427429199219,0
GTTAAGCTCACCGGTA,-1.6360961198806763,6.078783988952637,4
GTTAAGCTCTATGACA,12.04006576538086,4.608709335327148,2
GTTAAGTGTCCGGTTC,-0.2864685356616974,5.87691068649292,4
GTTAATGTCCGCTAGA,9.74903392791748,1.0574840307235718,3
GTTAATGTCGAGCTAT,13.182360649108887,5.662904262542725,1
GTTAATGTCTAATCCT,12.036284446716309,4.3456549644470215,2
GTTACAGGTATGGTGC,14.726430892944336,2.2327725887298584,0
GTTACAGGTATGTGGC,11.386079788208008,4.737247467041016,2
GTTACAGGTGACATGC,6.696569442749023,-1.810941457748413,6
GTTACAGGTGTGTGGT,-3.66607403755188,6.15742826461792,5
GTTACAGGTGTTTCAC,12.257661819458008,4.29359769821167,2
GTTACAGGTTGGTGAC,13.529631614685059,4.635272026062012,7
GTTACCTGTGTCACGG,-3.3235433101654053,6.123094081878662,5
GTTACGCCAGCATGGA,9.781241416931152,0.8351282477378845,3
GTTACGCCAGGATGGC,-2.4533169269561768,6.33242130279541,5
GTTACTAAGCAAGGTA,-3.1964643001556396,6.01314115524292,5
GTTACTAAGCACTAGT,10.823465347290039,4.825273036956787,2
GTTACTAAGGCTTAGT,7.0176191329956055,-1.7354214191436768,6
GTTACTCGTTAATGAC,10.929645538330078,4.697579383850098,2
GTTACTCGTTAGGCTA,8.841974258422852,6.099335670471191,8
GTTAGGCGTCCAAATG,14.012365341186523,1.2913694381713867,0
GTTAGGCGTGCTTTAC,-0.17259187996387482,5.583416938781738,4
GTTCATTTCTGGTCCT,12.646952629089355,4.171651840209961,2
GTTCATTTCTTAGCCC,15.971193313598633,0.1325644850730896,0
GTTCCCAGTAGCTGGT,-1.4297915697097778,5.250993251800537,4
GTTCCCAGTGGATGTC,-2.608349323272705,6.228729248046875,5
GTTCCCAGTTAGCCAA,-0.7333038449287415,5.514132022857666,4
GTTCCTGGTGACCTGG,14.24609375,5.372955322265625,7
GTTCCTGGTTGTGATG,13.518672943115234,4.392542839050293,7
GTTCCTTCAAAGCGGC,13.554763793945312,6.666184902191162,1
GTTCCTTCAACGTGCT,10.214591979980469,1.2454068660736084,3
GTTCCTTCATTAAGCT,6.9724602699279785,-1.1511071920394897,6
GTTCCTTCATTATGAC,-3.4960720539093018,6.219135284423828,5
GTTCGCGCACCAAAGG,14.350973129272461,1.3015356063842773,0
GTTCGCTTCAATCTAG,12.196017265319824,4.539306163787842,2
GTTCTTGTCACAAGCT,-3.6302638053894043,5.683484077453613,5
GTTGCATAGAAAGGAA,12.38041877746582,5.065545558929443,1
GTTGCATAGCAAGGGT,6.63839864730835,-1.7665140628814697,6
GTTGCATAGGACTAAG,13.01781177520752,1.0992579460144043,9
GTTGCATAGGGTCCAC,6.714137554168701,-1.7435965538024902,6
GTTGCCCGTAAGGTCC,13.426592826843262,6.395647048950195,1
GTTGCCCGTCGTTACT,10.141871452331543,1.0554310083389282,3
GTTGCCCGTTATCCGT,12.921977996826172,3.739006280899048,2
GTTGCGGGTCCTAACT,-0.08658008277416229,5.684628963470459,4
GTTGCGGGTTGAGCCG,15.425230979919434,0.6588690280914307,0
GTTGCTGAGGCCAATT,8.427533149719238,6.696600914001465,8
GTTGCTGAGTTACTTC,9.853833198547363,1.0612133741378784,3
GTTGGCCAGCTCAATA,13.293412208557129,6.2098283767700195,1
GTTGGCCAGTGGCGGA,14.25040340423584,0.0026169572956860065,0
GTTGGCGGTTGTGATG,13.728217124938965,4.39368200302124,7
GTTGTGAGTCATTAGG,-0.05522998422384262,5.555780410766602,4
GTTGTGAGTTCCTGTG,-3.887660503387451,5.872166156768799,5
GTTGTTGCACTTAGGC,8.497771263122559,6.689886569976807,8
GTTGTTGCAGTAGGTG,14.819586753845215,1.2092304229736328,0
GTTGTTGCATCACTTC,12.465550422668457,6.060080528259277,1
GTTGTTGCATCCAGGT,0.2908087968826294,5.5515522956848145,4
GTTTACCGTATTGTGG,13.615823745727539,6.921267986297607,1
GTTTACCGTCCTTCTC,14.79868221282959,-0.0016875159926712513,0
GTTTAGCAGCGAAGTA,14.458678245544434,0.33885467052459717,0
GTTTAGCAGCGGCTGT,-2.775984764099121,6.340693473815918,5
GTTTATCTCGCTAAGT,12.271088600158691,3.5835649967193604,2
GTTTATCTCTCCTCTT,0.3793550431728363,5.529831409454346,4
GTTTCAGCACACTAAT,15.223073959350586,1.3828375339508057,0
GTTTCAGCAGCTCAAC,13.835272789001465,6.184362888336182,1
GTTTCCTCACCTCGCT,-1.0593513250350952,6.119452953338623,4
GTTTCTAGTTCGCGCT,0.5655777454376221,5.804078578948975,4
GTTTGTAAGGTCCTGA,14.261033058166504,5.395267009735107,7
GTTTGTAAGTTTGGGT,11.198735237121582,4.953349590301514,2
GTTTGTCGTGCATTAG,14.314980506896973,0.07047320157289505,0
GTTTGTCGTGTCACGG,14.244742393493652,5.41478157043457,7
GTTTGTTTCCTTAATC,10.002705574035645,1.1059315204620361,3
TAAACAGCAAACATAG,11.343426704406738,4.982914924621582,2
TAAACAGCATAATTGC,7.562449932098389,-1.8262990713119507,6
TAAACAGCATGGTTAT,-3.208930253982544,6.0484442710876465,5
TAAAGCCTCATAATCG,13.252303123474121,4.182888031005859,7
TAAAGCCTCCGTAAAC,-2.568150520324707,6.025084972381592,5
TAAAGCCTCCTTCTAG,8.175488471984863,6.820181369781494,8
TAAAGCCTCTGCAACG,12.04952335357666,4.138844013214111,2
TAACAAGCAGGATAAC,15.133535385131836,0.8313416838645935,0
TAACCGGTCACTTCAT,14.792500495910645,0.8978994488716125,0
TAACCTAAGGAACCGG,8.142804145812988,6.853548526763916,8
TAACCTAAGTTGGGCC,12.66825008392334,6.015652179718018,1
TAAGCCAGTAGGTGTC,0.5602244138717651,5.6540913581848145,4
TAAGCCAGTAGGTTAT,13.796046257019043,7.023329257965088,1
TAAGCCAGTAGTCAAT,-0.9696624875068665,5.508036136627197,4
TAAGCCAGTGTGTGGT,15.160296440124512,0.8916760087013245,0
TAAGCTATCCTTGCGT,12.981184959411621,6.325008869171143,1
TAAGGACCAAATACCT,-0.04233872890472412,6.010241985321045,4
TAAGGACCAATCATGT,15.396466255187988,0.8313133716583252,0
TAAGGCTTCAGGAACA,14.97719955444336,0.40727344155311584,0
TAAGGCTTCATGCATA,11.844256401062012,4.79917573928833,2
TAAGGCTTCCGCAAAT,15.909795761108398,1.5072875022888184,0
TAAGTAGCAATTATGC,12.428925514221191,6.169895172119141,1
TAAGTAGCACCTCGCT,-0.8435698747634888,5.494354248046875,4
TAAGTGCTCCTCCATA,12.793726921081543,6.262444496154785,1
TAATCACCAACTAACT,14.123435974121094,6.389969348907471,1
TAATGGACATAACGGG,14.105340957641602,5.501387119293213,7
TAATGGACATAATCCG,14.080999374389648,6.567250728607178,1
TAATGGTGTCCTAAGA,9.602119445800781,1.270149827003479,3
TAATGGTGTCTTACTA,12.142984390258789,4.623788833618164,2
TAATGGTGTTCCATTA,13.41773509979248,0.3847651481628418,10
TAATTGCCACCAGGTT,-1.758816123008728,5.8886284828186035,5
TACAACATCATAAGCC,13.992762565612793,6.332886219024658,1
TACAAGCTCATGCTAA,-0.12257356941699982,6.13299560546875,4
TACAATGTCATTTAGG,7.875003337860107,-1.590696930885315,6
TACAATGTCGTTATCT,14.763391494750977,2.148163080215454,0
TACAGCTAGCGTGCGT,12.93488597869873,4.916857719421387,1
TACAGCTAGGAGGCAT,-3.6115214824676514,6.126657485961914,5
TACAGCTAGGGCTAAA,10.367033004760742,1.1613147258758545,3
TACAGCTAGGTACCGC,15.858596801757812,1.6091657876968384,0
TACAGCTAGTTTGGGT,8.169456481933594,6.859518051147461,8
TACAGGTTCACTCAAA,-0.9794350266456604,5.397140026092529,4
TACAGGTTCTACCTGC,12.038597106933594,3.959644317626953,2
TACATCAAGGTTAGAG,14.835168838500977,0.027953771874308586,0
TACATCAAGTAAGTCC,6.9890055656433105,-1.1707088947296143,6
TACCAAATCATGCTTT,13.836400032043457,4.7571940422058105,7
TACCAAATCCACAATA,11.278944969177246,4.676389694213867,2
TACCAAATCCTAATAG,15.392579078674316,0.8649989366531372,0
TACCAAATCCTGCGAA,14.486105918884277,-0.015717970207333565,0
TACCAGGTCTAACCAA,7.231942176818848,-1.0797711610794067,6
TACCCGGCAGGTTACC,7.229418754577637,-1.7388578653335571,6
TACCGAAGTCCTTAGT,-3.4085259437561035,5.8319621086120605,5
TACCGCAAGTTGCCTC,15.615254402160645,1.1965641975402832,0
TACCGTTGTTCCGGGA,0.7685906887054443,5.5778985023498535,4
TACCGTTGTTGGATAT,8.354755401611328,6.65130090713501,8
TACCGTTGTTTAGCTC,13.709918975830078,6.787717819213867,1
TACCTCATCGTGCCTT,7.2279462814331055,-1.3976393938064575,6
TACCTCATCGTGCTAG,13.448019981384277,4.938297271728516,1
TACCTGCTCACGCCAA,-3.8736865520477295,5.913643836975098,5
TACCTTAGTACCGTTT,14.130828857421875,4.67257833480835,7
TACCTTAGTAGCCATA,7.502238750457764,-1.8455694913864136,6
TACCTTAGTTACATCC,12.157219886779785,5.216939449310303,1
TACCTTTAGAATCGCT,6.908462047576904,-1.3101593255996704,6
TACCTTTAGGCTATGT,-0.8525956869125366,5.284584045410156,4
TACGCACCATGTCAGC,9.720839500427246,1.378700613975525,3
TACGCTTGTTCATCTA,13.571596145629883,4.699209690093994,7
TACGCTTGTTGTTGGA,11.957266807556152,4.759875297546387,2
TACGGATTCATGAGCT,12.939769744873047,4.112471580505371,2
TACGGATTCGCCTGTT,-2.105459213256836,5.801046371459961,5
TACGGATTCGTTCACC,13.622434616088867,6.087547302246094,1
TACGGATTCTACCTGC,8.563949584960938,6.654050827026367,8
TACGGTTAGTTAGTTG,14.595632553100586,1.311881422996521,0
TACGTAATCATTAGGC,-1.1885812282562256,6.356545925140381,4
TACGTAATCGCATTAA,14.5674409866333,0.05338187888264656,0
TACGTAATCGGTCATG,10.444050788879395,1.6775898933410645,3
TACGTACAGCGATAAG,14.033435821533203,7.059866428375244,1
TACGTTAAGCGCTCAA,-1.1509099006652832,5.493837833404541,4
TACGTTAAGCTCATAA,0.3831413686275482,5.563571929931641,4
TACGTTAAGTGAACAG,10.119161605834961,1.9697579145431519,3
TACGTTAAGTGGACAA,11.965461730957031,3.67973256111145,2
TACTCAAAGACTATTG,14.261467933654785,5.526668548583984,7
TACTCAAAGTGAACGA,7.9908013343811035,-1.5248733758926392,6
TACTCGCTCCGCAAAT,12.75621223449707,4.671878814697266,2
TACTGACAGCATTTCT,13.45567798614502,0.40046069025993347,10
TACTGAGGTAACGGGA,10.244668960571289,2.0354886054992676,3
TACTGAGGTCATTGAG,15.731125831604004,0.3547186553478241,0
TACTGCACAGGATGGC,11.439756393432617,4.305981159210205,2
TACTGCACATGTCAGC,12.831111907958984,5.9197611808776855,1
TACTGGCCAGGATAAC,9.681377410888672,1.0345396995544434,3
TACTTGTTCACCAATA,10.223864555358887,1.2201699018478394,3
TACTTGTTCCTACCTA,12.873713493347168,6.209926128387451,1
TACTTGTTCCTTGCGT,15.756087303161621,1.4683246612548828,0
TACTTGTTCGCGCTAA,13.579116821289062,4.528726577758789,7
TACTTGTTCTTGTCTG,13.559263229370117,4.286813259124756,7
TAGAGCCGTAACAGGG,-3.126101016998291,5.803011894226074,5
TAGAGCCGTAATAACC,12.322604179382324,4.878702640533447,2
TAGCAGGCAGGTTACC,13.535348892211914,6.136934280395508,1
TAGCAGGCATCCCTCA,10.735212326049805,2.0615437030792236,3
TAGCATATCATCGTTT,13.956740379333496,1.7865630388259888,0
TAGCATATCTAACCAA,-0.055050890892744064,5.6569952964782715,4
TAGCATATCTTTAAGG,9.554186820983887,0.8346816301345825,3
TAGCCGGGTAGCTAGC,9.84461784362793,0.8852271437644958,3
TAGCCGGGTGATGAGG,11.532307624816895,4.044867515563965,2
TAGCCTCTCCGCAACA,12.134769439697266,4.2701616287231445,2
TAGCCTTGTAGCAGCT,12.082025527954102,4.019291877746582,2
TAGCGCGGTTATGTGG,9.9413423538208,1.0708069801330566,3
TAGCGCGGTTGCTTCG,15.155946731567383,0.7831476330757141,0
TAGCGGCTCGCTAGAT,-0.14686043560504913,5.766961574554443,4
TAGCTAATCACTTTAC,-0.6545324921607971,5.106132984161377,4
TAGCTAATCAGCAAGA,13.693316459655762,6.926487445831299,1
TAGCTAATCCCGTTGT,8.372404098510742,6.7331013679504395,8
TAGCTAATCCTACCTA,10.391695976257324,1.436682105064392,3
TAGCTAATCTTAGTGA,13.960129737854004,6.916778564453125,1
TAGCTAGGTAACAGGG,13.221952438354492,4.084618091583252,7
TAGCTTAAGGAATAAC,6.71274995803833,-1.7419673204421997,6
TAGCTTAAGTTTGTCT,13.966642379760742,5.998416423797607,1
TAGCTTGCAAGGTATA,12.755188941955566,5.440135955810547,1
TAGCTTGCACGAATTT,8.49206256866455,6.706894397735596,8
TAGCTTGCAGGACCTT,12.227045059204102,4.171820640563965,2
TAGCTTGCATTATGGT,10.496163368225098,1.6287295818328857,3
TAGGAACCATAGCGAG,0.6123746037483215,5.507457733154297,4
TAGGAACCATGAATAG,12.996521949768066,6.379369258880615,1
TAGGAGGGTGTGAGGA,-3.3985769748687744,5.622583389282227,5
TAGGAGTCAAGGATTA,12.883585929870605,5.223483562469482,1
TAGGCTAGTGGAAACG,-0.5289576053619385,5.790564060211182,4
TAGGCTGTCCACAATA,-1.3461077213287354,5.870899200439453,4
TAGGCTGTCCATAAGC,6.66872501373291,4.4362688064575195,9
TAGGCTGTCGCTATAA,10.366267204284668,0.9790785312652588,3
TAGGCTTAGCTGGAAA,15.5068359375,0.36297082901000977,0
TAGGCTTAGGCTGGCT,-3.4270095825195312,5.998650074005127,5
TAGGGTTTCATCACTT,13.713314056396484,4.625845909118652,7
TAGGTGCGTACGGGTT,12.087285995483398,3.796182155609131,2
TAGGTGCGTGCATCGG,15.542502403259277,0.4207698702812195,0
TAGGTGCGTTTCCTCC,-1.0941113233566284,5.763361930847168,4
TAGGTTATCATAGCCG,15.57583236694336,0.826804518699646,0
TAGGTTATCTGTGAGT,12.954785346984863,6.409984111785889,1
TAGGTTGGTCGTAAAT,-0.4194032549858093,5.429594993591309,4
TAGGTTGGTGGATGTC,14.844367980957031,1.3334275484085083,0
TAGTAACGTGCAACTA,11.674543380737305,3.924705982208252,2
TAGTAAGCAGTAAAGC,8.78075885772705,6.13027286529541,8
TAGTACGGTGCAATAT,12.985130310058594,5.477360248565674,1
TAGTCAATCAAACTCA,10.129205703735352,1.6359755992889404,3
TAGTCAATCAGTGAAG,7.790833473205566,-1.4172064065933228,6
TAGTCAATCGCTATGG,16.0068302154541,0.4858337938785553,0
TAGTGAGAGTCATTTC,12.346209526062012,5.909997463226318,1
TAGTGGCGTATGGTGC,-3.1347012519836426,6.011074066162109,5
TAGTGGCGTTCAAGCA,11.557659149169922,4.626919746398926,2
TAGTGTGGTGTTGTAG,10.530692100524902,1.6584546566009521,3
TAGTGTGGTTCGCTTG,13.79139518737793,6.738277435302734,1
TAGTTGTCAGCTACGT,6.935397148132324,-1.8275671005249023,6
TAGTTTGAGTCCTGAG,-1.3836156129837036,6.216599941253662,4
TATAACCCATGAATAG,12.331827163696289,5.492960453033447,1
TATAGCCAGAACAAGT,13.7070894241333,4.6466169357299805,7
TATAGCCAGCATTAGC,13.34734058380127,4.645148277282715,7
TATAGCCAGCTTAACA,11.801107406616211,4.823960781097412,2
TATAGCTCAAGGTCCT,-2.623870372772217,5.700953960418701,5
TATAGCTCAGGAAGCC,13.914331436157227,5.744471073150635,1
TATAGGTGTTAATCGG,9.468764305114746,0.8459520936012268,3
TATATCCTCCTTCGTA,6.736240863800049,-1.7432454824447632,6
TATCACAAGTAAAGGT,-2.6086738109588623,6.068950176239014,5
TATCACAAGTAGCCAT,15.835667610168457,0.42793259024620056,0
TATCACGCAACTCGCG,14.089766502380371,6.421890735626221,1
TATCACGCAGGTTTGC,10.004419326782227,1.047991156578064,3
TATCACGCAGTGAACG,0.5417178869247437,5.872831344604492,4
TATCCAGCAGCCAGAA,9.69968032836914,0.9805086851119995,3
TATCCAGCAGGAACAT,13.754705429077148,6.7842488288879395,1
TATCCGGAGGAGTCTT,8.409219741821289,6.643826007843018,8
TATCGAGGTAAGCACC,11.11330509185791,2.7050323486328125,12
TATCGAGGTGCAATAT,15.16640567779541,0.46924617886543274,0
TATCGCGAGCACGTTG,0.7313802242279053,5.56658935546875,4
TATCGCGAGCTCCTTA,15.755002975463867,0.7877638936042786,0
TATCGCGAGGACTTAC,-3.778038263320923,6.020390033721924,5
TATCGCGAGGTACCGC,14.109929084777832,1.8731663227081299,2
TATGAAGCAATAAGCA,14.04327392578125,4.458007335662842,7
TATGAAGCATTAAGTC,12.69890022277832,5.880885601043701,1
TATGACATCCGCCTAT,14.904190063476562,0.40417060256004333,0
TATGACTCATTCAGCA,12.527403831481934,3.448692798614502,2
TATGGATGTCTATCGT,13.705138206481934,6.926877021789551,1
TATGGCCCACCTACTT,8.554056167602539,6.567367076873779,8
TATGGGCGTTGGGTTA,8.326667785644531,6.784261226654053,8
TATGGTCAGAGAAGGG,10.53576946258545,1.5489897727966309,3
TATGTGATCTGCAAGT,7.852215766906738,-1.5164339542388916,6
TATTACCTCAATAGCC,6.710574150085449,-1.792298436164856,6
TATTAGCCACTGGCCA,-0.4684792757034302,5.730721950531006,4
TATTCGTTCATGGTGT,9.768627166748047,1.3190301656723022,3
TATTGACCAAACTGTT,14.975733757019043,1.3746153116226196,0
TATTGACCAAGCTTAT,12.486408233642578,4.853396415710449,2
TATTGACCAGACAAAC,11.527509689331055,4.172684669494629,2
TCAAACCAGTTTAACG,14.207701683044434,0.041346270591020584,0
TCAACAATCATCGTTT,12.85678482055664,4.976120471954346,1
TCAACAATCATTTAGG,6.646580219268799,-1.7677698135375977,6
TCAAGAACAGGAAGCC,9.726463317871094,1.4042463302612305,3
TCAAGACTCGCACACA,10.749093055725098,4.882371425628662,2
TCAAGACTCTAATCAG,7.041842937469482,-1.1406577825546265,6
TCAAGCTAGCGAGGTG,13.077750205993652,5.954010009765625,1
TCAAGCTAGGAAGCTA,-0.1193234845995903,5.160869121551514,4
TCAAGGAAGAGAGGCT,11.468454360961914,5.228267669677734,2
TCAAGGAAGCCTGTGA,6.647972583770752,-1.7685284614562988,6
TCAAGGTTCAAGCTTA,6.730287551879883,-1.6799198389053345,6
TCAAGGTTCCTCAGTC,8.22696590423584,6.797938823699951,8
TCAAGGTTCGGGACCT,11.064860343933105,4.812317848205566,2
TCAAGTATCGTGCTTC,12.047178268432617,4.492932319641113,2
TCACCGGCAACGTGCT,15.032958030700684,1.7599730491638184,0
TCACCGGCAGTTTCTC,-3.2588248252868652,5.973320007324219,5
TCACCGGCATGTCAAT,0.17608694732189178,5.729671001434326,4
TCACCTCAGGCTCATG,9.551812171936035,1.2015254497528076,3
TCACCTGGTAGGTTGC,13.75880241394043,6.827718257904053,1
TCACCTGGTATTCGTC,10.386720657348633,0.9633802771568298,3
TCACCTGGTGATCATG,10.4353666305542,1.3893343210220337,3
TCACCTGGTTACTAGG,10.70391845703125,4.8753156661987305,8
TCACCTGGTTTCCACG,8.238809585571289,-1.5901706218719482,6
TCACGGATCCAAGTGT,-3.718435764312744,5.774379730224609,5
TCACGGATCGGCCAGT,6.616647720336914,4.401219844818115,9
TCACTGACAATTGACT,0.6119696497917175,5.82786750793457,4
TCACTGACACCAAAGG,13.635156631469727,5.958138942718506,1
TCACTGACACCACAAC,6.6523213386535645,-1.7521522045135498,6
TCAGCAAGTAGCTGGT,-0.3208773732185364,5.49176549911499,4
TCAGCAAGTCAATGTG,15.733716011047363,0.40921276807785034,0
TCAGCCTTCACAGCGC,0.15225675702095032,5.054778099060059,4
TCAGCCTTCAGCAAGA,-3.2239232063293457,6.1750288009643555,5
TCAGCCTTCGATAACC,13.879609107971191,5.846419334411621,1
TCAGCGATCTTTGTAC,10.161364555358887,0.8893852829933167,3
TCAGGAGCAAGGTGCA,11.714828491210938,3.324063539505005,2
TCAGGAGCAGTTTACG,10.558234214782715,1.8958035707473755,3
TCAGGTCCAATAAGCA,-0.11613480746746063,5.601657390594482,4
TCAGGTCCAGCGCTTG,12.366077423095703,5.769402980804443,1
TCAGGTTAGATAAAGC,12.05306339263916,3.6535096168518066,2
TCAGGTTAGCCACATG,7.150798320770264,-1.2132916450500488,6
TCAGGTTAGGATTTGC,10.92641544342041,4.914247035980225,2
TCAGTAATCATGTGGT,15.152191162109375,0.6427174806594849,0
TCAGTAGGTAAATTGC,8.706829071044922,6.227607250213623,8
TCAGTAGGTAGGTGTC,-0.1239296942949295,6.186398506164551,4
TCAGTAGGTATTACCC,10.356489181518555,1.5981926918029785,3
TCAGTAGGTGCCGCAA,-3.0670835971832275,5.7584052085876465,5
TCAGTAGGTTAATGAC,-0.13418905436992645,5.400472164154053,4
TCAGTGAGTTACTTCA,9.711870193481445,1.1872667074203491,3
TCATAACCAAGGTCCT,-1.2812490463256836,6.156986236572266,4
TCATAACCACCTCAGG,13.50751781463623,6.215915203094482,1
TCATAACCAGGACCTT,-0.22311581671237946,5.547816753387451,4
TCATACTTCCTCACTA,8.722891807556152,6.506535530090332,8
TCATACTTCCTTGTTG,-1.3552923202514648,6.2134690284729,4
TCATACTTCGATCAGT,14.058374404907227,7.005420684814453,1
TCATCCATCCCGCCTA,15.705872535705566,0.1385156661272049,0
TCATCCATCGAGGAGT,6.611664295196533,4.420363903045654,9
TCATCCATCGTTCACC,14.12778091430664,4.691934585571289,7
TCATCCATCTAGCGAT,13.511286735534668,1.4294650554656982,11
TCATGAGGTCATTAGG,-3.293527603149414,6.209226608276367,5
TCATGAGGTGAGCAAG,14.225502014160156,0.08675612509250641,0
TCATGCCTCAAGGACA,-2.6835944652557373,6.108531475067139,5
TCATGCCTCCAGGAAA,12.430479049682617,3.853431463241577,2
TCATGTTTCAATGAGG,14.549384117126465,0.1234210655093193,0
TCATGTTTCAGGCTAT,14.815277099609375,0.8730364441871643,0
TCATTACTCGAGGTGG,-2.3726370334625244,6.039621829986572,5
TCATTACTCTGGCTTC,-2.5532288551330566,5.943045616149902,5
TCATTGCGTTACTTGC,9.630937576293945,0.8655479550361633,3
TCATTGCGTTGCACAA,9.777416229248047,1.0712422132492065,3
TCATTGTTCATGAAGG,12.5249605178833,4.502542972564697,2
TCATTGTTCATGCTAA,15.855855941772461,0.5115718245506287,0
TCATTGTTCCTAATAG,12.195470809936523,4.380870342254639,2
TCATTGTTCGTCAAGT,9.673707008361816,0.7894842624664307,3
TCATTGTTCGTCATTT,10.103657722473145,1.5406084060668945,3
TCATTGTTCTGGCTTC,12.053714752197266,4.038486957550049,2
TCATTGTTCTGTGCAG,11.318215370178223,4.343819618225098,2
TCATTTGGTCTAGCTT,9.750757217407227,0.9006460905075073,3
TCCACAACAGTTATGT,-2.318690538406372,5.606165885925293,5
TCCACAACATCGCTTT,13.727739334106445,1.7395038604736328,2
TCCAGCAAGTTGTCAA,10.63279914855957,1.5535244941711426,3
TCCAGGATCAGGAACA,9.431357383728027,0.9695832133293152,3
TCCAGGATCCGGTTAG,12.567485809326172,4.280450820922852,2
TCCAGGATCTAAGGTC,10.669212341308594,1.4486409425735474,3
TCCAGGTCACAGAACG,8.84728717803955,6.108219146728516,8
TCCAGGTCATACCCGG,12.241238594055176,5.23975133895874,1
TCCATATTCCCTCAGT,13.848906517028809,6.881502628326416,1
TCCATATTCGCACAAT,11.786763191223145,4.589691638946533,2
TCCATATTCTTGTTCG,-3.5956506729125977,5.776978492736816,5
TCCATCATCAATTACG,0.4903840124607086,5.649738311767578,4
TCCATCATCGGTCAGC,15.831990242004395,0.4241611063480377,0
TCCATCATCTGTAATG,15.371423721313477,0.49285393953323364,0
TCCATTGTCAATAGCC,-1.6776416301727295,5.13104248046875,5
TCCATTGTCACTTCAT,13.146224021911621,3.9190728664398193,7
TCCATTGTCATGGCTG,-0.43081429600715637,5.245061874389648,4
TCCATTGTCTGTTGCC,-1.0154907703399658,5.780184745788574,4
TCCCGGACAACCTAAT,13.756810188293457,6.818777561187744,1
TCCCGGACAGCTAATT,-1.2635639905929565,5.86586856842041,4
TCCCGGACATCGCTTT,15.478911399841309,1.4150440692901611,0
TCCCTGGTCGGGACCT,14.08069133758545,4.485671520233154,7
TCCCTGGTCTCATCAT,-3.837766170501709,5.8879852294921875,5
TCCGCCATCCTGATTT,12.880029678344727,3.7674436569213867,2
TCCGCCATCTAAGGTC,10.618446350097656,1.4071236848831177,3
TCCGGTAAGCCTTAAA,-3.78263258934021,6.034771919250488,5
TCCGGTAAGGATTGAG,15.20022201538086,0.5212359428405762,0
TCCGGTTTCGATAACC,11.727347373962402,3.397516965866089,2
TCCTAGTGTAGCTAGC,11.83011531829834,4.653454303741455,2
TCCTAGTGTTCACCCA,9.94206428527832,1.5693769454956055,3
TCCTCAATCTGGCTTC,-2.6970131397247314,5.696211814880371,5
TCCTCAATCTGGTCCT,12.272127151489258,3.9212570190429688,2
TCCTCACAGGCTAATC,12.373083114624023,3.6337664127349854,2
TCCTCACAGGTCGATT,-1.432849645614624,6.043485164642334,4
TCCTGGTTCAAACCTA,-3.3583202362060547,6.205587387084961,5
TCCTGTTCACCCACCT,15.698047637939453,0.147259920835495,0
TCCTGTTCACTAAGTT,8.218424797058105,-1.6252765655517578,6
TCCTGTTCAGGCGAGT,13.811748504638672,4.457763195037842,7
TCCTTAGTCTTGAGCG,9.719050407409668,0.8861950039863586,3
TCCTTCAAGGATTGAG,12.127140045166016,4.571680545806885,2
TCCTTCAAGTAACCAC,-2.9361839294433594,6.196038722991943,5
TCCTTTACAAACGCGA,7.738627910614014,-1.4604326486587524,6
TCGACAAGTTACAAAC,10.25748348236084,1.2591434717178345,3
TCGATTAAGTTAGAGG,14.940221786499023,0.9130316376686096,0
TCGCATTGTCGTTATC,-0.664914071559906,5.604468822479248,4
TCGCATTGTTTGGGTA,6.639082431793213,4.420228004455566,9
TCGCGAGGTCAATAGT,15.724799156188965,0.15217629075050354,0
TCGCGAGGTTAGGTGC,9.635387420654297,0.6402696967124939,3
TCGCGAGGTTCCAGGG,12.758079528808594,4.207056999206543,2
TCGCTAACAACTCGCG,12.101703643798828,4.618826389312744,2
TCGCTAACATCCTGAA,-1.891198992729187,6.212306976318359,5
TCGCTAACATTGCGAC,9.803276062011719,0.8535798788070679,3
TCGGTAAGTCACAAAT,0.08591129630804062,4.998802661895752,4
TCGGTTACAAACGGGC,13.376214027404785,6.048887252807617,1
TCGGTTCTCCCGAACA,6.940680503845215,-1.7129498720169067,6
TCGTAATCATGTCGCG,10.470876693725586,1.4074082374572754,3
TCGTTAAAGAAAGCAT,13.193451881408691,4.867029190063477,1
TCGTTAAAGAAAGGAA,11.968652725219727,4.389085292816162,2
TCGTTAAAGGAAGCAC,15.638906478881836,0.28181523084640503,0
TCGTTACGTAGGTTGC,-0.3643248677253723,5.473446369171143,4
TCGTTACGTCAAACTG,-2.3182129859924316,5.783779621124268,5
TCGTTACGTGAGGTGA,-0.16054658591747284,5.388123512268066,4
TCGTTACGTGTTGTGA,10.371962547302246,1.355912208557129,3
TCGTTAGCAGGAATCG,15.103795051574707,0.9370778799057007,0
TCGTTATTCGTACCGA,-3.3364341259002686,5.868653297424316,5
TCGTTATTCTCACTAT,-2.0624473094940186,5.705803394317627,5
TCGTTATTCTCATCAT,-2.978180408477783,5.8934550285339355,5
TCGTTTCCAAATATCC,-0.22526812553405762,5.718111038208008,4
TCTAACCGTTGTTGCT,7.969595432281494,-1.3501639366149902,6
TCTAACTTCAGTGAAG,15.504185676574707,0.3492249846458435,0
TCTAACTTCATTACGA,14.90604019165039,1.033255934715271,0
TCTAACTTCGCAACAT,14.228761672973633,-0.0348043218255043,0
TCTAAGGGTACGGTAC,0.03800391033291817,5.466927528381348,4
TCTAAGGGTCAGGAAG,6.76594877243042,-1.677498459815979,6
TCTAAGGGTGGTTCTT,13.099238395690918,6.645768642425537,1
TCTAAGGGTGTTTGTC,-1.1192030906677246,6.074516773223877,4
TCTAATCTCGTCAAGT,-0.8490815758705139,5.5125627517700195,4
TCTACCTCACAGGGAC,12.251924514770508,4.896980285644531,2
TCTACCTCAGGCTTGT,12.287734985351562,5.941030025482178,1
TCTACTAGTCACCTAT,-3.528428792953491,5.74218225479126,5
TCTAGCACACATAACT,6.830085754394531,-1.5357258319854736,6
TCTAGCCTCGCAGGCT,13.226714134216309,4.795711040496826,7
TCTAGCGAGACTTACA,15.694056510925293,0.4547393321990967,0
TCTAGCGAGTTTGTCT,7.155828475952148,-1.1707839965820312,6
TCTATGTTCATGTGGT,12.41763973236084,5.456733226776123,1
TCTATGTTCTCACTAT,7.995657444000244,-1.591744065284729,6
TCTCAAGCAAGCTAAA,14.11527156829834,4.590160369873047,7
TCTCAATTCTTAATGG,-2.207458019256592,5.6434149742126465,5
TCTCACCAGGAGTCTT,15.493165969848633,0.2935790419578552,0
TCTCCTCGTAAACAAG,13.610574722290039,6.879260540008545,1
TCTCCTCGTTGCGCGA,-2.390385150909424,5.658863067626953,5
TCTCGCCCAACAGGAT,12.727167129516602,5.401518821716309,1
TCTCGCCCACAAAGCG,14.775928497314453,1.6350728273391724,0
TCTGGCTTCAGGATGA,16.0079402923584,1.2873409986495972,0
TCTGGCTTCATGGCCA,11.781249046325684,4.961466312408447,2
TCTGGCTTCCCGTTTA,14.18293571472168,0.524635374546051,0
TCTGTGACAGGATTAA,-0.9281492829322815,5.495258808135986,4
TCTGTGACATAGCAGG,-3.2566323280334473,6.195337772369385,5
TCTTAGCGTACTTCAC,12.229262351989746,4.5681939125061035,2
TCTTGACGTACCGAAC,15.772194862365723,0.23261980712413788,0
TCTTGACGTACGGTAC,9.762617111206055,1.3411651849746704,3
TCTTGTCCAGGATTAA,12.569005012512207,5.489051818847656,1
TGAAACTGTAGCTAAT,-3.058718204498291,5.754269123077393,5
TGAAACTGTCAAGTGC,13.635347366333008,1.4595566987991333,11
TGAAACTGTGTTAAAC,13.626245498657227,4.261159896850586,7
TGAAGCAAGCTATTGA,13.909744262695312,1.4182411432266235,0
TGAAGGATCAAACCGT,12.952641487121582,5.361968040466309,1
TGAAGTGAGCACAGCC,13.640546798706055,4.547095775604248,7
TGAAGTGAGCGATACT,12.048747062683105,4.283278465270996,2
TGACCTTGTAGTTGGC,9.67656421661377,0.9998911619186401,3
TGACTCCTCATTGTTC,15.185853004455566,1.714976191520691,0
TGACTCCTCTCTAGCC,-1.2111058235168457,6.036970615386963,4
TGACTTAAGGGCCACT,8.803522109985352,6.118626117706299,8
TGACTTCGTCTTACTA,8.196935653686523,6.831501007080078,8
TGAGAACCAAGCTTTG,13.336873054504395,6.169181823730469,1
TGAGAACCACAACAGG,7.172856330871582,-1.2852026224136353,6
TGAGCAAAGGCAAGTA,12.346651077270508,4.321603775024414,2
TGAGCAAAGTTATCTC,6.617877006530762,4.415626525878906,9
TGAGCACGTATTACCC,14.246037483215332,-0.03106323443353176,0
TGAGCACGTCAGGCAT,0.11223170906305313,5.987835884094238,4
TGAGCCGGTACCGAAC,12.517285346984863,5.239028453826904,1
TGAGCCGGTGCTGTAA,13.402192115783691,0.36912423372268677,10
TGAGCCGGTTTGTTGC,11.174664497375488,4.764225959777832,2
TGAGCTTAGAGGGACT,6.91851806640625,-1.2203253507614136,6
TGAGCTTAGCAATAGG,12.204910278320312,3.7446906566619873,2
TGAGGAGGTAAGCTCA,15.645764350891113,0.5775465965270996,0
TGAGGCACAAAGCTAA,-2.388482093811035,5.921608924865723,5
TGAGGCACAGTGAACG,-0.946726381778717,5.6515326499938965,4
TGAGGGAGTTCATTTG,14.250903129577637,-0.05852719396352768,0
TGAGGGAGTTGACTTC,12.056190490722656,4.717077732086182,2
TGAGGGCCAACTAGGG,8.247232437133789,6.90424919128418,8
TGAGGGCCACCACAAC,15.393543243408203,0.17913232743740082,0
TGAGGGCCATATTGAC,12.740962982177734,5.677034854888916,1
TGAGGTGCACCGTTCC,10.030049324035645,1.5075470209121704,3
TGAGTGAAGCAAGGAC,12.894001007080078,6.439983367919922,1
TGAGTGAAGGACAACA,8.215963363647461,6.820278644561768,8
TGAGTGAAGGCGTAAA,14.096187591552734,0.9636083841323853,0
TGAGTGAAGTAAAGGT,12.137214660644531,3.942333936691284,2
TGATCAATCCCTGGAA,13.664469718933105,6.909929275512695,1
TGATCAATCGAAGTAG,-2.279449224472046,5.864975929260254,5
TGATCAATCGTTATCT,15.583563804626465,0.8909591436386108,0
TGATCACAGCACTAAC,-1.7772077322006226,5.08500337600708,5
TGATCACAGCGATAGA,15.905740737915039,1.59364652633667,0
TGATCACAGGCTAGAA,15.370686531066895,0.7171333432197571,0
TGATCACAGTCTCACC,10.640843391418457,4.73414945602417,2
TGATCAGGTGTTAAAC,15.672804832458496,0.3956926465034485,0
TGATCCTGTTAGCCAA,9.769835472106934,1.2532196044921875,3
TGATCCTGTTTATCGC,12.408736228942871,4.135552883148193,2
TGATCGAGTGCGCAAT,-3.201219320297241,5.94343900680542,5
TGATCGAGTGCTTACT,-1.1397923231124878,5.1299824714660645,4
TGATGAACAAAGGTAC,8.552210807800293,6.634319305419922,8
TGATGAACACAGAACG,13.108177185058594,5.408946990966797,1
TGATGAACACATTGCA,13.639266967773438,6.623631954193115,1
TGATGACTCGATTTGA,12.354650497436523,3.7573792934417725,2
TGATTAGTCAATTACG,12.13794231414795,4.597901344299316,2
TGATTAGTCACATTGA,-2.212240695953369,5.938668251037598,5
TGATTAGTCATTCATC,-0.5134938955307007,5.679327011108398,4
TGATTAGTCCCTTGCG,12.91643238067627,5.2233476638793945,1
TGATTAGTCCTGCGAA,14.579551696777344,1.5000624656677246,0
TGATTAGTCGATTTAG,10.398184776306152,1.337710976600647,3
TGATTCAAGACAACAG,13.11207389831543,6.645059585571289,1
TGATTCAAGCAAGGGT,15.4686279296875,0.7834897637367249,0
TGATTCAAGCAATAGG,12.6195068359375,5.577312469482422,1
TGATTCAAGCGAGTAA,14.867877960205078,0.5190865993499756,0
TGATTCAAGGCCGGAA,7.949278354644775,-1.3937898874282837,6
TGATTCAAGTCTTGAA,14.154845237731934,4.8622589111328125,7
TGATTGCAGCACAGCC,8.192093849182129,6.837653636932373,8
TGCAAGCGTGCAACTA,13.524864196777344,4.46238899230957,7
TGCAAGCGTTAACACG,9.603570938110352,1.3196173906326294,3
TGCAAGCGTTTGGGCG,14.951740264892578,0.6794891357421875,0
TGCAATATCATGCTAA,15.655190467834473,0.8545336723327637,0
TGCACCTTCAAGTGTC,15.644050598144531,0.6649994254112244,0
TGCACCTTCAGCATTA,12.057633399963379,4.471201419830322,2
TGCACTTGTAGGTGTC,13.58078384399414,6.307191371917725,1
TGCACTTGTCGACTCC,6.76049280166626,-1.657782793045044,6
TGCACTTGTTTGGTTC,-3.2370095252990723,6.230576038360596,5
TGCAGGCTCAGTATTG,13.997875213623047,5.374805927276611,7
TGCATCCTCAAAGGCA,-1.991312861442566,5.935676574707031,5
TGCATCCTCACCATTT,-3.442694902420044,5.840549945831299,5
TGCATCCTCTTGAGGT,14.408193588256836,1.5067603588104248,0
TGCATGAGTAACCAGC,7.117435932159424,-1.6455689668655396,6
TGCATGAGTGGATTGC,13.607752799987793,4.675235271453857,7
TGCATGAGTTTAGTCC,7.066071033477783,-1.0922595262527466,6
TGCATTAAGACTTATG,12.49659538269043,5.169166088104248,1
TGCCATTGTTTATGGG,14.046601295471191,6.450336456298828,1
TGCCTGTTCAGGCCTA,9.591904640197754,0.9792171120643616,3
TGCGATTAGACTCGCA,12.153254508972168,4.751765727996826,2
TGCGATTAGCAAGGTA,15.564258575439453,0.3814904987812042,0
TGCGATTAGCCGCTAA,14.791956901550293,2.1585142612457275,0
TGCGCAGGTGGATTAT,13.220054626464844,6.051642894744873,1
TGCGGTTCATCATGGC,15.846126556396484,0.5554013252258301,0
TGCTAGCCAACACCTA,7.9700822830200195,-1.3513503074645996,6
TGCTAGCCAATTATGC,-0.18155522644519806,5.182594299316406,4
TGCTAGCCAGGCCAAA,-2.576713800430298,6.440023422241211,5
TGCTCAACAAGTCGCT,15.67041301727295,0.4792824983596802,0
TGCTCAACAGGCATCT,10.439481735229492,1.34892737865448,3
TGCTCACTCTATCGCC,14.11015510559082,4.561924934387207,7
TGCTCCGTCTAATCTC,12.295886039733887,5.933565616607666,1
TGCTCCGTCTTTGAGA,14.690581321716309,1.1159532070159912,0
TGCTCTCAGAGGAAGG,15.268111228942871,0.6048544645309448,0
TGCTCTCAGTTAACCA,9.669561386108398,0.6897448301315308,3
TGCTGGATCTGTGCAG,14.581765174865723,1.6044920682907104,0
TGCTTAAAGCAGGTGG,14.517814636230469,1.4130001068115234,0
TGCTTAAAGCTACTGG,14.259072303771973,1.589521050453186,0
TGCTTAAAGTCAATCA,11.77785587310791,3.2786834239959717,2
TGCTTCATCATTACAG,13.991972923278809,6.487481594085693,1
TGCTTCATCGTTCACC,10.450270652770996,1.609633445739746,3
TGCTTCATCTTAGGGT,7.311391353607178,-1.3140325546264648,6
TGCTTCCAGCGAGGTG,10.535409927368164,1.646711826324463,3
TGCTTCCAGCTAAAGG,13.322142601013184,6.72782564163208,1
TGCTTGCTCCCTCGCA,10.728375434875488,4.826983451843262,2
TGCTTGTGTGTTGTGA,13.645172119140625,6.688723087310791,1
TGCTTGTGTTAAGCTG,10.675671577453613,1.6119623184204102,3
TGCTTTAGTTATCGAG,-2.4551243782043457,5.8393964767456055,5
TGGACGGAGCTAATTG,12.265830039978027,4.6807146072387695,2
TGGACGGAGGACACTT,15.855138778686523,0.8906590342521667,0
TGGACTAGTCCTCCAA,-2.5759716033935547,6.009561061859131,5
TGGACTAGTGCGCATG,-1.2660459280014038,5.790274143218994,4
TGGACTAGTTTCAGGA,12.02273941040039,4.342846870422363,2
TGGATTCAGGCTGGCT,-1.1110025644302368,5.4499382972717285,4
TGGCCAATCGTTACTT,12.20061206817627,4.277752876281738,2
TGGCCATCACAATTAC,14.298593521118164,1.6943076848983765,0
TGGCCATCATAAGGAC,12.57256031036377,4.6929850578308105,2
TGGCCATCATAATGTC,13.883096694946289,7.08936882019043,1
TGGCCATCATGGCCTG,7.005782127380371,-1.159670114517212,6
TGGCCTGCACAACAGG,12.994503021240234,5.374948501586914,1
TGGCCTGCACCTATAG,13.523880958557129,6.241122245788574,1
TGGCCTTTCAGAAACG,7.880180358886719,-1.563831090927124,6
TGGCGGTTCAGTATTG,0.07115892320871353,5.815934181213379,4
TGGCTAAGTGGTGAGA,7.5884904861450195,-1.6200252771377563,6
TGGCTAAGTTGTTGGA,9.988248825073242,1.3443111181259155,3
TGGCTTTGTACCGGAT,15.880617141723633,1.29403555393219,0
TGGCTTTGTCTAACCT,7.940494537353516,-1.5690804719924927,6
TGGGCATGTACCGGAT,-0.12111575156450272,5.788451671600342,4
TGGGCCTAGCACCACA,14.29718017578125,5.345834255218506,7
TGGGCCTAGTCGCTAG,14.189909934997559,1.7903470993041992,0
TGGTCAAGTACCGAAC,-2.5351414680480957,6.324764251708984,5
TGGTCAAGTGGATTGC,12.340579986572266,3.715149402618408,2
TGGTCAGTCAAACCGT,12.794013977050781,5.228386878967285,1
TGGTCAGTCATGTCAA,12.666190147399902,4.184309482574463,2
TGGTCATAGCTTACTT,15.949135780334473,1.459780216217041,0
TGGTCATAGGACAATG,-1.9997599124908447,6.0683465003967285,5
TGGTCCTTCATTACTC,14.76506233215332,1.5382513999938965,0
TGGTGATTCACAGCCA,10.740386962890625,4.8238701820373535,2
TGGTGATTCTCAATGA,13.554790496826172,6.59209680557251,1
TGGTGCATCACGCCAA,15.296339988708496,0.6670060157775879,0
TGGTGCATCCACCCTG,7.554747104644775,-1.7248005867004395,6
TGGTTAATCAGTATTG,7.330906391143799,-1.2540355920791626,6
TGGTTAATCATTGCAA,0.4999682605266571,5.426363945007324,4
TGGTTAATCCGCACAA,-2.666471481323242,6.24083948135376,5
TGGTTCCTCACGCGGT,7.945816993713379,-1.5075796842575073,6
TGGTTCCTCGATTTGA,15.8185396194458,1.3872349262237549,0
TGGTTGAGTAGGTTTG,12.131175994873047,3.576620101928711,2
TGGTTGAGTGGAAGGC,13.789546966552734,6.124128341674805,1
TGTAAAGCAAACGCGA,7.7980194091796875,-1.3428025245666504,6
TGTAAAGCAAGCTACC,9.463172912597656,0.9423116445541382,3
TGTAAAGCACCAAAGG,-0.2801893651485443,6.252403736114502,4
TGTAACTCAATCTCTC,13.975086212158203,4.424813270568848,7
TGTAACTCACTAGGTC,13.645232200622559,6.949146270751953,1
TGTAACTCAGCTAACC,12.504436492919922,5.647480487823486,1
TGTAACTCAGTTATCG,10.721951484680176,4.667776107788086,2
TGTAAGCTCTTTGAGA,11.651468276977539,4.816138744354248,2
TGTAATGTCCGGCTAA,7.176983833312988,-1.2862495183944702,6
TGTAATGTCGCTAAAC,12.189186096191406,4.4310760498046875,2
TGTATCCGTCACGGAT,6.816762924194336,-1.5882631540298462,6
TGTATCCGTCGCATAA,10.19824504852295,1.3987220525741577,3
TGTATCGCAATGCCTA,7.766286849975586,-1.4698917865753174,6
TGTCATAAGCCTGACA,-3.8387372493743896,5.948118686676025,5
TGTCATAAGGCCATCA,12.8369140625,5.233829498291016,1
TGTCATAAGTATTGCA,8.749587059020996,6.176466941833496,8
TGTCCTGGTTTGACCT,10.604610443115234,1.4590386152267456,3
TGTCCTTCAAGGAATC,12.760273933410645,4.245434284210205,2
TGTGAAACAGTAATAG,15.32291030883789,0.42687907814979553,0
TGTGAAACATTAGGTT,6.989998817443848,-1.3134747743606567,6
TGTGATCAGCTAATTG,-0.6970722079277039,5.229757308959961,4
TGTGATCAGGAGGACT,14.21035385131836,1.0829704999923706,0
TGTGATCAGGTGAAAT,-2.388145923614502,6.027279376983643,5
TGTGATCAGTCTTGAA,14.260538101196289,5.12509822845459,7
TGTGCAAGTACGCGCA,-3.2940967082977295,6.001970291137695,5
TGTGCAAGTGATGATT,14.216265678405762,1.8208881616592407,0
TGTGCACCATTAAGTC,6.827208518981934,-1.6424083709716797,6
TGTGCGCAGAGAGGAG,13.617964744567871,1.4323588609695435,11
TGTGCGCAGCTTAACA,12.45993709564209,6.166069507598877,1
TGTGCGCAGTAAACCC,11.428206443786621,4.97833251953125,2
TGTGCGGGTTGCAATG,-0.1037752628326416,6.045211315155029,4
TGTGGAGCACAGGGAC,-0.0772111788392067,5.762925148010254,4
TGTGGAGCAGGAACCA,7.419099807739258,-1.8907088041305542,6
TGTGGAGCATTATGGT,9.806060791015625,0.7054529786109924,3
TGTGGCCAGCAAGGTA,14.034748077392578,1.1653473377227783,0
TGTGGCCAGCGCCTAA,12.547347068786621,5.35211706161499,1
TGTGGCGGTCTATCGT,6.795472621917725,-1.7290400266647339,6
TGTGGCTCAGGATAAC,13.881301879882812,6.365478992462158,1
TGTGGCTCATTAGGTT,13.754056930541992,4.4583845138549805,7
TGTGTGAGTCATCCTG,-2.1844000816345215,5.869870185852051,5
TGTGTGAGTCCCGGAA,12.918668746948242,5.2474870681762695,1
TGTGTGAGTTGCAATG,6.747113227844238,-1.6938821077346802,6
TGTGTTAAGCGATAGA,10.859196662902832,4.715847969055176,2
TGTTACTTCAGCACCA,0.470576673746109,5.71710729598999,4
TGTTAGCAGGTTAGAG,11.620891571044922,5.311241626739502,1
TGTTAGCAGTGTTGCG,6.633641242980957,4.400859355926514,9
TGTTATGAGGACACTT,13.412629127502441,0.3718055188655853,10
TGTTCATTCCCGTTGT,7.097018241882324,-1.0461077690124512,6
TGTTCATTCGCTTGCT,15.557609558105469,0.7430490255355835,0
TGTTCCTCACAACCTA,-0.6098237037658691,5.767889022827148,4
TGTTGTAAGCGATAGA,15.22701644897461,0.9838065505027771,0
TGTTGTAAGCTGCACA,0.7408705353736877,5.591119289398193,4
TGTTGTAAGGCATTAC,-1.0402523279190063,5.472509860992432,4
TGTTGTAAGGTCCACA,15.539306640625,0.8805127143859863,0
TGTTGTGCAATAACCT,13.474041938781738,4.159053325653076,7
TGTTGTGCAGTTGCGT,14.69616985321045,0.10110888630151749,0
TGTTGTGCATGAATCT,13.52552318572998,5.282868385314941,1
TGTTGTTTCACGAATC,13.950912475585938,6.678826332092285,1
TGTTTGTTCCCGCAAA,15.77442455291748,1.4648332595825195,0
TGTTTGTTCCCTCAGT,14.055342674255371,1.0538781881332397,0
TGTTTGTTCGATTTAG,12.054824829101562,4.565271854400635,2
TGTTTGTTCGCTCCAT,14.041808128356934,1.1376762390136719,0
TTAACTGAGGTGTCCA,7.137050151824951,-1.513595461845398,6
TTAAGCCAGACACTTA,12.45528507232666,4.2463555335998535,2
TTAAGCCAGGACCTCA,9.819559097290039,1.174221158027649,3
TTAAGCCAGGTCCTGA,8.586339950561523,6.611400127410889,8
TTAAGGACAAGGTACG,13.271484375,6.079489231109619,1
TTAAGGACAGAAATGC,8.341812133789062,6.689217567443848,8
TTAAGGTGTTTAACGG,15.887348175048828,0.7655191421508789,0
TTAAGTGTCAGGTCCA,6.813752174377441,-1.608655571937561,6
TTAAGTGTCTGCAAGT,14.708436965942383,0.35313093662261963,0
TTAATCGAGCAGCTAT,10.188379287719727,1.5120781660079956,3
TTAATCGAGTAACGGA,15.289649963378906,0.9356653094291687,0
TTACACCGTGACCTGG,15.192123413085938,0.48541197180747986,0
TTACACCGTGTCCTGC,15.801379203796387,0.44029685854911804,0
TTACCGTGTCAGGAAG,10.187149047851562,1.5784064531326294,3
TTACCGTGTTAAGCTG,13.461420059204102,4.786436557769775,7
TTACCTGTCATTCATC,15.238301277160645,1.1578799486160278,0
TTACGTTTCGCTCCAT,8.458539009094238,6.676743984222412,8
TTAGAAGCACAGACTC,12.998257637023926,5.918368816375732,1
TTAGACTCAAATTCGT,-2.304704189300537,5.975970268249512,5
TTAGACTCAGGAACCA,15.866084098815918,0.5830297470092773,0
TTAGACTCAGGCCATT,13.683905601501465,6.802443981170654,1
TTAGCAATCATGCTAA,12.262555122375488,3.8202133178710938,2
TTAGCAGGTTAAGGCC,14.192931175231934,5.236849784851074,7
TTAGCCTGTTACCTGT,-0.27563565969467163,5.621565341949463,4
TTAGCGGTCCGCAAGC,13.822373390197754,6.440998077392578,1
TTAGCGGTCCTTAATC,6.865979194641113,-1.4892196655273438,6
TTAGCTGCAAACTGTT,-1.0673214197158813,5.446109771728516,4
TTAGGAACAGGCTACT,13.456027030944824,5.3111701011657715,1
TTAGGAACAGTTGCGT,10.662259101867676,4.70142936706543,2
TTAGGCTAGCAGCTAT,8.752152442932129,6.180542469024658,8
TTAGTCAAGGTGAAGC,15.65942096710205,0.3332624137401581,0
TTAGTCAAGTAACGGA,13.405461311340332,5.1954193115234375,1
TTATCCGTCATGGTGT,11.625404357910156,3.433720111846924,2
TTATCCGTCCCATAAA,-3.4526429176330566,6.053155422210693,5
TTATCCGTCCTAAGAC,9.786161422729492,1.0821006298065186,3
TTATCCGTCGTGCCTT,15.453826904296875,1.1765819787979126,0
TTATCCTAGGACCGCT,7.0772013664245605,-1.121779441833496,6
TTATCCTAGTAACCCG,-3.629286050796509,5.7414422035217285,5
TTATCCTAGTATGTGC,7.228198051452637,-1.4114675521850586,6
TTATCCTAGTTTCCTG,12.567370414733887,4.93426513671875,1
TTATGACCAATGAGGT,12.484368324279785,4.165371417999268,2
TTATGCGCAAGGTATA,10.500683784484863,1.8433966636657715,3
TTATGCGCAATATAGG,11.920256614685059,4.358974456787109,2
TTATGCGCATGTCAGC,6.615477561950684,4.412250518798828,9
TTATTGCTCCTGATTT,8.005638122558594,-1.09130859375,6
TTCAACCGTTAGACCA,9.483159065246582,0.9347049593925476,3
TTCAACCGTTTACTTG,14.916769981384277,0.05073031783103943,0
TTCACTGTCAAGGACA,-0.2877587080001831,5.324072360992432,4
TTCACTGTCACAGCGC,15.10243034362793,0.6724780797958374,0
TTCAGCACACCACAAC,9.504316329956055,0.9788463115692139,3
TTCAGCACACTCAACA,14.969791412353516,0.8940805196762085,0
TTCAGGTAGCTATATG,15.48425006866455,0.6961676478385925,0
TTCAGGTAGCTCATAA,8.219016075134277,6.782799243927002,8
TTCAGGTAGCTTCTCA,-3.8080906867980957,5.878910064697266,5
TTCAGTTTCGCGCTAA,12.3983154296875,5.042900562286377,1
TTCAGTTTCTGTAATG,12.54856014251709,5.380914688110352,1
TTCATCCCAAATGCCC,6.699568748474121,-1.6663342714309692,6
TTCATTCAGTTGGCCA,11.80300235748291,3.4036829471588135,2
TTCCACGGTTACGCGG,11.838926315307617,5.483375072479248,1
TTCCCACAGTTATCCT,10.119431495666504,1.1877576112747192,3
TTCCCGCCATCCATCT,9.597747802734375,0.833686888217926,3
TTCCTCAAGAAGGTGC,8.386359214782715,-1.5922175645828247,6
TTCCTCAAGCATGAAG,-0.20353128015995026,5.119683742523193,4
TTCCTCAAGGACTTAC,-0.37653931975364685,6.333117485046387,4
TTCCTCAAGGCTGTCA,6.593966484069824,4.398536205291748,9
TTCCTCAAGGTCCAAT,-1.2001210451126099,5.3430495262146,4
TTCCTTCTCAGAAACG,-0.9859126210212708,5.466404914855957,4
TTCCTTCTCATCCACC,13.893428802490234,4.296779632568359,7
TTCCTTCTCCCGTTGT,9.568607330322266,1.1595652103424072,3
TTCCTTCTCTAGCTAA,11.868257522583008,3.6312203407287598,2
TTCCTTCTCTTAGCGG,6.692254543304443,-1.738451361656189,6
TTCGCAACAATACTGT,13.548561096191406,4.137968063354492,7
TTCGGTACACTAGGTC,10.533221244812012,1.5808886289596558,3
TTCGTGCTCCCTGGTT,-2.568340301513672,5.5021138191223145,5
TTCGTGCTCGGCCATA,13.293432235717773,5.739983081817627,1
TTCGTTAGTAGGTTGC,14.691186904907227,1.2509957551956177,0
TTCTTAGGTACGTTTC,13.766499519348145,6.323524475097656,1
TTGACGTAGCCTGGTA,6.6343278884887695,4.427889823913574,9
TTGACGTAGTTATTCC,14.443205833435059,0.05121007561683655,0
TTGACTAAGTAGAGGC,12.95348072052002,1.1705355644226074,9
TTGAGCTAGCATGACT,13.050111770629883,5.683935165405273,1
TTGAGCTAGGACACTT,10.316859245300293,1.487710952758789,3
TTGAGGCGTCTTACTA,-3.397599220275879,6.079010009765625,5
TTGATGTCAAGGTGGC,12.40352725982666,5.658320426940918,1
TTGATGTCAAGTTATC,12.114740371704102,4.0697431564331055,2
TTGCAACAGACTAAGG,14.249373435974121,-0.07277308404445648,0
TTGCAACAGGACCGCT,7.124258518218994,-1.1031593084335327,6
TTGCAACAGTGAACAG,0.13733583688735962,5.313150882720947,4
TTGCAAGGTAGGTTTG,13.053608894348145,5.040909767150879,1
TTGCAAGGTTTGAGGC,14.223653793334961,-0.022305423393845558,0
TTGCAATCACATAACT,13.062851905822754,5.213344097137451,1
TTGCACACAACTGGCT,8.560524940490723,6.563441276550293,8
TTGCAGCCACTGACTA,10.639008522033691,1.958048701286316,3
TTGCCCGTCACTCAAA,13.625064849853516,4.687328338623047,7
TTGCCCGTCCCTCGCA,14.087183952331543,6.568349361419678,1
TTGCCCGTCGCTAGTG,11.157660484313965,4.895648002624512,2
TTGCGAGTCCATTACT,11.954607009887695,3.827378749847412,2
TTGCGAGTCCTCACTA,14.428875923156738,0.7517388463020325,0
TTGCGTCTCTTAGGAC,9.860132217407227,1.4882887601852417,3
TTGCTCTCACGGTACT,7.978048801422119,-1.5736359357833862,6
TTGCTCTCAGCACCAT,9.732354164123535,0.7510513067245483,3
TTGCTTTAGGCCGGAA,12.837267875671387,5.969723701477051,1
TTGGAGGCAATCCCTT,12.273209571838379,5.078513145446777,1
TTGGAGGCAGCCAGTT,6.900424003601074,-1.6861482858657837,6
TTGGATATCGCTTCTA,-3.732881546020508,5.943928241729736,5
TTGGATATCTAAATCG,8.370759010314941,-1.611722469329834,6
TTGGATCAGGCGTAAA,8.136219024658203,6.870930194854736,8
TTGGATCAGTCATTAG,9.666611671447754,1.2935572862625122,3
TTGGATTCATTGCGTA,9.606843948364258,1.096565842628479,3
TTGGCGGGTAAACAAG,9.908841133117676,1.2078360319137573,3
TTGGCGGGTTAAGCGC,8.579533576965332,6.60496187210083,8
TTGGCTACAATGCCCG,14.591873168945312,0.004867436829954386,0
TTGGCTACAGCGCTTG,12.246672630310059,4.007458686828613,2
TTGGCTACATCCCTCA,15.847180366516113,0.3586590886116028,0
TTGGCTGAGGATTTGC,12.642759323120117,5.1236042976379395,1
TTGGCTTGTAATTAGC,14.520955085754395,1.2818729877471924,0
TTGGCTTGTGCGCATG,12.368148803710938,4.518161773681641,2
TTGGCTTGTTAATGAC,12.255718231201172,5.063388347625732,1
TTGGCTTGTTCCTCCT,-0.3222016990184784,5.394137382507324,4
TTGGCTTGTTCTTTAG,11.086945533752441,2.6711490154266357,12
TTGGGCCAGCCGCAAC,14.323345184326172,0.01932954043149948,0
TTGGGCCAGGATTGAG,7.188342571258545,-1.6567590236663818,6
TTGGGCGGTACTTCAC,14.0762939453125,6.949249267578125,1
TTGGGCGGTTAACAGT,12.650943756103516,3.915607213973999,2
TTGGTGAGTTTCGCGC,0.519758939743042,5.86570405960083,4
TTGTAAGTCCGCTAGA,15.374232292175293,1.2824084758758545,0
TTGTAAGTCCGTTATT,9.843095779418945,1.307815432548523,3
TTGTAAGTCGTTATAG,0.4745175838470459,5.599493980407715,4
TTGTCAAAGCTCAATA,13.219334602355957,4.26278829574585,7
TTGTCCATCTAAGGTC,0.5159773826599121,5.664028644561768,4
TTGTCCCAGCTGCACA,13.39370059967041,0.37675443291664124,10
TTGTCCCAGTCGCTAG,9.950226783752441,1.6275157928466797,3
TTGTCCGGTATTTGCC,15.629815101623535,0.31066930294036865,0
TTGTGCGAGTTATTCC,12.635261535644531,4.0611491203308105,2
TTGTGCGAGTTTGTCT,9.651625633239746,1.3785667419433594,3
TTGTGTGCAAGGCCAA,13.529224395751953,0.377038836479187,10
TTGTTGCGTATTCGTC,-3.3749964237213135,5.857875823974609,5
TTGTTGCGTGGGTACT,6.801111698150635,-1.4685529470443726,6
TTGTTGTTCGATTTAG,0.747264564037323,5.497744083404541,4
TTGTTGTTCTGTAATG,-2.474996566772461,6.398930549621582,5
TTGTTTGGTCACGAAC,6.856717586517334,-1.6545195579528809,6
TTGTTTGGTGTTTGTC,10.745075225830078,4.818038463592529,2
TTTAACCTCCCTGGAA,12.933022499084473,6.336238861083984,1
TTTAACGAGTCGCTAG,15.428009033203125,1.1534085273742676,0
TTTAAGCCAACAGGAT,12.950011253356934,1.2119064331054688,9
TTTAAGCCACAATGTT,11.74920654296875,3.464035987854004,2
TTTAAGCCACAGACTC,12.802543640136719,5.316411972045898,1
TTTACGAAGAATCGCT,10.056588172912598,1.4429510831832886,3
TTTACGAAGAGCCGGA,14.963388442993164,0.5251427888870239,0
TTTACGAAGCAATAGG,13.523159980773926,4.213373184204102,7
TTTACGAAGCACAGAA,12.905659675598145,5.265854835510254,1
TTTACGCGTAAGGTCC,-1.906306505203247,5.106081008911133,5
TTTACGCGTGTAACCA,15.446198463439941,1.0113283395767212,0
TTTACGCGTGTAATAC,12.20727252960205,4.9935102462768555,2
TTTAGCAAGCTTTGTT,12.712007522583008,5.415802001953125,1
TTTAGCAAGTCGCTAG,14.115087509155273,1.2148594856262207,0
TTTAGCTTCACAGGAA,6.637086868286133,-1.8047300577163696,6
TTTAGGATCACTTCAT,14.503399848937988,2.301126718521118,0
TTTAGGATCGCAAACT,-0.3039169907569885,6.216484546661377,4
TTTATGGAGGACCAGG,14.971297264099121,1.3565363883972168,0
TTTCAGTTCAAGCCTG,15.695744514465332,0.4301798939704895,0
TTTCAGTTCAATGAGG,12.667588233947754,6.119826316833496,1
TTTCAGTTCGGCCATA,11.558446884155273,4.760873317718506,2
TTTCATCAGGAGGACT,9.882747650146484,1.1139841079711914,3
TTTCATCAGGGATGAC,12.703365325927734,5.806075096130371,1
TTTCATCAGGGCCACT,9.838705062866211,0.7796627283096313,3
TTTCGTCCAGCATTAT,0.17800721526145935,5.179267883300781,4
TTTCGTCCATTGTCAG,-3.3684864044189453,5.844393730163574,5
TTTCTCACAATATAGG,13.021390914916992,4.177163124084473,2
TTTCTCACAATTGAAG,15.11301040649414,0.5820520520210266,0
TTTCTCACAGTAATAG,9.646707534790039,0.8907448053359985,3
TTTCTTGCAACCCTAA,12.633980751037598,5.560953140258789,1
TTTCTTGCACCCTCAC,9.87302017211914,0.931259036064148,3
TTTCTTGCATTAAACC,-3.813575029373169,5.918702125549316,5
TTTGACCGTGTGCACG,7.054115295410156,-1.1285370588302612,6
TTTGACCGTTAATGCG,13.743894577026367,6.815078258514404,1
TTTGACCGTTAGGACC,-3.299046277999878,6.0959858894348145,5
TTTGAGTCAAATACCT,13.550044059753418,4.611452579498291,7
TTTGAGTCATAGACCC,-0.1409541666507721,5.4859161376953125,4
TTTGCATTCATTGCGG,10.099264144897461,1.4389805793762207,3
TTTGCGACAGTAAAGC,14.360075950622559,1.630881667137146,0
TTTGCGACATGCTATG,9.515043258666992,0.8171386122703552,3
TTTGCGGAGCCTCTCG,0.38333579897880554,5.675176620483398,4
TTTGCGGAGTTAGTTG,15.252102851867676,0.6854697465896606,0
TTTGCGGAGTTGCGTG,13.627466201782227,6.91025972366333,1
TTTGGCTGTAACGGGA,14.840859413146973,1.5927585363388062,0
TTTGGCTGTATTGAGT,12.456792831420898,5.331563949584961,1
TTTGGCTGTTAATGAC,14.862785339355469,1.649399995803833,0
TTTGGCTGTTCACTGT,14.800695419311523,0.8354650735855103,0
TTTGGCTGTTCGCGCT,14.75970458984375,0.9105628728866577,0
TTTGGTAAGTCACCAG,14.080606460571289,6.4739556312561035,1
TTTGGTAAGTCATTTC,15.481832504272461,0.6932928562164307,0
TTTGGTGCAATGAATG,0.2726459205150604,5.7440409660339355,4
TTTGGTGCATAAGGAC,-0.7796993255615234,5.917784214019775,4
TTTGTGAAGTCAATTG,13.00436782836914,5.512213230133057,1
TTTGTGGCATTAGGTT,12.476840019226074,4.087291717529297,2
