CB	CorrectedReads	MappedReads	DeduplicatedReads	MappingRate	DedupRate	MeanByMax	NumGenesExpressed	NumGenesOverMean
GGTACAAAGAAAGGAA	785015	213546	56188	0.272028	0.736881	0.00226551	10086	1857
AGCAGGTAGTCACTCC	818507	223830	60821	0.273461	0.728271	0.00151973	10718	1981
CTGCTACTCCTCCTAA	817206	219880	62075	0.269063	0.717687	0.001814	10267	1732
AGTAACGAGGTATTGC	1250912	340810	92591	0.272449	0.728321	0.00178377	11683	2111
AATTGGACATCACAGC	1232640	336608	91499	0.273079	0.728173	0.00136158	12141	2039
GGCCAGTTCTGGCATG	673939	178341	45259	0.264625	0.746222	0.00169234	8777	1497
CAGGACCTCCTAACGG	749015	199058	52916	0.26576	0.734168	0.00193484	9516	1722
TTCAGGTAGCTTCTCA	704292	191398	53374	0.271759	0.721136	0.00172842	9003	1644
ACTGAATGTCTTTATG	663776	180301	51110	0.271629	0.71653	0.00181861	9393	1682
TACCTGCTCACGCCAA	627672	167036	43955	0.26612	0.736853	0.00141804	8796	1648
TGCACTTGTTTGGTTC	574101	156296	43287	0.272245	0.723045	0.00204238	8013	1317
CATGAGGCAAGGTATA	611113	165514	44356	0.27084	0.732011	0.00192492	8355	1476
AGAACCAAGGAGTCTT	529512	141494	38540	0.267216	0.727621	0.00193503	8002	1467
CAATCCCTCAATCTAG	563667	153577	42829	0.272461	0.721124	0.00124467	7764	1316
CCGCAAGGTTCAAGCA	523725	139589	37090	0.266531	0.734291	0.00137367	7741	1365
ATCAAGACAGGCGATA	514747	138635	38694	0.269326	0.720893	0.0029574	7181	1267
GTTACAGGTGTGTGGT	505022	133283	37592	0.263915	0.717954	0.00275375	9668	2083
TGTCATAAGCCTGACA	453919	122985	33677	0.27094	0.72617	0.00229916	7875	1461
TACAGCTAGGAGGCAT	478079	129260	34835	0.270374	0.730504	0.0025497	7654	1368
TTTCTTGCATTAAACC	469313	125937	35278	0.268343	0.719876	0.00193496	7896	1388
CAGGGTGAGTTAGTGC	442907	119795	31918	0.270474	0.733562	0.00279104	7629	1306
GGTTCTTGTAACCACA	422131	113279	31488	0.26835	0.722031	0.00193051	7513	1303
ATGCATTCACCTATAG	401986	107966	30748	0.268581	0.715207	0.00216783	7244	1321
CTGCAATAGGTTACGT	401105	107836	30098	0.268847	0.720891	0.0020135	6623	1167
GGTATTGGTACGTTTC	391322	105617	29872	0.269898	0.717167	0.00263902	7256	1237
CTATAACCATAAGTCT	387273	103806	29493	0.268043	0.715883	0.00273264	6573	1198
CGATTCCTCTGTTGCC	390940	104556	29092	0.267448	0.721757	0.00271775	7608	1596
GCTTAACAGTCATTGA	385138	103321	28522	0.26827	0.723948	0.00249969	6704	1182
GCTGTACCATTCCTCG	385464	104066	32650	0.269976	0.686257	0.00242743	7651	1348
CTAGTAGGTTCCGGGA	382003	103732	28615	0.271548	0.724145	0.00291385	6877	1151
TCCCTGGTCTCATCAT	380280	100029	29759	0.26304	0.702496	0.00219543	7082	1247
CTTGAACAGACAAGTG	368864	99713	27122	0.270325	0.727999	0.00272148	7053	1488
CGCATTTGTTGTAAAC	355238	95786	26407	0.269639	0.724313	0.00253194	6576	1170
CTATGTTTCCGGTATG	347801	94643	27298	0.272118	0.711569	0.00290268	8192	1604
GTGTGTTAGGAGCACG	342722	94033	25839	0.274371	0.725213	0.0024167	8353	1572
TCACGGATCCAAGTGT	340189	90569	24153	0.266231	0.733319	0.0028284	6411	1290
CCCGCTTCATAAGCAA	337671	90076	24905	0.266757	0.723511	0.00221357	6595	1288
CTCGTTATCTACCTAT	337085	91731	26757	0.27213	0.70831	0.0028769	6063	1095
TCCGGTAAGCCTTAAA	333064	88918	23522	0.26697	0.735464	0.00235834	6676	1321
TCATGAGGTCATTAGG	324742	88687	24866	0.2731	0.719621	0.00217664	6418	1261
GGTATTTCATAATGTC	317688	85950	24085	0.270548	0.719779	0.00256215	6343	1301
AAGGCCCTCATGTGGT	318276	86282	23401	0.271092	0.728785	0.00256335	6649	1270
CGATTGAGTGCAATGC	316454	85473	22259	0.270096	0.739579	0.00391984	5922	1162
CAATATGTCTCGCCTG	315036	84889	23707	0.269458	0.720729	0.00312249	6113	1190
GCCTTAACAACCGCCA	307706	81154	21929	0.263739	0.729785	0.00332266	6389	1233
GGATGGCCATTATGGT	304732	82763	22573	0.271593	0.727257	0.00199434	6185	1220
AAGTCTATCCTAATGA	299051	79889	21982	0.267142	0.724843	0.00197134	6100	1171
TATCGCGAGGACTTAC	299197	80099	21745	0.267713	0.728523	0.00300134	6073	1149
GCAATATGTCCTAATC	291755	79148	21459	0.271282	0.728875	0.00260669	5604	1194
ACGCCTTTCTTAGCGG	297436	80834	22038	0.271769	0.727367	0.00157547	6217	1132
CCTGGTAAGACACTTA	296887	79747	22525	0.268611	0.717544	0.00219891	5742	1174
GCACTAAGTTAACGAT	292602	78725	21628	0.269051	0.725272	0.00289105	5206	908
GTTCTTGTCACAAGCT	297007	80124	22270	0.269771	0.722056	0.00223158	6210	1161
ACCAAGCGTGTCACGG	288046	60004	19105	0.208314	0.681605	0.00385038	5914	1035
TTATCCGTCCCATAAA	287575	76865	20946	0.267287	0.727496	0.00211047	6026	1144
GTTGTGAGTTCCTGTG	283533	75658	21145	0.26684	0.720519	0.00334466	6044	1207
GTCGCAATCACTTTAC	285008	77299	23158	0.271217	0.70041	0.00331109	6488	1215
CAGCTCAAGCGTGCAC	283706	75404	19862	0.265782	0.736592	0.00169797	6347	1011
TCCTGGTTCAAACCTA	277576	73152	20718	0.263539	0.716781	0.00236049	6216	1110
CGGTTATAGGACCTCA	276934	74180	21105	0.267862	0.715489	0.00157188	6280	1136
ATGGCCCAGTCCTTTG	274163	73502	19960	0.268096	0.728443	0.00329632	5745	1052
CATAACGGTCATAGAT	272156	71973	19718	0.264455	0.726036	0.00327191	5778	1096
TTATCCTAGTAACCCG	275525	73553	20722	0.266956	0.718271	0.00246198	5919	1134
CTCCCTGAGCCTGAGC	264643	69853	19067	0.263952	0.727041	0.00263909	5922	1010
TGCATCCTCACCATTT	264925	70713	19715	0.266917	0.721197	0.00285446	5499	1033
AGTGAACCACCGGCTA	255699	71139	18930	0.278214	0.733901	0.00391758	6521	1442
AATTAGGCAATCCTAG	258179	68683	18806	0.266029	0.726191	0.00229466	5493	1019
CGGACAACATGAAGTA	249568	66832	17236	0.267791	0.7421	0.00257603	5135	918
CCCTAATGTCGCATAA	246836	65988	18266	0.267335	0.723192	0.00205539	5243	932
GTGTTCCTCTAATCCT	245808	65989	18743	0.268457	0.715968	0.00263414	5729	1053
GCGAAGTAGCCTAATA	240287	63862	17118	0.265774	0.731953	0.00273816	5746	1372
GCACTTACAGTAAGTA	241713	63775	17753	0.263846	0.721631	0.00277944	5511	985
AGTTGTCAGTTAGGCT	240274	63749	18171	0.265318	0.71496	0.0040037	5652	1048
TTGGATATCGCTTCTA	237568	64347	18363	0.270857	0.714625	0.00340117	5314	994
GGAGGTTAGCTTACTT	233301	62980	17562	0.269952	0.72115	0.00425924	4897	936
GGTTTAATCACAGCCA	232076	62121	16965	0.267675	0.726904	0.00302818	5107	942
GCAGCTATCCGCAAGC	233787	62442	16655	0.267089	0.733272	0.00294073	5298	873
ATAATGGCACTAAGCC	230179	61185	16063	0.265815	0.737468	0.00116012	6159	1242
TTGTTGCGTATTCGTC	225251	61114	16990	0.271315	0.721995	0.00287081	5080	875
AGCGTGCTCCTTCGTA	229061	60618	17033	0.264637	0.719011	0.0034911	5538	935
GCTCATTGTCCTAATC	227312	61284	17474	0.269603	0.714868	0.00207678	5763	985
CGTTTGGAGGCGCACT	226667	59722	16306	0.263479	0.726968	0.00310584	5486	1269
CAAACTGGTGTGTCCC	220383	58403	15674	0.265007	0.731623	0.00253084	5161	881
CTGCAATAGGATTTGC	222443	60368	16700	0.271386	0.723363	0.00372917	5415	936
CAATCCTGTTATCCTA	225086	60405	17036	0.268364	0.71797	0.00370616	6633	1546
AGGGTTGCAAAGCGGC	215616	56298	15088	0.261103	0.731998	0.00465601	5295	1149
TTTCGTCCATTGTCAG	211490	56736	16091	0.268268	0.716388	0.00318486	5166	928
CAAACTGGTTGCAATG	211290	55728	15255	0.263751	0.72626	0.00293774	4844	832
TCCATATTCTTGTTCG	208713	54894	15813	0.263012	0.711936	0.00391266	5283	1238
CGATGTCCATTATGAC	206643	55300	15429	0.267611	0.720995	0.00329015	5037	860
GCAGGACCAATTGAAG	207771	54895	14699	0.264209	0.732234	0.00419618	4792	817
TAAACAGCATGGTTAT	206277	55172	15176	0.267466	0.724933	0.00203927	4722	827
CAGCCTAAGTTATGTG	204454	54721	15233	0.267645	0.721624	0.00311089	4637	816
GGAACCTGTAATTAGC	205531	54745	14833	0.266359	0.729053	0.00280958	4697	808
AAAGCCGCAGGACCAA	206231	54068	13768	0.262172	0.745358	0.00383849	4821	977
GTTACCTGTGTCACGG	201944	53528	14809	0.265064	0.723341	0.00209354	5078	1122
TTTGACCGTTAGGACC	201897	53669	15038	0.265824	0.719801	0.0039959	4913	854
TGGACTAGTCCTCCAA	201133	53474	14694	0.265864	0.725212	0.00233106	4509	792
GCATGAAAGGGATGAC	199441	54164	14374	0.271579	0.734621	0.00340116	4675	782
GTTAAACGTTACAACG	199868	53478	14330	0.267567	0.732039	0.00500979	4621	822
AAAGGCTCAGTTTGGC	198498	53477	14476	0.269408	0.729304	0.00360319	6115	1345
AAAGCCCGTAGTTACG	197510	52997	14220	0.268326	0.731683	0.00397258	5063	1083
CTGTTTAGTGCGCAAT	188216	50374	14316	0.267639	0.715806	0.00355511	4576	790
TACCGAAGTCCTTAGT	192456	51770	14108	0.268997	0.727487	0.00337209	4820	1116
CCTGTTGGTTAAGCCA	195699	51968	14594	0.265551	0.719173	0.00343152	4911	1144
CGTATTGCATTGTGCA	196384	55270	15299	0.281438	0.723195	0.00485984	5974	1228
GACTCACCAAAGGCCA	196217	51230	14200	0.261088	0.722819	0.00332177	4942	1083
TAGGCTTAGGCTGGCT	182022	48278	13083	0.265232	0.729007	0.00377883	4849	1065
CCTCAGTTCAGGAAGC	184983	48942	13761	0.264576	0.71883	0.00613175	4345	773
CTGCTCCCAAGGACCA	186149	53020	14396	0.284826	0.72848	0.0022849	4292	635
GACTTACAGTTGTCAA	182310	48108	13241	0.26388	0.724765	0.00266069	4520	1063
TTGAGGCGTCTTACTA	184830	49531	13907	0.267981	0.719226	0.00350574	5172	1122
AATTTCCTCCGCAAGC	177017	43518	11897	0.245841	0.726619	0.0131481	4408	1036
GGAGTGAGTTAGCATG	178912	48052	13183	0.268579	0.725651	0.00415657	4486	1049
CTTTATGGTTAATCGG	176796	47980	13636	0.271386	0.715798	0.00249933	4608	1064
GTTCCTTCATTATGAC	180595	48993	13935	0.271287	0.715572	0.00393889	5320	1163
TGTGCAAGTACGCGCA	181712	47922	12946	0.263725	0.729853	0.00358277	4461	988
GTGCTGGGTTGTCATC	176418	47283	13263	0.268017	0.719497	0.00349819	4867	1085
GTAGCGCTCAGAAACG	176335	47425	12491	0.268948	0.736616	0.00317414	4138	617
TCTACTAGTCACCTAT	174658	46672	13472	0.267219	0.711347	0.00263304	4407	710
AGTCTTGCATGTGGGA	175341	46890	13255	0.267422	0.717317	0.00305122	4597	1045
GAGCTTAGTAAATTGC	173606	46492	12907	0.267802	0.722382	0.00422765	5282	1154
TCACCGGCAGTTTCTC	173319	45321	12510	0.261489	0.723969	0.00352373	4319	946
TCCTTCAAGTAACCAC	172781	45882	13029	0.26555	0.716032	0.00359084	4335	761
AGGTTACTCCGGGACT	170257	45643	12517	0.268083	0.725763	0.00357887	4048	700
AAATGGCCAGGTTACC	171908	45061	12268	0.262123	0.727747	0.00406787	4727	945
CACAGGGAGATAGACG	169350	44784	11982	0.264446	0.732449	0.00351311	4258	924
GAGCCTTCAGGCCTTG	165998	43903	12063	0.264479	0.725235	0.0050172	4117	918
CCAGGAACAAGGCCAA	169066	43632	11790	0.258077	0.729785	0.00392183	4810	1037
GTTACTAAGCAAGGTA	167805	45413	12570	0.27063	0.723207	0.00324889	4357	1004
TCATTACTCGAGGTGG	165772	44866	12542	0.270649	0.720456	0.00517685	4985	1033
GCATATATCTTAGTGA	162890	43169	12552	0.265019	0.709236	0.0045289	4174	718
CCCAGTTTCCTGGTGA	159988	42587	11761	0.266189	0.723836	0.00450203	5523	1032
TCTGTGACATAGCAGG	160842	44048	11950	0.273859	0.728705	0.00257511	4563	965
AATTGCTCACATAGCC	155414	41507	11488	0.267074	0.723227	0.00177076	4210	801
AATCCGTAGCATGCAT	154996	40445	11265	0.260942	0.721474	0.0047697	3737	638
CCTTATGTCAGGTTTA	153514	41511	12110	0.270405	0.70827	0.00542609	4359	1017
TCAGTAGGTGCCGCAA	155128	41509	11240	0.267579	0.729215	0.0067376	4059	859
CGTTTGGAGCTTAGTA	154920	41280	11720	0.26646	0.716085	0.00362918	4283	957
ACGCCTTTCCGCACAA	154423	41083	11002	0.266042	0.732201	0.00345986	4435	878
ACGTCAAGTATTGTGG	152387	44440	12317	0.291626	0.72284	0.00184469	3864	583
ATTGCACAGGGTGAAC	152026	40753	11346	0.268066	0.721591	0.0030287	3960	845
AACCGGCTCGTGCTTC	151243	40333	10790	0.266677	0.732477	0.00235016	4170	786
ACAGTATGTGAGAAAC	151792	40123	10942	0.264329	0.727289	0.00448265	3982	891
AAGAATCAGCAGCTAT	150436	38711	10872	0.257325	0.71915	0.00847441	3778	912
CTACGAAGTACTGAAT	149561	39722	10921	0.265591	0.725064	0.00411734	3757	862
GGCCTCTGTATTTGGG	148518	40643	11411	0.273657	0.719238	0.00321018	4177	905
CCAGCTAAGATTCCTT	147440	39750	11358	0.269601	0.714264	0.00509693	5571	1180
GGTCCGTAGGTTACAC	148593	39276	10641	0.264319	0.729071	0.0037209	4103	839
AAAGGACGTTACAAAC	147283	39262	10465	0.266575	0.733457	0.00396152	3705	815
AATTGACGTAGCTAAT	146718	38176	10687	0.2602	0.72006	0.00635587	3772	869
CTTAAGATCCTAATTC	146005	38274	11073	0.262142	0.710691	0.0040585	4042	891
AGGAACCAGGAGTCTT	144333	35684	10498	0.247234	0.705807	0.00714108	5465	1859
ACGAATCTCTTGAGCG	140768	37668	10702	0.267589	0.715886	0.00386868	4135	874
TGATCGAGTGCGCAAT	143519	37915	10218	0.264181	0.730502	0.00449581	4155	820
GCTATTGCATGAAGTA	140601	37890	10323	0.269486	0.727553	0.00311711	3588	762
TTCAACCGTTAGACCA	140280	37366	10349	0.266367	0.723037	0.005237	5067	986
CTTACCTCATCATGTG	139927	37885	10940	0.270748	0.711231	0.00366052	3708	801
GCGGTTATCTTGGATA	139500	37136	10501	0.266208	0.717229	0.00555878	3887	887
AATCAGGAGGATAAAC	139818	37098	10190	0.265331	0.725322	0.00472424	3965	845
CTGCTCCCAGTCTAGC	139046	36874	10464	0.265193	0.716223	0.00369133	3910	815
CCTAAGTAGTCATTAG	138820	37309	10564	0.268758	0.716851	0.00337283	3751	816
GCTAACAGTTGGATAT	138778	37179	10225	0.267903	0.724979	0.00419105	3993	853
TAGGAGGGTGTGAGGA	138348	36636	10164	0.26481	0.722568	0.00936303	4081	871
GGTCCATCACATTGCA	138537	36374	10121	0.262558	0.721752	0.00778703	5305	1745
GGATAACCATTATGCG	137509	36311	10093	0.264063	0.72204	0.0057633	4081	792
ACCTAAATCTTGCAAA	138341	36416	10330	0.263234	0.716333	0.00394386	3648	805
CTACTTAGTATTCGCT	137776	36816	10621	0.267216	0.711511	0.00570874	3648	822
CCTTAGTGTCGTTACT	138141	37422	12265	0.270897	0.672252	0.00262338	4652	978
GCAACAGCAAGACTCC	136763	36159	9410	0.264392	0.739761	0.0044371	3377	707
GACTTAGGTTACAACG	132732	36141	9881	0.272286	0.726599	0.00342096	3973	774
AAGGATTAGTGAACCT	136735	36149	10131	0.264373	0.719743	0.00292284	3664	778
CATGAGGCACCTAAGC	135459	35766	9749	0.264036	0.727423	0.00660147	4293	829
GGTGTGACAGCTAACC	130236	35013	9468	0.268843	0.729586	0.00428395	3837	742
GGTGAGGTCACTAAGC	133221	34993	9535	0.262669	0.727517	0.00477795	3875	804
TAGTGGCGTATGGTGC	130031	34756	9460	0.26729	0.727817	0.00502945	3985	764
TGCTAGCCAGGCCAAA	129739	33448	8952	0.25781	0.732361	0.00326414	3571	644
GTTACGCCAGGATGGC	130106	34233	8801	0.263116	0.742909	0.00488012	3303	601
ACATCAATCAAGACTC	129555	34384	9496	0.265401	0.723825	0.00429948	3603	772
CGTGTGTCAGTTTGTG	129213	33792	12821	0.261522	0.620591	0.00447782	4446	1026
GGATTGCGTTACCTGT	125355	33090	9216	0.26397	0.721487	0.0052597	3744	749
GGATAACCAGGCGAGT	124970	32853	8810	0.262887	0.731836	0.00481908	3649	695
CTTAAGGGTTTCCTCC	125180	33335	9796	0.266297	0.706135	0.00610352	3459	766
TCGTTATTCGTACCGA	124665	32546	9484	0.261068	0.708597	0.00582438	3684	748
AGCAATACATTATGGT	123751	32705	9136	0.264281	0.720654	0.0041179	3472	738
CAAACTGGTCACAAAT	121511	32207	8697	0.265054	0.729966	0.00425256	3520	688
CTTACCGGTACTTCAC	120891	32556	9229	0.2693	0.716519	0.00341649	3898	778
TAGAGCCGTAACAGGG	121784	31738	8883	0.260609	0.720115	0.00525332	3817	783
TGAAACTGTAGCTAAT	120504	31598	8745	0.262215	0.723242	0.00590173	3503	718
AGCTTAATCCCGTTGT	119462	32301	9186	0.270387	0.715613	0.00557485	4818	1612
AGTGTGGCATTTGCTC	119135	31342	8828	0.26308	0.718333	0.00565961	3474	742
TCAGCCTTCAGCAAGA	119324	31699	8820	0.265655	0.721758	0.0047044	4261	700
CATCAGCCAAACCTTG	119251	31844	8852	0.267033	0.72202	0.00499798	4553	1480
CTGCAATAGCGGATTT	118921	32459	8788	0.272946	0.729258	0.00604635	3785	672
AAGCGGGTCTAGCTAA	114681	32489	8677	0.283299	0.732925	0.00475949	4272	669
TCATGCCTCAAGGACA	116145	31499	8926	0.271204	0.716626	0.00444452	3381	748
GTGCAAGCATAGCAGG	118889	32351	8880	0.272111	0.725511	0.00744429	5076	1640
CTAGTAATCGTTTCGC	113806	30333	8618	0.266533	0.715887	0.0039297	3283	702
GTCCTCCCAGAGAGCC	112411	29882	8241	0.265828	0.724215	0.00396219	3455	657
CTAATCGCATTGTGCA	112608	29367	8119	0.26079	0.723533	0.0049364	3115	637
ATTCAACCATTATGCG	113587	29731	8345	0.261747	0.719317	0.00491886	3498	686
GAGGTTAAGGTGTCCA	110884	29693	8326	0.267784	0.719597	0.00339426	3602	653
CCGTTACTCCGCAAGC	110495	28777	7957	0.260437	0.723494	0.00423398	3536	622
ACTTAGTCATAATCAC	110580	29153	8350	0.263637	0.71358	0.00604967	3195	657
GGTCGGTTCTACTAAG	109517	28912	8248	0.263996	0.714721	0.00462188	3506	691
CGCTAACCAGCTAACC	110313	29270	8063	0.265336	0.72453	0.00410302	2982	597
AAAGGTTAGGTATTGC	108402	28726	8197	0.264995	0.714649	0.00413166	3403	682
TGTAAAGCAAGCTACC	107382	24180	7503	0.225177	0.689702	0.00748088	4179	1219
CTTCAATTCCAGGTCA	105785	28328	8019	0.267788	0.716923	0.00331954	3109	580
TATAGCTCAAGGTCCT	106558	28093	7988	0.26364	0.715659	0.00487886	3268	659
CCTAGTTGTTAGTTGG	104139	28258	8155	0.271349	0.711409	0.00316585	3553	636
GGTCATTAGTTTGAGC	104210	27457	7652	0.263478	0.72131	0.0105218	3673	685
GGCAAATCAACTGGGA	104113	27143	7549	0.260707	0.72188	0.00249216	3126	572
CGGGACAAGCTATTAG	103973	27899	7415	0.268329	0.73422	0.00401196	3122	603
TAAAGCCTCCGTAAAC	103119	27217	7503	0.263938	0.724327	0.00383691	3154	587
GGTAACCGTACAAAGA	102822	27716	7556	0.269553	0.727378	0.00794845	4225	1341
GATCGCTCAACAGGAT	102786	28156	7647	0.273928	0.728406	0.00793466	3358	615
TTAAGGACAGAAATGC	102366	28164	7888	0.27513	0.719926	0.00608236	4503	1328
CAGTATGGTAGCTAGC	102685	27643	7629	0.269202	0.724017	0.00347645	3213	563
GGGTCAACATATAACC	101328	27005	7618	0.266511	0.717904	0.00459437	4074	1327
GTTACAGGTATGGTGC	100439	28326	7757	0.282022	0.726153	0.00756463	3990	1188
CTTACCGGTGTCCAGG	100840	26551	7289	0.263298	0.725472	0.00934418	2966	612
ATGCCTGAGGCTATGT	98552	26138	7040	0.26522	0.73066	0.0049746	2930	525
TCGTTATTCTCATCAT	99208	26252	8113	0.264616	0.690957	0.00453734	3361	658
TCCTCAATCTGGCTTC	95688	25574	7306	0.267264	0.714319	0.00486094	3000	608
AATGGCGCATTGACAT	96196	26588	7187	0.276394	0.72969	0.00602483	3924	1197
GTTCCCAGTGGATGTC	94995	25338	6997	0.26673	0.723854	0.00578391	2987	533
GGGATAATCGCACAAT	96053	25491	7066	0.265385	0.722804	0.00671311	3544	1126
CACGCTAAGTAAGGGC	94823	25483	6773	0.268743	0.734215	0.0056039	3107	560
GACTTAGGTTAAGTGT	94255	24902	7057	0.264198	0.716609	0.0072028	3081	548
ACCTGTTGTGATGAGG	94357	24758	7043	0.262386	0.715526	0.00748432	3337	581
CTACCTCAGCTTAGCG	94251	22329	6053	0.23691	0.728918	0.00987882	3127	918
GATTGGTTCTGTGCAG	93910	24623	6967	0.262198	0.717053	0.00428006	3020	585
CTAAATGTCCTAATGA	93172	25521	6955	0.273913	0.727479	0.00616811	3297	548
GCCTTACTCTAGCTTT	92672	25630	7209	0.276567	0.718728	0.00699571	3528	567
GCGAAGCCAAGGTCCT	93447	24720	6695	0.264535	0.729167	0.00514607	2816	517
CGAACCGGTTCCGGCT	92380	26028	6655	0.281749	0.744314	0.00747852	3739	954
GGTACAAAGATAAAGC	92085	24464	6762	0.265668	0.723594	0.00480961	2985	542
ACTCAGTAGGTGTCCA	92196	24380	6922	0.264437	0.716079	0.0065858	3003	581
TCATACTTCGATCAGT	90364	26510	7071	0.293369	0.73327	0.00515846	2677	468
GCAAACAAGCGTGCAC	91915	19163	5895	0.208486	0.692376	0.00260669	3141	740
TGGTCAAGTACCGAAC	89556	23734	6527	0.265019	0.724994	0.00540563	2974	513
TAGTCAATCGCTATGG	88710	24307	6953	0.274005	0.713951	0.00985347	3835	1210
CCTAAATCATGACTAT	88494	23238	6574	0.262594	0.717101	0.00438034	2769	540
TGACTTAAGGGCCACT	88675	21942	6359	0.247443	0.710191	0.00916557	3504	1017
GAAAGGCTCCGCATGA	87853	22794	6093	0.259456	0.732693	0.0046045	2636	468
AATAGAGGTACGATTG	87724	23083	6582	0.263132	0.714855	0.0055058	2639	538
TATCACAAGTAAAGGT	87466	23167	6336	0.264869	0.726508	0.0113985	3021	560
ACACTTGCAGTTTGGC	87045	25701	6580	0.295261	0.743979	0.00540155	3189	470
ACAACAACAGGAAGCC	86771	22792	6063	0.262668	0.733986	0.00607505	2712	440
GATTATGTCCAAACAC	87358	23389	6461	0.267737	0.723759	0.00799827	2885	507
CACATAATCGCGACAC	86647	22972	6250	0.265122	0.72793	0.00880535	2909	477
CTGGACCAGGCTGGCT	86087	22784	6224	0.264662	0.726826	0.00937033	3774	1133
CAAAGTGAGGAACACA	86278	22477	5963	0.260518	0.734707	0.0077687	2771	503
TGGTTAATCCGCACAA	85103	22732	6196	0.267112	0.727433	0.00577242	2870	483
GTTCATTTCTTAGCCC	85059	23263	6619	0.273493	0.715471	0.00812745	3753	1152
GTCGAAGCATTATGGT	84768	22403	6715	0.264286	0.700263	0.00682159	2625	509
TACGTACAGCGATAAG	84814	24949	6594	0.294161	0.735701	0.00586981	2375	422
TAGCTAATCTTAGTGA	83649	23343	6470	0.279059	0.722829	0.00739991	3019	505
GTTTAGCAGCGGCTGT	84343	22409	5993	0.265689	0.732563	0.00527599	3013	868
TAGTAAGCAGTAAAGC	83631	21700	6096	0.259473	0.719078	0.0141641	3528	1103
GAACGAATCAATCTAG	82239	23181	6118	0.281874	0.736077	0.00589649	3043	442
AAACGTACAATGCCCG	81444	21866	5874	0.268479	0.731364	0.00841412	3456	991
TACCTTAGTAGCCATA	82628	22387	6402	0.270937	0.71403	0.00662837	3263	1046
AACCTTAAGGCCTAAT	82909	23032	6530	0.277799	0.716481	0.00742606	4071	1112
ATTATGGTCATTAGGC	81201	17526	5518	0.215835	0.685153	0.00597892	3483	914
CCATTGTGTGCTCCAC	81133	21121	5785	0.260326	0.726102	0.00432758	2616	441
GCTGACCAGTTCCCGT	81376	21561	6106	0.264955	0.716803	0.00590489	3615	1016
ACCAATATCCTGATGG	79758	21580	5874	0.270568	0.727804	0.00773747	2591	499
ACGCCTTTCCTACCTA	79936	20882	5875	0.261234	0.718657	0.0160708	2638	493
GTATTGTCAAAGGCCA	79403	21736	6034	0.273743	0.722396	0.0111336	3452	989
CAGAATCTCGCTAAGT	79221	20627	5667	0.260373	0.725263	0.00595095	2609	460
AGGAACCAGTTGCCTC	79505	18755	5250	0.235897	0.720075	0.0065858	3175	837
TCCAGGATCAGGAACA	77274	18540	5432	0.239925	0.707012	0.00915685	3429	960
TGATCAATCCCTGGAA	77127	22801	6024	0.295629	0.735801	0.00747737	3267	904
ATGCAAACATACTCCT	78635	21060	5936	0.26782	0.718139	0.00659306	3052	984
CTCATGACAACCTGGT	76870	20372	5829	0.265019	0.713872	0.00814149	3562	1010
TGATTAGTCACATTGA	76999	20457	5659	0.265679	0.723371	0.00324718	2605	404
TTGCCCGTCCCTCGCA	76566	21468	5795	0.280386	0.730063	0.00285918	2093	296
GGATTCAGTAACCAGC	76538	20248	5645	0.264548	0.721207	0.00695623	3513	951
CAGCAAGCATGAAATG	76053	20654	5537	0.271574	0.731916	0.00554548	3443	967
ACCAGCTCATAAAGCA	76107	19818	5566	0.260397	0.719144	0.00472285	2773	479
AGAAACTAGGAACGGT	76045	19781	5400	0.260122	0.727011	0.00374571	2746	804
GCTAAGAAGTATTGTG	76038	20206	5649	0.265736	0.72043	0.0103479	3431	1014
ATGCGATTCAATACGC	75871	19887	5323	0.262116	0.732338	0.0055781	2758	706
GTTGCCCGTAAGGTCC	75816	19510	5660	0.257334	0.709892	0.00336852	2355	324
ACGCTTGAGATAACCC	75801	19844	5581	0.261791	0.718756	0.00532939	2699	422
ATAGCATGTGTGAGAG	75743	20377	5826	0.269028	0.714089	0.0055315	2621	470
GCCTGTGCAGTAGGTG	75484	19915	5496	0.263831	0.724027	0.00655456	3225	874
GTGGATGCACCGTTCC	75741	20087	5362	0.265206	0.733061	0.0103326	2790	802
CCATAGCCAGGCTTGT	74901	18189	5001	0.242841	0.725054	0.00729492	2699	729
GGCTTAAGTTAGCAGC	74806	20550	5584	0.274711	0.728273	0.00419101	2805	782
CAGAACCGTAGCTGGT	74542	21974	5694	0.294787	0.740876	0.00491947	2301	351
AACATAGCACGTGCTG	74521	19391	5446	0.260209	0.719148	0.00576656	3340	924
ATTAACCCAATAATGG	74716	20815	5778	0.278588	0.722412	0.00831767	3422	948
CTAGGCGGTGATGAAA	73703	19170	5316	0.260098	0.722692	0.00779083	2697	802
GGCGGTAAGCCGCTTT	74043	19612	5158	0.264873	0.736998	0.0065658	2526	399
AAGGCCCTCCGCCAAA	72563	19839	5093	0.273404	0.743283	0.00711917	3312	837
TGCGATTAGCCGCTAA	72559	20293	5454	0.279676	0.731237	0.0054228	3057	812
AACTACTCAAGGTCGA	73257	19816	5404	0.2705	0.727291	0.0123857	3414	933
AAGACATAGCTTAGCG	72027	21244	5543	0.294945	0.739079	0.00689955	2383	342
GGACCTCAGTCACGAT	71514	18989	4979	0.265528	0.737796	0.00641348	2449	349
CTCTGTTCACTTAACG	71271	18651	5487	0.261691	0.705807	0.0180409	2069	467
AGGATGCAGAGAGGAG	72522	19363	5300	0.266995	0.726282	0.0133929	3116	898
GCCATTACATCAATCG	71181	19132	5311	0.26878	0.722402	0.00760383	3358	932
TAAAGCCTCCTTCTAG	70838	17632	5184	0.248906	0.705989	0.0127199	3135	913
ACTATGTCAATGAAGC	70369	18748	5374	0.266424	0.713356	0.00963051	3207	882
CTAGATTCAACTAGCC	70247	18596	5124	0.264723	0.724457	0.00762087	2183	419
TCCACAACAGTTATGT	70207	18520	5082	0.263791	0.725594	0.00614488	2165	402
GGAGCATAGGCTGGCT	69703	18023	4934	0.258568	0.726239	0.00572396	2435	358
TGTGATCAGGTGAAAT	70347	19019	5285	0.27036	0.72212	0.00671776	2384	462
ATGCCTGAGGTTAGCT	69596	18208	5150	0.261624	0.717157	0.00764946	2693	791
CGCTACTTCTACTAAG	69281	18363	5181	0.265051	0.717857	0.00423558	2427	409
GTACTGGTCCGGCTAA	68908	20278	5414	0.294276	0.733011	0.00451942	2470	372
TGAGGCACAAAGCTAA	68959	17968	4930	0.260561	0.725623	0.00569754	2417	390
AGGTCCGGTATTGGTG	69237	18269	5232	0.263862	0.713613	0.0149885	3389	876
ACAAACTGTAGCAGCT	68823	18616	5005	0.270491	0.731145	0.00776229	2828	826
GGTAGGAGTGTTGCAA	68721	17864	5007	0.25995	0.719716	0.00826041	2464	412
CATTGTAAGTTGGCCA	68883	17871	5842	0.25944	0.673102	0.00573428	2953	861
GCCTCAAAGCCTGGTA	68671	18559	5266	0.27026	0.716256	0.0103793	3287	962
GTCATTAAGTGAGAGC	68669	18368	5288	0.267486	0.712108	0.0093706	2637	450
TAAGCCAGTAGGTTAT	68188	19492	5195	0.285857	0.73348	0.00568843	2544	333
CTAAAGCTCCTCACAC	68061	17722	4948	0.260384	0.720799	0.00853728	2337	392
TTCCTCAAGAAGGTGC	68069	18613	5109	0.273443	0.725514	0.00572302	3270	827
TCTCCTCGTTGCGCGA	67398	17756	4820	0.26345	0.728542	0.00943914	2455	699
CACCAACCAGGCCTTG	67106	17789	4713	0.265088	0.735061	0.0128935	2202	336
CGTAACTAGTCATTAG	67003	17581	5065	0.262391	0.711905	0.00633406	2387	420
CTAACCCTCCGCAAGC	66868	18144	5041	0.271341	0.722167	0.00814652	3363	908
CAATGCCCATTCAGCA	66761	17579	4855	0.263312	0.723818	0.00874885	2110	402
AACAGCAAGCTGGACC	66522	17243	4685	0.259207	0.728296	0.00914199	3101	750
AACCTCACAGCATGGA	66681	17139	4658	0.25703	0.728222	0.00799281	2369	699
GGTCAGGAGTCTCACC	66427	17819	4851	0.268249	0.727763	0.00534296	2383	397
TTCCTTCTCCCGTTGT	65627	17101	5013	0.260579	0.706859	0.004071	3048	841
TTCCCGCCATCCATCT	66086	17651	4798	0.267091	0.728174	0.00768762	2972	797
AAGGATGTCAATCATG	65376	17742	4884	0.271384	0.724721	0.0132955	3011	878
GTTGCATAGGACTAAG	65980	17444	4971	0.264383	0.715031	0.0130114	2830	928
GTACTGGTCATTAGTG	65277	17800	4991	0.272684	0.719607	0.0069561	2500	802
TGGTCATAGGACAATG	64707	17624	4758	0.272366	0.730027	0.0083482	2727	756
GATTCGCCAGAACCGA	64362	17264	4560	0.268233	0.735867	0.0092589	3059	808
CTGTTGGAGTAGCTTA	65203	17591	5332	0.269788	0.69689	0.009343	2745	841
CAGCAAGCATTTGCTC	64341	17261	4649	0.268274	0.730665	0.00799388	3110	772
GATGGACAGCTAAAGG	64207	17560	4786	0.27349	0.727449	0.012905	3065	838
GTATGTGGTAGGATCC	64033	16431	4689	0.256602	0.714625	0.00821921	2387	707
CGCTAACCACCGGCTA	64200	17126	4753	0.26676	0.722469	0.00921201	3053	780
TCGTTACGTCAAACTG	64187	17160	5054	0.267344	0.705478	0.00642394	2676	722
TTGGGCGGTACTTCAC	63929	18630	4995	0.291417	0.731884	0.00549192	2291	327
GAGTTACTCCTGAATA	64033	16807	4684	0.262474	0.721307	0.00850256	2127	402
GCTAAGAAGCTAAAGG	63571	17854	4823	0.280851	0.729864	0.0127637	2939	739
CCTAATAAGCATGTCG	63815	17110	4893	0.268119	0.714027	0.00523192	2398	376
GATCCGTCAGTAAAGC	63557	16786	4582	0.264109	0.727034	0.00754731	2108	344
CTTCAATTCCGGGACT	63499	17018	4859	0.268004	0.714479	0.00461996	3088	785
CACCGGTAGGTCGAGG	63335	16862	4505	0.266235	0.732831	0.00523246	2219	360
ATGGTCTAGGAACGCG	62731	18910	5061	0.301446	0.732364	0.0106892	2162	360
TGCTTTAGTTATCGAG	62493	16895	4808	0.27035	0.715419	0.00468266	2323	377
CGCAAATTCAAGGACA	62951	16571	4470	0.263236	0.730252	0.00583127	2581	694
TGATCAATCGAAGTAG	63116	16805	4520	0.266256	0.731032	0.00695611	2076	364
CCTCCTCTCATTAGGC	62342	16284	5695	0.261204	0.65027	0.0061145	3696	972
GGCTGAGAGGTGAGAC	62226	16334	4596	0.262495	0.718624	0.0127919	2318	709
CATTTGTTCAAGCCTG	62080	14763	4534	0.237806	0.692881	0.0094041	2435	733
GCGCCTTGTCCTTTAA	61964	16394	4810	0.264573	0.7066	0.0103084	3263	865
CTCATGACATTGCAGC	61929	16990	4622	0.274346	0.727958	0.00919334	3047	760
GCGCTAGGTGTAATAC	61824	15163	4460	0.245261	0.705863	0.00365942	2475	633
CGTCAATAGGCAACAA	61560	16241	4582	0.263824	0.717875	0.0113497	3154	872
GTTAAACGTGTTGTAG	61794	16660	4687	0.269605	0.718667	0.0101648	2900	797
GCGCGATTCATTGTTC	61407	16402	4911	0.267103	0.700585	0.00683283	3098	783
TTCGTGCTCCCTGGTT	60850	15727	4942	0.258455	0.685763	0.0146664	2496	752
GGTCCGTAGGAGGACT	60774	16242	4493	0.267252	0.723372	0.0062772	2701	764
CGTTGCAAGCCACAAT	61236	15828	4401	0.258475	0.721948	0.00529404	2259	626
TATAGGTGTTAATCGG	60523	15611	4591	0.257935	0.705912	0.00940384	2855	782
CGCTCAGCAGTAGCCT	60481	16115	4549	0.266447	0.717716	0.0115493	2875	683
GGTCAATTCCTTCTAG	60221	17248	4829	0.286412	0.720026	0.00253217	1622	243
CTCAATAAGTCATTAG	60438	16202	4530	0.268076	0.720405	0.00515416	1919	357
CCAACCCGTTTAGCGA	60326	16109	4425	0.267032	0.725309	0.00972367	2725	752
CTTAGGAGTAACCAGC	60207	15752	4582	0.261631	0.709116	0.0131027	2690	822
CTGATCACAAGACTCC	60079	15997	4391	0.266266	0.725511	0.00890991	2358	605
GAGGCAAGTAGCTAAT	60132	16765	4482	0.278803	0.732657	0.010563	2810	666
GCTTGTTGTGGAGCAA	60080	16043	4429	0.267027	0.723929	0.00607443	2183	350
TTCAGCACACCACAAC	59928	15798	4302	0.263616	0.727687	0.00861048	2888	743
TACGCACCATGTCAGC	59958	15897	4377	0.265136	0.724665	0.00755504	2772	666
GCAGGATAGACTATTG	59906	16461	4580	0.27478	0.721767	0.0100007	2726	787
TCATTACTCTGGCTTC	59777	14801	4275	0.247604	0.711168	0.00729052	2374	648
TTGTTGTTCTGTAATG	59711	15748	4544	0.263737	0.711455	0.00845112	2288	643
CAGGTTAGTTCCGCAC	59386	15792	4330	0.265921	0.725811	0.00548444	2187	655
CACCGGTAGTTATCTC	58928	16310	4588	0.276778	0.7187	0.00425101	2652	670
CTTACCGGTTTGAGCA	59548	15680	4414	0.263317	0.718495	0.0130987	2407	672
TTTACGCGTAAGGTCC	58960	15181	4176	0.25748	0.724919	0.026999	1851	375
TCGCTAACATCCTGAA	58844	15742	4533	0.267521	0.712044	0.00589793	2165	337
GATTGGTTCGATAACC	58584	15651	4333	0.267155	0.723149	0.00654121	2179	651
TCTCAATTCTTAATGG	58683	15957	4568	0.271919	0.713731	0.00628557	2264	395
CAATGTGGTCAGGAAG	58560	15806	4156	0.269911	0.737062	0.0118132	2606	737
GGATTGCGTCAATACG	58375	17086	4464	0.292694	0.738733	0.0124612	2059	313
GCGGATACATTTAAGC	58173	15900	4369	0.273323	0.72522	0.01027	2626	681
TGTGTGAGTCATCCTG	57962	15569	4502	0.268607	0.710836	0.0103123	2262	687
GTTACTAAGGCTTAGT	58000	15593	4576	0.268845	0.706535	0.00680952	2688	770
TGGCCATCATAATGTC	57940	17264	4530	0.297963	0.737604	0.0103978	2115	325
CCTAAGGTCGTTACTT	57951	15601	4547	0.26921	0.708544	0.0072386	2080	371
ACTGAAACACAGGGAC	57825	15197	4146	0.26281	0.727183	0.014873	2741	734
TCAGTAGGTAAATTGC	57641	13668	4089	0.237123	0.700834	0.0259716	2581	742
GGATGAATCAATTGGC	57661	15949	4434	0.276599	0.721989	0.00895403	2782	692
TTCCTCAAGGTCCAAT	57540	14837	4149	0.257855	0.720361	0.00623647	1728	317
GGATTCAGTCAAAGAA	57271	14782	4320	0.258106	0.707753	0.00612034	2779	711
ATGCCTGAGGACTAAG	57402	14865	4064	0.258963	0.726606	0.00667854	2042	584
AGACCCGGTCATAAGT	57061	15425	4249	0.270325	0.724538	0.0078556	2181	660
CGTTAGTAGGAGCACG	57085	16452	4578	0.288202	0.721736	0.0118925	2516	632
TTGTAAGTCCGTTATT	57060	13541	4172	0.237312	0.691899	0.00594219	2743	676
GTATTGATCGCTAGCA	56716	14824	4275	0.261372	0.711616	0.00742041	2494	620
TATCACGCAGGTTTGC	56466	14888	4026	0.263663	0.729581	0.0102511	2690	715
CGGCCATAGCCTGATG	56566	14389	3873	0.254375	0.730836	0.00710895	2242	591
ATTGACTCACCATATG	56355	15159	4390	0.268991	0.710403	0.00848913	2044	340
ACCTTCATCCAGCACA	56373	14981	4154	0.265748	0.722715	0.00515296	1971	295
TGACTTCGTCTTACTA	55640	14692	4218	0.264055	0.712905	0.0132927	2559	754
TAACCTAAGGAACCGG	55896	14505	4030	0.2595	0.722165	0.0173324	2422	708
GGCGTTATCTAGCGTG	55506	14566	4049	0.262422	0.722024	0.00593675	2193	628
GGTTCTTGTTTGGTTC	55217	15060	4497	0.272742	0.701394	0.00640349	2902	709
GATGCATTCCTTCAAT	55303	15819	4363	0.286042	0.724192	0.0075043	2584	678
ACGCCTAAGGCGCATC	55493	14579	3975	0.262718	0.727348	0.0088089	2856	668
GCCTTTATCCTTCTAG	55198	15229	4560	0.275898	0.700571	0.0123409	2566	810
AAAGCACCATTGACAT	55165	16009	4182	0.290202	0.738772	0.00768335	1773	279
CCTGGATCAATAATCC	54853	14742	4047	0.268755	0.725478	0.00896413	2437	657
CAGCATGTCCTCCTAA	55081	15054	4232	0.273307	0.718879	0.0083854	2743	680
GGTAAACCAAGTGTCC	54489	15568	4033	0.285709	0.740943	0.0269622	2770	740
AACGCTAGTCACAGCG	54436	13981	3839	0.256834	0.725413	0.00645058	2180	580
TACAATGTCGTTATCT	54404	15642	4392	0.287516	0.719217	0.0091323	2672	635
GCGCAATGTCCGGTTC	54301	14813	4167	0.272794	0.718693	0.0109436	2929	715
AGGATGTCAGCATGTC	54247	15955	4282	0.294118	0.73162	0.00861265	1905	277
ACGATTCAGGAAGCTA	54193	15075	4235	0.278172	0.719071	0.012202	2799	692
GCGGATACAAGCTTAT	54090	16080	4190	0.297282	0.739428	0.00962991	1776	282
AGCTAGTTCGCTCCAT	54175	13595	3778	0.250946	0.722104	0.00971371	1935	580
CAGCTCAAGACACCGC	53951	14404	3768	0.266983	0.738406	0.00609946	1760	278
TACGTAATCGCATTAA	53607	14404	4120	0.268696	0.713968	0.0108801	2744	730
GCTTGTTGTAGCTAGC	53214	14506	4094	0.272597	0.717772	0.00404878	2111	567
TCTTGACGTACGGTAC	53315	14178	3911	0.265929	0.72415	0.0123431	2723	677
CCCGCAACAGTGAACG	53234	14746	3918	0.277003	0.734301	0.0103421	2870	629
GATTGGCGTCATCATC	53068	13830	3859	0.260609	0.720969	0.00727012	2149	572
TCCCGGACAGCTAATT	52844	14309	3864	0.270778	0.72996	0.0103752	1981	530
TCCATTGTCAATAGCC	52696	14055	3873	0.266719	0.72444	0.00861499	1763	312
TAAACAGCATAATTGC	52483	14108	3930	0.268811	0.721435	0.00977009	2612	711
GGATTGCGTCAATGTG	52693	14048	3847	0.266601	0.726153	0.00680803	1922	276
CTAGTTGCAAGGTACG	52434	14085	3999	0.268623	0.716081	0.0102446	2616	608
TGTGGAGCAGGAACCA	52479	14341	3877	0.273271	0.729656	0.0117958	2588	724
TCACCTCAGGCTCATG	52275	13869	3931	0.265308	0.716562	0.0103924	2741	664
AAGCAAGTCATGAAGG	52064	13808	3890	0.265212	0.718279	0.00844538	2269	626
CGCTCAGCAAATTCGT	52392	13820	3815	0.263781	0.723951	0.00821575	2073	583
GGGCATTGTGCTAGAC	51838	14732	3970	0.284193	0.730519	0.00839155	2274	556
GAGGCTACAACATAAG	52041	13992	3863	0.268865	0.723914	0.00896292	2477	685
AGTAATGCATGGAGGC	51826	13907	3892	0.26834	0.720141	0.00947678	1984	587
GGCTTAAGTAATAGCT	51632	14984	4052	0.290208	0.729578	0.0108513	2063	546
GTCCATTGTATGGTGC	51533	14193	4060	0.275416	0.713943	0.014657	2770	752
ACCGCAATCCTTAGTT	51587	14103	3824	0.273383	0.728852	0.00467888	2101	563
TACGGATTCGCCTGTT	51420	13407	3819	0.260735	0.715149	0.00935094	2002	562
AATCCGTAGCATGGTT	51627	13698	3755	0.265326	0.725872	0.00815142	1828	273
GTGTAACTCGTTCACC	51329	13506	3722	0.263126	0.724419	0.00720444	2042	567
CCCAGCACAGGAACTG	51259	13331	3634	0.260071	0.727402	0.00746042	1888	504
GCCTGCTGTAATCACG	50833	14052	3834	0.276435	0.727156	0.0115716	2209	547
GCCACAATCCTTCAAT	51105	14551	3855	0.284728	0.73507	0.00797344	2370	579
CGTGTGTCAAACTGCC	51219	13854	5321	0.270486	0.615923	0.00769841	2679	733
GCGAAGCCATTATGGT	50729	13478	3739	0.265686	0.722585	0.00949891	1988	571
TTAGACTCAAATTCGT	50525	13579	3875	0.268758	0.714633	0.00558881	1981	585
TCGCGAGGTCAATAGT	50226	13446	3946	0.26771	0.70653	0.0192151	2667	712
AAGGATGTCCTAATGA	50156	13768	3722	0.274504	0.729663	0.0150562	2630	668
GAGCCACTCCAAGTTA	50131	13504	3703	0.269374	0.725785	0.0117571	2739	652
ACTTAGTCATTGTGCA	50124	13391	3997	0.267157	0.701516	0.00698232	2638	655
TAGCTAATCCCGTTGT	49496	13723	3840	0.277255	0.720178	0.00794287	2518	604
TACGTAATCATTAGGC	49892	13535	3954	0.271286	0.707868	0.00512937	1881	294
AATTTGCCATCATGGC	49810	13300	3665	0.267015	0.724436	0.00723222	2460	652
TAAGGCTTCAGGAACA	49078	13349	3573	0.271996	0.73234	0.0104756	2419	622
CAAGAACCAGCCTTGG	49575	13331	3594	0.268906	0.730403	0.0093727	2367	626
CCATAGCCAGCTCAAC	48962	13345	3610	0.272558	0.729487	0.0103764	2416	604
GGAACGGTCGAGGAGT	48897	13071	3593	0.267317	0.725117	0.0222755	2781	615
GGAATCTTCAGGATGA	48889	13108	3863	0.268118	0.705294	0.0219918	2252	726
CCTTAGTGTCATTAGG	49051	13159	3870	0.268272	0.705905	0.0170924	2136	629
CTCGCTAGTCGTTATC	48928	13462	3906	0.275139	0.70985	0.012756	2595	668
ATCACTAAGCACCACA	48603	13259	3567	0.272802	0.730975	0.0129449	2528	637
GGTTTCTGTTAATGAC	48526	12890	3668	0.265631	0.715438	0.0245141	2338	654
GGTTTAATCCTGCGAA	48747	13895	3794	0.285043	0.726952	0.00985657	2251	589
CCTTATGTCGCATCCT	48516	12695	3707	0.261666	0.707995	0.00825429	1996	535
GTGGTTAGTTGTTGGA	48219	11183	3576	0.231921	0.680229	0.00975547	2195	562
GTTAAGCTCACCGGTA	48301	12988	3615	0.268897	0.721666	0.00633118	1929	501
TTGTGCGAGTTTGTCT	48127	12740	3692	0.264716	0.710204	0.00933563	2503	625
ACCTACCTCTAACCTT	47984	13031	3727	0.27157	0.71399	0.00890026	2181	613
GAGTGAGGTGGAAGGC	47770	8657	2439	0.181223	0.718263	0.00639746	1077	156
TAGTTTGAGTCCTGAG	47790	12749	3539	0.266771	0.72241	0.00908484	1855	465
TGTTATGAGGACACTT	47707	12928	3720	0.270987	0.712252	0.0158262	2583	633
AGTCTTGCAAATTCGT	47907	13009	3699	0.271547	0.715658	0.00880362	2296	574
ACCTAAGGTGGCTTCC	47709	13979	3782	0.293006	0.729451	0.00747678	1637	251
TTGGATCAGGCGTAAA	47618	11935	3421	0.250641	0.713364	0.0307136	2142	553
CCCAACCGTACCAGGT	47423	12511	3377	0.263817	0.730078	0.0118853	2169	558
TCCTCACAGGTCGATT	47167	12568	3539	0.266457	0.718412	0.00874103	1768	249
TGAGGGAGTTCATTTG	47418	12554	3506	0.264752	0.720726	0.0131246	2364	642
AAGGAAGCATAAACCT	47162	13563	3641	0.287583	0.731549	0.00932605	2335	566
TTGTGTGCAAGGCCAA	47303	12961	3576	0.274	0.724095	0.0137209	2506	605
TCATACTTCCTTGTTG	47042	12401	3585	0.263615	0.71091	0.0249481	1832	568
CTCCAAACACAGGAAT	47006	12672	3534	0.269583	0.721117	0.0202172	2462	664
GGAACTAAGAACCTGT	46850	12643	3605	0.269861	0.714862	0.0191664	2001	616
TCCATTGTCTGTTGCC	46949	12695	3593	0.2704	0.716975	0.00414524	1518	253
TCGTTATTCTCACTAT	46833	12222	3712	0.26097	0.696285	0.00888974	1898	510
TACAGCTAGTTTGGGT	46513	12209	3542	0.262486	0.709886	0.0196252	2201	626
TAATGGTGTTCCATTA	46354	12412	3477	0.267765	0.719868	0.0208317	2419	642
TAATTGCCACCAGGTT	46796	12433	3410	0.265685	0.72573	0.00967914	1816	495
TTGGAGGCAGCCAGTT	46322	12404	3385	0.267778	0.727104	0.0115113	2262	575
AGTGCACGTTATCCTA	46316	12414	3522	0.268028	0.716288	0.0184401	2358	639
GCGAAGTAGGCTGTCA	46299	12037	3221	0.259984	0.732408	0.00626031	1831	430
CTTTATGGTTCGCGCT	45885	12497	3585	0.272355	0.713131	0.0130887	2490	646
TCATTGCGTTGCACAA	45715	12952	3470	0.283321	0.732088	0.0118289	2310	519
AAGGTCAAGCTAAAGG	45564	12251	3347	0.268875	0.726798	0.00578641	1848	522
AGCCGGTTCCAGCACA	45553	12686	3403	0.278489	0.731752	0.00925392	2138	444
GCTCACAAGCCACAAT	45523	13432	3433	0.29506	0.744416	0.0069093	1608	206
GGTAGGAGTCCTTTAA	45278	12695	3613	0.280379	0.7154	0.00930598	2353	568
AGAGGAACAGTTTGGC	45210	11734	3371	0.259544	0.712715	0.0127282	2386	609
GATTCATCACGAATCC	45121	12108	3355	0.268345	0.72291	0.0114195	2209	575
GGAGCATAGCGCATTG	45413	12173	3309	0.268051	0.728169	0.0087523	2124	531
GCTAACCCAGCTTAGC	44744	11614	3189	0.259566	0.725418	0.00474114	1813	451
ACCAGGCTCGGTTCCT	44911	12111	3408	0.269667	0.718603	0.00900217	2462	589
GTGGACACAAGTCGCT	44743	11930	3448	0.266634	0.710981	0.00725401	1767	516
CTGGTTACAGCAAGTG	44880	13426	3524	0.299153	0.737524	0.0107959	1909	465
CTACCGGCATCCCGCT	44509	11856	3305	0.266373	0.721238	0.0121305	2113	554
AACCGGCTCCTTAATC	44484	11880	3280	0.267062	0.723906	0.00653696	2082	531
TCCTAGTGTTCACCCA	44479	12576	3549	0.28274	0.717796	0.00948966	2527	588
GCCAATTAGGAGGCAT	44419	11980	3355	0.269704	0.71995	0.0222417	1959	580
GTCCAAGTCAATTGGC	44415	13048	3436	0.293775	0.736665	0.0114106	1469	228
GGAATCTTCCTAATTC	44308	11871	3311	0.26792	0.721085	0.0159156	1809	519
GCCTTAACACCTGTAA	43861	10676	3262	0.243405	0.694455	0.0229692	2219	567
AATCAGGAGCTGAGGG	44137	11793	3243	0.267191	0.725006	0.00839677	1884	507
GGGTTATTCATAGCCG	44126	12010	3348	0.272175	0.721232	0.00895851	1841	514
TTGCAACAGACTAAGG	43791	10894	3125	0.248773	0.713145	0.00562229	1859	503
CTCAATAAGCCACAAT	43615	12536	3384	0.287424	0.730057	0.00940562	1531	247
CTTACCTCAGAACCGA	43554	10030	2995	0.230289	0.701396	0.00630334	2084	409
GACTTGGTCCGCAACA	43737	11366	3215	0.259872	0.717139	0.0130478	2223	574
TGTTAGCAGTGTTGCG	43542	11973	3398	0.274976	0.716195	0.0136195	2399	602
GAAGGAACAGTAGGAT	43212	12986	3273	0.300518	0.747959	0.0110045	1760	393
GCCACTAAGCACAGCC	43187	11320	3066	0.262116	0.729152	0.0107814	2171	516
ACTGAATGTGTGTGGT	43352	11589	3311	0.267323	0.714298	0.0103728	1995	543
CATTATCTCTTAGCCC	43159	12107	4040	0.280521	0.666309	0.00801797	2532	685
GGTAAGGGTAACCAGC	42918	11545	3069	0.269001	0.734171	0.00289561	1554	337
TGATTGCAGCACAGCC	42912	9807	2925	0.228537	0.701744	0.0264266	1876	496
CTCCGGACAATAGTCT	42814	11856	3252	0.276919	0.725709	0.0106466	2223	544
CTAGGACGTCCTGATT	42638	12408	3319	0.291008	0.732511	0.0076547	1624	230
GTGCTTACATTCCTGT	42831	11547	3203	0.269594	0.722612	0.00912168	1702	483
TGCATCCTCAAAGGCA	42537	11341	3013	0.266615	0.734327	0.00760367	1624	433
GAGCTTAGTGCATTAG	42282	11465	3316	0.271156	0.710772	0.0181173	2377	592
GAAGTATAGCCTAATA	42108	11411	3136	0.270994	0.725177	0.0128715	2277	540
GTCCTCAGTGATGATT	42151	11384	3284	0.270077	0.711525	0.0137365	2009	568
TATGGATGTCTATCGT	42106	12279	3313	0.291621	0.73019	0.00915481	1925	441
TGTTGTAAGGCATTAC	42377	10962	3090	0.258678	0.718117	0.00758225	1691	437
TGCAAGCGTTAACACG	42005	11184	2932	0.266254	0.73784	0.0170863	2200	481
GAGCCACTCGATTTGA	41992	11639	3174	0.277172	0.727296	0.00967276	2344	491
GTCATTAAGCTATTAG	41893	11305	3453	0.269854	0.69456	0.0150799	2140	632
AGGTTAGAGGTGCGGA	41766	11391	3156	0.272734	0.722939	0.0193185	2269	556
GAGAGGCGTTAACGAT	41823	11140	3030	0.266361	0.728007	0.0189678	2048	540
TATCACGCAACTCGCG	41736	12165	3192	0.291475	0.737608	0.0078743	1479	204
GATGCAGCATGAATCT	41550	8638	2486	0.207894	0.712202	0.00456645	1495	267
GATTCCTGTTAACACG	41624	11123	3164	0.267226	0.715544	0.00958747	2102	500
ATTCGTTTCTTGGATA	41514	12302	3278	0.296334	0.733539	0.00551706	1619	212
TGTCATAAGTATTGCA	41538	10383	3109	0.249964	0.700568	0.0295212	2054	556
ACCTGGTCAATTTAGC	41420	11324	3213	0.273394	0.716266	0.0114796	2352	553
TAATGGACATAATCCG	41391	12149	3106	0.293518	0.744341	0.00994303	1572	374
AAGGTGCAGCATTATG	41459	10347	3084	0.249572	0.701943	0.00726997	2221	499
TGCTCTCAGTTAACCA	41249	10957	3139	0.265631	0.713516	0.0108333	2115	600
CCTTAGTGTAAGCACC	41262	11086	3259	0.268673	0.706026	0.0175655	2183	575
TGGTGCATCCACCCTG	41195	11260	3055	0.273334	0.728686	0.013012	2302	510
GGTTACTAGTTGTCTT	41374	11134	3274	0.269106	0.705946	0.0171877	2241	569
CCGTTAACAGGTTAAA	41221	7029	2650	0.17052	0.62299	0.0084043	1911	447
GGCTCAATCCTTCAAT	41170	11419	3219	0.277362	0.718101	0.0209414	2165	600
CCAGCTAAGGCCGGAA	41069	11617	3133	0.282865	0.730309	0.0166314	1903	425
CGAAGTAAGGACTAAG	40911	10900	3027	0.266432	0.722294	0.00593262	1970	497
GACCGAACACCTACGG	40883	10610	2882	0.259521	0.728369	0.0137626	1655	426
CGGCAATGTTAGGTGC	41105	12002	3073	0.291984	0.743959	0.00922823	1480	184
CAAGTGAAGCTACTGG	40880	10856	3053	0.265558	0.718773	0.0176625	2188	557
TGAGGCACAGTGAACG	40650	10570	2844	0.260025	0.730937	0.00847589	1766	402
TTTGCGACATGCTATG	40664	11022	3047	0.271051	0.723553	0.0157587	1973	500
GACCTAGTCAGCTAAC	40615	11984	3136	0.295063	0.738318	0.00856751	1476	214
GGTCAAGCACCAGCAT	40640	10979	2993	0.270153	0.727389	0.0104666	1513	397
ATTGGCTAGTTTGGGT	40492	10632	3132	0.26257	0.705418	0.00898389	1614	477
TACCCGGCAGGTTACC	40447	10964	2938	0.271071	0.732032	0.0123129	1972	511
GCTAAGTTCTTGCAGG	40380	10539	3078	0.260996	0.707942	0.0205753	2107	569
AGGTGAGGTGGCTTCC	40400	10873	3019	0.269134	0.72234	0.0112995	2190	532
CCACTTGGTTCCGCAC	40372	10772	2895	0.266819	0.731248	0.00598074	1399	190
ATGTCATCAGCAAGTG	40248	11315	3164	0.281132	0.720371	0.0190754	2048	484
ACCGGCTAGGCGAAAC	40320	10434	2751	0.25878	0.736343	0.00989227	1528	415
CCATAAGGTAGCTAGC	40120	11043	3029	0.275249	0.725709	0.00771044	1723	379
CAAGGCTGTATGGTGC	40101	10531	2972	0.262612	0.717786	0.0120684	2087	520
AACTTAGTCTTGTCCA	40192	11202	3176	0.278712	0.716479	0.00945793	2112	460
CTCTGTTCACCTGCCT	40097	10544	3130	0.262962	0.703149	0.017668	2109	583
TTGTCCCAGTCGCTAG	39946	10988	3129	0.275071	0.715235	0.0134131	2280	490
CTCAGGATCGAGCTAT	39872	10311	2955	0.258603	0.713413	0.0142548	1547	447
CAGCTATAGACTTACA	40043	10345	2901	0.258347	0.719575	0.00614077	1596	446
AGGAACGGTCATAGAT	39956	10794	2806	0.270147	0.740041	0.0104695	2179	423
TTAAGCCAGGACCTCA	39652	11034	3066	0.278271	0.722132	0.0142522	2218	530
ATATGTCCATAGTCAT	39747	10335	3006	0.26002	0.709144	0.00955159	1674	445
CTAGTTGCATGCTTAG	39754	10920	3132	0.274689	0.713187	0.00797314	2135	512
CAGAACCGTAAATTGC	39639	10404	2849	0.262469	0.726163	0.012642	1565	437
GGGAATATCGCATTAA	39824	10786	2930	0.270842	0.728352	0.0119707	1569	432
CAATCGCCACCTGCCT	39582	11103	2911	0.280506	0.737819	0.0074043	1645	360
CGTTGCGCAGCCTAAC	39412	11311	3052	0.286994	0.730174	0.00859094	1766	383
GCGATATTCGGCTATG	39614	10518	2927	0.265512	0.721715	0.010133	1369	215
GGCAAATCAGCAAGGC	39626	10842	3001	0.273608	0.723206	0.0102403	2187	493
CTTTGTCCAGGCATGA	39271	10551	3019	0.268672	0.713866	0.0211616	2098	526
ATAAGCCTCCCTCGCA	39093	10276	2791	0.26286	0.728396	0.0146981	2064	484
CTGTACCTCCCGTTGT	39172	10650	3061	0.271878	0.712582	0.0145039	1991	514
ACTTGTCGTTAACACG	38887	10414	2878	0.267802	0.723641	0.0127673	1445	437
TCATCCATCTAGCGAT	38871	10370	2935	0.26678	0.716972	0.0149635	1886	528
GTGCTGATCGTGCTAG	39156	10654	3054	0.272091	0.713347	0.0086293	2158	439
GATTGCAGTTTGTCTA	38860	10079	3036	0.259367	0.69878	0.0113194	2129	525
ATCCAACAGTTAGACC	38855	10385	2893	0.267276	0.721425	0.0142037	1520	444
CAAATCATCTCCATGC	38702	10241	2928	0.264612	0.71409	0.0131189	2029	497
TCATAACCAAGGTCCT	38650	10113	2876	0.261656	0.715614	0.00932797	1504	426
ATTACGTCACATAGCC	38596	10464	2962	0.271116	0.716934	0.0206916	2045	547
TCAGTGAGTTACTTCA	38690	10533	3066	0.272241	0.708915	0.012928	2156	553
CCAGTTTGTCGAAGTC	38530	11237	3074	0.291643	0.726439	0.00832002	1641	365
TCTTGACGTACCGAAC	38516	10524	2859	0.273237	0.728335	0.0224436	2022	515
TCATTGTTCGTCAAGT	38586	10459	3065	0.271057	0.706951	0.0140855	2176	541
AGTAAGTAGGTCCGTA	38491	10521	2958	0.273337	0.718848	0.0177075	2198	569
GGCAATCGTGAGACTC	38447	10224	2952	0.265925	0.711268	0.0344409	1948	493
TTGTCCCAGCTGCACA	38378	10366	2808	0.270103	0.729114	0.0122964	2076	491
GTTTACCGTATTGTGG	38335	10939	3106	0.285353	0.716062	0.00689239	1994	414
GGCATGGAGGTAAGGC	38398	10361	2862	0.269832	0.723772	0.015595	2294	473
GGCATTGTCGGCTAGC	38325	10069	2723	0.262727	0.729566	0.0160365	1698	397
GCCTATTGTCTAACAG	38301	10260	2947	0.267878	0.712768	0.00810078	1716	454
GGTGTCCAGGTCGATT	38294	11434	3246	0.298585	0.71611	0.011973	1716	428
ACTTGAATCGGCTAGC	38223	9787	2758	0.25605	0.718198	0.0137625	1670	421
CTTTATCAGGATCCGC	38232	9991	2892	0.261326	0.710539	0.00680823	1585	414
TTAGACTCAGGAACCA	38217	10650	2974	0.278672	0.720751	0.0181517	2074	516
TACAGCTAGGGCTAAA	38127	8015	2627	0.210218	0.67224	0.0140483	1928	429
CAGGACCTCAGCAAGA	38115	9651	2766	0.253207	0.713398	0.019163	2005	457
TGGTCATAGCTTACTT	37932	10525	3012	0.27747	0.713824	0.0254392	1850	531
GTCTTTAGTTGGGTTA	38115	11183	3219	0.293402	0.712152	0.00765904	1635	369
ATCACTAAGATAACCC	37892	11105	2969	0.29307	0.732643	0.00763873	1593	375
GCTAACAGTGGACATC	37932	9769	2803	0.25754	0.713072	0.0193969	1588	419
GAAGGATGTAGGATTT	37811	9879	2776	0.261273	0.719	0.0288116	2095	442
AGGACGTAGGCATGTT	37802	10147	2805	0.268425	0.723564	0.0184724	2109	439
ACCAAACTCAAGTGAG	37641	10421	2759	0.276852	0.735246	0.020565	2064	499
GATAGACCACAGGATG	37464	9987	2734	0.266576	0.726244	0.010472	1642	461
GCGCTTGCACAACAAA	37537	9781	2689	0.26057	0.725079	0.0213027	1884	472
CCGTTATGTTAGGACC	37715	9945	2996	0.263688	0.698743	0.017631	1931	508
CCCAGCACAGTCTATG	37395	9971	2854	0.26664	0.71377	0.0128189	1840	469
GTTCCCAGTAGCTGGT	37278	9663	2685	0.259215	0.722136	0.0104281	1570	390
CTCTGTTCAGAGGCTA	37184	10082	2903	0.271138	0.712061	0.00904108	1946	479
TTCCTTCTCAGAAACG	37170	9896	2701	0.266236	0.727061	0.012708	1192	192
TCAAGAACAGGAAGCC	37200	9897	2659	0.266048	0.731333	0.012688	1888	464
CACTTTGTCATTTAGG	37037	10001	2925	0.270027	0.707529	0.0080069	1845	510
GAGGAGGCAAATGCCC	37009	9874	2702	0.2668	0.726352	0.0160223	2108	445
CAACCGGGTTGGTTCT	36987	9572	2655	0.258794	0.722628	0.0136701	1494	404
ACCAGGGAGGCTTAAC	36980	9996	2756	0.270308	0.72429	0.0133959	2017	468
TCTGTGACAGGATTAA	36983	9716	2759	0.262715	0.716035	0.0102842	1533	404
GATGAGGGTTGACTTC	36937	9875	2726	0.267347	0.723949	0.00798723	1865	459
AACCTAATCAATGAGG	36869	9649	2702	0.26171	0.719971	0.0279369	2103	466
TTCAGGTAGCTCATAA	36913	9946	2836	0.269444	0.71486	0.0277088	2047	505
AGGATTGAGTATTGCA	36891	10627	2971	0.288065	0.720429	0.0107842	1954	445
ATTATGGTCAGCAAGA	36813	10540	3000	0.286312	0.71537	0.0115314	1971	452
GGGTTACGTCTTTGAC	36769	9955	2807	0.270744	0.718031	0.0219323	1969	488
CGAACCGGTAATCGCA	36530	9221	2527	0.252423	0.725952	0.0157333	1765	456
CAGGATGCAAAGCGCA	36545	9931	2740	0.271747	0.724096	0.011621	1965	434
ATTGACTCAACTAGCC	36481	9750	2806	0.267262	0.712205	0.0126862	1813	507
TGACTCCTCTCTAGCC	36606	9641	2765	0.263372	0.713204	0.0115902	1634	408
CATGGATTCGCACACA	36358	9430	2623	0.259365	0.721845	0.0138238	1385	388
AGTCAATGTTTAGCTC	36181	9800	2859	0.27086	0.708265	0.0199772	1974	491
ATCCACCTCGATATTG	36356	9907	2738	0.2725	0.72363	0.0313991	1744	480
GTGCTTACAAGTTATC	36288	9997	2829	0.275491	0.717015	0.0151726	2112	455
GTGCACGGTCGCATAA	36171	9782	2731	0.270438	0.720814	0.03291	2024	475
CTCGCTCCATCAGCAC	36152	9947	2763	0.275144	0.722228	0.00699573	1965	434
TACGTTAAGTGAACAG	36123	10652	2858	0.294881	0.731694	0.0112755	1784	356
CGGAATCGTTACAAAC	36147	7476	2130	0.206822	0.715088	0.00801802	1703	263
CAAGCTAGTGCACGCA	36078	10218	2786	0.28322	0.727344	0.0161101	2135	445
GCTTATCGTACCCACC	36002	9532	2697	0.264763	0.717058	0.0106157	1578	371
CCTACTGGTCGTTACT	35943	9702	3298	0.269927	0.66007	0.00814599	2327	529
AGCACTTAGCAAGGAC	35768	10038	2711	0.280642	0.729926	0.0134606	1865	445
GTGCACGGTACTAAAC	35792	9189	2563	0.256733	0.72108	0.00877388	1439	369
GCACGGTTCAACAAGG	35901	9632	2658	0.268293	0.724045	0.0160151	2024	438
TCTCACCAGGAGTCTT	35767	9909	2760	0.277043	0.721465	0.0154322	1944	445
GATTCGCCACAGAACG	35730	6481	1967	0.181388	0.696497	0.00617398	1511	254
CATAGCTAGATAGACG	35714	8691	2547	0.24335	0.706938	0.00724318	1822	405
CTGCTACTCGTTATAG	35551	9677	2778	0.272201	0.712928	0.022529	1826	481
AGAGAAGCACAGACTC	35398	9479	2544	0.267783	0.731617	0.010732	1428	369
GACCTGATCTGTAATG	35618	9381	2645	0.263378	0.718047	0.00655479	1406	385
CGCTACTTCGCTATAA	35469	9418	2698	0.265528	0.713527	0.0120854	1845	478
GTGTGTTAGCAAGATG	35278	9082	2732	0.257441	0.699185	0.0228217	2029	497
AGCACTAGTCAATAGT	35277	9490	2580	0.269014	0.728135	0.0114552	1287	202
TGCCTGTTCAGGCCTA	35144	9327	2494	0.265394	0.732604	0.0128008	1804	413
AGCAAATAGTCCTGAG	35180	9740	2667	0.276862	0.726181	0.017578	1828	468
AGTGCCGGTGGTTCCC	35117	9465	2575	0.269528	0.727945	0.0133346	1992	409
GGTTGCATCTCTAGCC	35179	9285	2663	0.263936	0.713193	0.0169895	1866	445
CTTGCATGTCTCACTG	35003	9480	2729	0.270834	0.712131	0.0165258	1991	463
TAAGGACCAATCATGT	34928	9589	2638	0.274536	0.724893	0.0137193	1814	457
ACCATTAAGTCGCTAG	34762	9438	2933	0.271503	0.689235	0.0207412	2148	514
AAGAACAGTATTGCAG	34751	9932	2834	0.285805	0.71466	0.0102663	1278	226
GGCATGGAGGCAATAG	34898	8865	2519	0.254026	0.715849	0.0128033	1626	397
ACCTTGTGTTACCTGT	34958	9469	2829	0.270868	0.701236	0.0234748	1883	496
GTTAATGTCCGCTAGA	34663	9476	2638	0.273375	0.721612	0.0106605	1755	411
CGATGTCCATTAAAGG	34585	9478	2591	0.274049	0.72663	0.0271744	1799	462
AATTAGCGTTAAGGCC	34568	9679	2566	0.279999	0.73489	0.0153708	1964	410
GACACCGGTATTGTCC	34564	9518	2562	0.275373	0.730826	0.00852341	1670	340
ATTTGCGCAACCCTCC	34555	9645	2631	0.27912	0.727216	0.0112208	1695	365
TATGACATCCGCCTAT	34535	9287	2646	0.268916	0.715086	0.0136448	1920	431
TTTACGAAGAATCGCT	34475	9336	2566	0.270805	0.72515	0.0162875	1945	444
GTCCTCCCAGCTTAAT	34476	10116	2796	0.293422	0.723606	0.00691922	1433	334
CAGTACCCAATAACCT	34521	9120	2540	0.264187	0.721491	0.0119868	1300	367
AGCTTAATCACCTGTC	34472	9332	2758	0.270712	0.704458	0.0118261	1914	490
TTGGCTACATCCCTCA	34416	7946	2435	0.230881	0.693557	0.0155294	1782	395
GACCTTTGTATTTGGG	34393	8982	2623	0.261158	0.707971	0.0133111	1859	452
CTTTAGTTCTTGGACG	34449	8983	2640	0.260762	0.706112	0.0180302	1870	441
TTGCTCTCAGCACCAT	34382	9230	2672	0.268454	0.710509	0.0112269	1700	430
TGGATTCAGGCTGGCT	34419	9127	2490	0.265173	0.727183	0.0150581	1378	387
AATCCATCACATACTG	34290	9279	2622	0.270604	0.717426	0.0119134	1804	395
GGTTCTTGTCACACCC	34157	9468	2669	0.277191	0.718103	0.0070206	1571	335
TAGGTGCGTTTCCTCC	34206	9224	2512	0.26966	0.727667	0.0140609	1639	346
CAACAATGTGCTCACC	34140	9128	2471	0.26737	0.729294	0.0158182	1594	377
GCGGTTGGTAGCTAGC	34218	9503	2588	0.277719	0.727665	0.0164809	1915	410
AAGGTATAGTAGGATG	34112	9406	2652	0.275739	0.718052	0.0230894	1418	340
GGTGAGCCAAGCTAAA	34086	9929	2669	0.291293	0.731191	0.0129257	1180	171
CGATTATCATTGCGAC	34080	9206	2923	0.270129	0.68249	0.00915847	2086	480
AGATGCTTCATCACTT	34059	9434	2725	0.27699	0.711151	0.0321602	1842	526
AAACCAACACATAACT	34028	6865	2110	0.201746	0.692644	0.0116026	1525	323
GGCCAGTTCGCAATCG	34027	8841	2502	0.259823	0.717	0.0138045	1498	384
GCCTTGCGTGATCCTT	33931	9293	2658	0.273879	0.713978	0.00907774	1992	406
CAAACACTCTTGGACG	33942	9155	2533	0.269725	0.723321	0.0119528	1709	428
TCGCTAACATTGCGAC	33860	8860	2560	0.261666	0.711061	0.0188928	1936	430
TTGGCTACAATGCCCG	33799	9152	2443	0.270777	0.733064	0.0207294	1708	444
CGGTTGGGTATTGCAG	33854	9299	2761	0.27468	0.703086	0.017086	1995	444
CATATCGCACCTCACC	33780	9141	2525	0.270604	0.723772	0.011183	1685	400
CTTGCAACAAATTCGT	33647	9364	2615	0.278301	0.720739	0.0167879	1875	472
CGCACAATCAAGACTC	33792	8822	2408	0.261068	0.727046	0.0129129	1776	383
GCAAACAAGCTAATCA	33669	9257	2511	0.274941	0.728746	0.0180548	1717	450
TAGCCGGGTAGCTAGC	33698	7659	2277	0.227284	0.702703	0.00573719	1689	342
ACTAACGGTTGGATCA	33635	9739	2672	0.28955	0.725639	0.00894449	1425	310
TTTAGGATCACTTCAT	33495	9511	2640	0.283953	0.722427	0.00932111	1676	371
CCCTCAGTCTTAGGAC	33478	9064	2608	0.270745	0.712268	0.0162936	1840	459
AGGCAATCAGGCAAGC	33503	8940	2447	0.266842	0.726286	0.0193368	1834	425
ACCTACCTCTTGTTCG	33581	9093	2681	0.270778	0.705158	0.0153781	1761	487
ATAGGTACATGCAACC	33450	9101	2589	0.272078	0.715526	0.0157126	1791	448
TGATCACAGCACTAAC	33414	8493	2322	0.254175	0.726598	0.0394654	1212	364
TGCTTCATCATTACAG	33405	9604	2769	0.287502	0.711683	0.00718858	1432	321
TGTAACTCACTAGGTC	33357	9961	2655	0.298618	0.73346	0.0119708	1562	333
GCCCGTTGTTAGACCA	33370	8873	2496	0.265898	0.718697	0.00941698	1667	394
TAGCATATCTTTAAGG	33251	9024	2590	0.27139	0.712988	0.0111073	1780	457
CTGGCTTTCTTTAAGG	33207	8892	2675	0.267775	0.699168	0.011378	1943	463
ATCCTTAGTAATGGAA	33145	8832	2562	0.266466	0.709918	0.0129142	1945	448
GCTAGCGGTCATGAGC	33142	8756	2446	0.264196	0.720649	0.0103083	1732	386
AAGGAAGCATTAGCGC	33114	8866	2409	0.267742	0.728288	0.0137325	1720	400
GGACCTCAGTTAGTTG	33096	8869	2519	0.267978	0.715977	0.0151385	1698	459
GCTAGCCAGAGAGCCG	33020	8318	2429	0.251908	0.707983	0.0310205	1821	416
CTAGTTGCACCTGGTG	33022	8752	2479	0.265035	0.71675	0.0177135	1866	417
CGGGACAAGGCGCATC	32942	9236	2449	0.280372	0.734842	0.0238597	1937	424
CCGCAAATCAGGTTTA	32992	9074	2567	0.275036	0.717104	0.0159751	1826	434
CAACCCTTCGTCATTT	32973	8696	2457	0.263731	0.717456	0.0199639	1282	381
TATTCGTTCATGGTGT	32833	9037	2587	0.275241	0.713732	0.0114217	1703	432
TTGGATCAGTCATTAG	32684	8741	2506	0.26744	0.713305	0.0175886	1781	415
GTCCAGGGTGTTTCAC	32748	8921	2468	0.272414	0.723349	0.0128935	1823	411
AATTGACGTAGCCATA	32640	8624	2408	0.264216	0.720779	0.0220954	1879	406
CCAGGATGTTTGGGTA	32629	8985	2596	0.275369	0.711074	0.0194901	1876	479
TACAACATCATAAGCC	32606	9243	2484	0.283475	0.731256	0.0120672	1426	317
AGACTATGTGAGCACT	32616	8651	2476	0.265238	0.71379	0.0123993	1799	399
CGGTTATAGATACTTG	32574	9627	2614	0.295542	0.728472	0.0105216	1237	172
CTATAACCAATATGGA	32572	8842	2467	0.27146	0.720991	0.0108094	1729	400
TCACCTGGTTTCCACG	32513	8928	2531	0.274598	0.71651	0.0091354	1669	394
CGGTTTCTCTCCTCAA	32474	8660	2468	0.266675	0.715012	0.00999021	1658	426
GATTAGCTCCAAGTTA	32399	8417	2447	0.259792	0.709279	0.0276514	1844	418
TATCCAGCAGGAACAT	32464	9553	2453	0.294264	0.743222	0.00995506	1332	307
GTCTATCGTAAAGCAA	32408	9519	2597	0.293724	0.727177	0.0107665	1465	337
CAAGTTATCGCTATGG	32382	8888	2492	0.274473	0.719622	0.017075	1802	443
GTCCTCCCACTGACTA	32379	8623	2478	0.266315	0.712629	0.0174359	1799	411
CGATGTCCAGCTAACC	32212	9396	2580	0.291693	0.725415	0.0119717	1488	337
TCTAACTTCGCAACAT	32283	8329	2430	0.258	0.708248	0.0166178	1762	441
GTATCGCCAGAGAGCC	32336	9475	2567	0.293017	0.729077	0.00994699	1732	403
TAATGGTGTCCTAAGA	32137	8599	2472	0.267573	0.712525	0.0137726	1813	433
GGGTATTTCGCTCACT	32068	8625	2513	0.26896	0.708638	0.0135545	1800	429
TCATTGCGTTACTTGC	32061	8569	2397	0.267272	0.720271	0.0158252	1782	381
TACGTTAAGCGCTCAA	31947	8278	2323	0.259117	0.719377	0.0140837	1341	355
CGAACAAAGCTATTAG	32044	8795	2359	0.274466	0.731779	0.0181659	1829	381
GGTTGACGTATTGGTG	32027	8736	2498	0.27277	0.714057	0.0174387	1936	389
TACTGGCCAGGATAAC	31892	8378	2417	0.262699	0.711506	0.0121854	1771	385
GCTCTGTTCAAGCTAC	31907	8476	2460	0.265647	0.709769	0.0143608	1713	436
GCTAGCCAGTAGCCAT	31861	8425	2333	0.26443	0.723086	0.0124799	1438	363
GGGCTAACAATAGTCT	31787	8370	2363	0.263315	0.717682	0.0111773	1297	374
CGCTAACCACAGACTC	31730	8618	2405	0.271604	0.720933	0.0101382	1719	397
GATCGAGCAGTAAAGC	31669	9341	2454	0.294957	0.737287	0.0133919	1330	298
GCTTACCTCGTTTCGC	31668	8095	2385	0.255621	0.705374	0.0108366	1693	393
GCATCCTTCCCAGTAG	31656	8419	2354	0.265953	0.720394	0.00613826	1653	371
GTACCTTGTTAAGGTT	31630	8947	2477	0.282864	0.723147	0.0128738	1682	359
AATCTCAAGTTTGGGT	31620	8838	2547	0.279507	0.711813	0.01318	2013	433
TTAGGCTAGCAGCTAT	31603	8182	2343	0.258899	0.71364	0.0432534	1557	443
GCAATCTAGTTTGGGT	31495	8468	2436	0.268868	0.712329	0.0210285	1729	426
CCTCAATGTGTTGTAG	31576	8626	2477	0.273182	0.712845	0.0151445	1880	450
GAAGGAACACTGACCG	31451	8263	2290	0.262726	0.722861	0.0274961	1666	424
GTACACCCACAGAACG	31448	8485	2364	0.26981	0.721391	0.0277806	1702	392
CTCATTGTCGGCCAGT	31378	8427	2469	0.268564	0.707013	0.0125954	1832	383
GATGCATTCGGGATTT	31302	8479	2364	0.270877	0.721194	0.0241547	1919	410
TACCAAATCCTGCGAA	31240	8218	2329	0.26306	0.716598	0.0146415	1729	384
AATCATCCAATAGCCC	31242	8119	2288	0.259875	0.718192	0.017282	1742	389
CGTTAAATCATTGTCT	31321	8196	2462	0.261677	0.69961	0.0143046	1671	456
CTTACCTCAAGCGAGC	31228	8482	2397	0.271615	0.717402	0.0164869	1731	414
TGAGCCGGTGCTGTAA	31224	8420	2213	0.269664	0.737173	0.0180182	1780	305
GTGATGAAGTGTTGTA	31224	9333	2491	0.298905	0.733098	0.019571	1480	323
CAAGTAACACCATATG	31200	8130	2254	0.260577	0.722755	0.0115325	1589	348
GATCAGGCAGGCATGA	31214	6939	2191	0.222304	0.684248	0.0424877	1664	410
GCCTTTATCTTGCTAT	31177	8510	2605	0.272958	0.69389	0.0155393	1905	456
TAGCTAATCAGCAAGA	31105	9204	2428	0.295901	0.736202	0.0107347	1498	295
CTCGCTAGTCATTAGG	31104	8202	2390	0.263696	0.708608	0.011565	1161	206
TAGGCTGTCGCTATAA	31084	8576	2523	0.275898	0.705807	0.0114091	1957	405
GTGCTCCGTGGTTAGC	31083	8555	2440	0.275231	0.714787	0.0128983	1911	379
CCCGCAACAGGCGATA	31060	8655	2152	0.278654	0.751358	0.0106776	1652	321
AGAAACCCAGGAACTG	31046	8264	2292	0.266186	0.722652	0.0197958	1678	384
AAGTTAGCAACTAGAA	31022	8427	2395	0.271646	0.715794	0.0216402	1757	407
TCATGTTTCAATGAGG	30959	8288	2448	0.267709	0.704633	0.0240983	1847	438
CCCTCAGTCTTGGATA	30885	8444	2415	0.273401	0.713998	0.0152036	1891	411
GTAGGTGCAATTAAGG	30932	8350	2344	0.269947	0.719281	0.0239841	1844	398
CCTTCAGGTAGTTAAC	30856	8847	2536	0.286719	0.713349	0.00936957	1203	146
TGTTCATTCGCTTGCT	30836	8379	2379	0.271728	0.716076	0.0156013	1794	398
GGTAACCGTGTGCAAC	30649	8356	2263	0.272635	0.729177	0.0215653	1841	352
GTCTCACTCCTGTTCA	30650	8466	2619	0.276215	0.690645	0.0214221	1881	442
TTGGGCCAGGATTGAG	30818	7880	2252	0.255695	0.714213	0.0177499	1606	368
CAATCTAAGCAACAAG	30633	8409	2249	0.274508	0.732548	0.0149316	1772	368
GGTGCTTCACCTACGG	30623	8411	2272	0.274663	0.729878	0.0151716	1762	357
CCTTCAGGTCCTGATT	30588	8202	2422	0.268144	0.704706	0.0181538	1725	416
ATTATCCTCTTGTCTG	30565	8281	2484	0.270931	0.700036	0.021544	1671	449
TCAAGGTTCCTCAGTC	30512	8273	2320	0.271139	0.71957	0.0357363	1623	429
CTCCAAACATGAATCT	30510	8255	2303	0.270567	0.721018	0.012032	1387	386
TCCCGGACAACCTAAT	30426	8963	2312	0.294584	0.742051	0.00882286	1337	289
TGTGGAGCATTATGGT	30400	8056	2295	0.265	0.715119	0.010458	1650	398
TCGGTTCTCCCGAACA	30325	8266	2309	0.27258	0.720663	0.00853971	1572	381
CGCATGATCCGTGACA	30300	7923	2180	0.261485	0.724852	0.0125458	1347	286
TGGACTAGTGCGCATG	30243	7971	2183	0.263565	0.726132	0.00988987	1371	316
CGTAGCGGTAAAGCAA	30189	8048	2243	0.266587	0.721297	0.00603255	1706	287
GATAATCGTCCGGTTC	30168	7887	2239	0.261436	0.716115	0.0124542	1577	385
ATTTGTGAGCTCATAA	30131	9137	2403	0.303243	0.737003	0.012665	1365	299
ACAACACTCTTAATGG	30120	8010	2241	0.265936	0.720225	0.00907782	1543	383
CGAGTCGGTGTTCCCA	30017	8327	2340	0.277409	0.718986	0.0250289	1764	395
GTGCTTACATAGACCC	30106	7886	2185	0.261941	0.722927	0.0295115	1511	379
TTCAACCGTTTACTTG	30000	7965	2383	0.2655	0.700816	0.027277	1713	423
CAGGGTGAGCTAATTG	29925	8009	2171	0.267636	0.72893	0.0160639	1469	335
TGAGTGAAGGCGTAAA	29924	8131	2199	0.271722	0.729554	0.0121722	1599	327
TCATCCATCCCGCCTA	29872	7718	2144	0.258369	0.722208	0.0163073	1607	391
GCAAACTTCGTTACTT	29865	8831	2207	0.295697	0.750085	0.0119801	1173	262
AGTATAGCAGGCAAGC	29796	8008	2199	0.268761	0.7254	0.0536701	1552	386
ACCAGGGAGGATTTGC	29876	8927	2337	0.298802	0.73821	0.0131105	1221	305
GTCTATGCAATATAGG	29772	8112	2408	0.272471	0.703156	0.0270026	1726	436
CCCGTTGTCATGGCTG	29696	7707	2228	0.25953	0.710912	0.0117099	1669	339
GCCAGGTTCCTAATAG	29753	8063	2328	0.270998	0.711274	0.0113004	1746	387
TAGGCTGTCCACAATA	29686	7616	2216	0.256552	0.709034	0.00802945	1468	311
CGGGTATGTACCAGGT	29692	7865	2171	0.264886	0.723967	0.00596986	1276	302
GCTGATCCAATTGACT	29633	7903	2229	0.266696	0.717955	0.0227203	1182	333
CTTGAATCATTAGCGC	29677	8094	2508	0.272736	0.690141	0.0162257	1885	450
GCCCAAATCATGGCCA	29651	8237	2245	0.277798	0.727449	0.011987	1643	356
GACGTAAAGTGGACAA	29619	7949	2128	0.268375	0.732293	0.0104908	1292	330
TTTCATCAGGGCCACT	29543	7932	2196	0.26849	0.723147	0.0176835	1725	347
AACAGCAAGGTACCGC	29537	7468	2089	0.252835	0.720273	0.0193426	1350	319
TACTGACAGCATTTCT	29528	7869	2206	0.266493	0.719659	0.0200116	1465	345
GATGCAGCATAGCAGG	29488	8086	2155	0.274213	0.73349	0.0226023	1673	370
AGTAATGCACTTCATC	29490	7837	2339	0.265751	0.701544	0.0194528	1503	412
AAGTTTGTCTTGACCC	29459	7775	2202	0.263926	0.716785	0.0270118	1664	374
CTAATCTTCCGCCTAT	29394	7851	2263	0.267095	0.711756	0.0146904	1693	388
TCGCGAGGTTAGGTGC	29352	7702	2311	0.262401	0.699948	0.0169568	1770	380
ACCATAATCAGCATTA	29311	7936	2178	0.270752	0.725554	0.021072	1520	415
CGCGGATTCCTCATGC	29320	7978	2271	0.272101	0.715342	0.0171267	1950	364
TGACCTTGTAGTTGGC	29291	7979	2199	0.272404	0.724402	0.0166044	1635	360
GTCATCACATTAAAGG	29284	8048	2314	0.274826	0.712475	0.0292467	1720	400
TATTACCTCAATAGCC	29203	7788	2329	0.266685	0.70095	0.0195744	1451	387
CGATTCCTCAATCTAG	29153	6335	2050	0.217302	0.676401	0.0114416	1558	323
CGGATAAAGTAACAGG	29175	7657	2071	0.262451	0.729529	0.0112177	1275	284
CCTACTTCACCTGCCT	29145	7850	2277	0.269343	0.709936	0.016608	1583	381
CCGTTATGTCCTAGTT	29144	5641	2022	0.193556	0.641553	0.00981982	1503	249
ATCACCCTCAATCTAG	29137	7548	2233	0.259052	0.70416	0.0139149	1225	339
GAGCCTTCAATAATCC	29054	7314	2112	0.251738	0.711239	0.0640992	1569	381
GTTTCCTCACCTCGCT	29122	7645	2167	0.262516	0.716547	0.0134992	1264	286
CGGTTATAGAGCCGGA	28968	7691	2237	0.2655	0.709141	0.0194942	1793	371
AAAGCGGGTTTGGGTA	29054	7821	2208	0.269188	0.717683	0.0151803	1581	360
TACATCAAGGTTAGAG	28985	7881	2216	0.271899	0.718817	0.0354068	1739	385
GCTGGATGTGGCTTCC	28962	7856	2189	0.271252	0.721359	0.0157652	1596	368
CTTAACAAGGAGTAAT	28910	8298	2222	0.287029	0.732225	0.0136421	1597	362
AGGGCCTTCAATGACC	28871	8471	2317	0.293409	0.726479	0.0106168	1364	302
GTTACAGGTGACATGC	28812	7658	2228	0.265792	0.709062	0.0110331	1474	352
ATAACGACAGGCTACT	28750	7592	2172	0.26407	0.713909	0.010975	1596	353
GGATTCAGTGCCTCAC	28783	7781	2114	0.270333	0.728313	0.0394271	1577	376
GCTTACCTCATAACCA	28682	7900	2246	0.275434	0.715696	0.0214927	1659	392
CAGCATGTCCTGATGG	28675	7478	2086	0.260785	0.721048	0.0114439	1470	362
CAGGGTGAGGCTACAT	28608	7950	2138	0.277894	0.731069	0.0169784	1725	313
GTGGCTTCAGTTTACG	28595	7744	2233	0.270817	0.711648	0.0157989	1663	373
ACTCGCTTCACTCAAA	28640	7710	2122	0.269204	0.724773	0.0116284	1644	335
TACTTGTTCACCAATA	28565	7754	2182	0.271451	0.718597	0.0143167	1509	344
TCCTGTTCACTAAGTT	28533	7953	2274	0.27873	0.71407	0.0109514	1635	383
TATCCAGCAGCCAGAA	28528	7569	2132	0.265318	0.718325	0.010938	1756	309
TACAGCTAGGTACCGC	28509	5410	1932	0.189765	0.642884	0.0131549	1440	320
TTTGGTAAGTCACCAG	28470	8257	2243	0.290025	0.728352	0.0100633	1364	294
TATATCCTCCTTCGTA	28495	7864	2220	0.275978	0.717701	0.014634	1502	377
CAAACACTCCTCACTA	28456	7583	2072	0.266482	0.726757	0.0107975	1511	345
TACCGTTGTTGGATAT	28445	7827	2258	0.275163	0.711511	0.0586814	1673	413
AGATGCTTCACAAGCT	28418	7713	2173	0.271412	0.718268	0.0194217	1554	361
CAAGGTTTCATTTGCT	28420	7562	2310	0.26608	0.694525	0.025039	1488	411
ACAGGTAAGGAGTCGG	28407	8193	2288	0.288415	0.720737	0.0154401	1425	298
AAGTGCAAGTAACGAG	28335	7614	2071	0.268714	0.728001	0.0201852	1350	306
AGCTTCCTCAATCTAG	28360	7708	2231	0.271791	0.71056	0.020504	1624	391
CAAAGGATCAGGAACA	28316	7836	2147	0.276734	0.726008	0.0299626	1689	363
TGGCGGTTCAGTATTG	28396	7469	2148	0.26303	0.712411	0.0249907	1264	289
TCATTTGGTCTAGCTT	28280	7788	2180	0.275389	0.720082	0.0117812	1542	325
GTTCCCAGTTAGCCAA	28278	7507	2065	0.265471	0.724923	0.0210542	1226	293
ACTAACGGTGCCGCAA	28311	7497	2058	0.264809	0.72549	0.0187902	1685	323
AATCAGGAGGGATTAG	28262	7636	2131	0.270186	0.720927	0.0129684	1611	366
GTACAATGTTGGTTAG	28252	7730	2185	0.273609	0.717335	0.024925	1538	406
TTCCCACAGTTATCCT	28198	7689	2142	0.272679	0.72142	0.0155818	1511	361
CGCTTAACAACGTGCT	28178	7446	2120	0.264249	0.715283	0.0112084	1704	329
CAGGACACAGGTCCTG	28194	7413	2155	0.262928	0.709294	0.025716	1676	354
TGTGGCGGTCTATCGT	28161	7450	2102	0.26455	0.717852	0.0179824	1719	347
AGTGTGGCAGAGGCTA	28130	7188	2018	0.255528	0.719254	0.0157324	1270	293
TGATCAATCGTTATCT	28126	7539	2112	0.268044	0.719857	0.0173819	1578	361
CATGCAAGTTGTTGCT	28104	7744	2178	0.275548	0.71875	0.0197453	1697	377
TCTGGCTTCAGGATGA	28095	7592	2160	0.270226	0.71549	0.02131	1469	402
TGAGCACGTATTACCC	28090	7717	2184	0.274724	0.716988	0.030751	1691	377
TTATCCGTCCTAAGAC	28088	7492	2118	0.266733	0.717298	0.0114779	1633	316
ACCTAAGGTATACTGG	28033	7451	2180	0.265794	0.707422	0.0274031	1501	398
GTGCTGATCTAATCCT	27976	7690	2233	0.274878	0.709623	0.0392186	1582	436
ACCGCAATCTCATCAT	27951	7395	2252	0.26457	0.69547	0.0242207	1576	400
AATTGACGTTAACAGT	27880	6992	2037	0.250789	0.708667	0.027147	1443	347
AGGTATTGTTGCGGAT	27903	8370	2286	0.299968	0.726882	0.0149058	1227	270
CATAGGTTCGGCTAGC	27917	7612	2143	0.272665	0.718471	0.0201926	1584	357
AAACCGGCACCTAAGC	27873	7092	1921	0.25444	0.729131	0.0161564	1450	312
TGAGTGAAGGACAACA	27853	7372	2064	0.264675	0.720022	0.0299609	1568	358
TAAGCCAGTAGTCAAT	27848	7354	2023	0.264076	0.724912	0.0120445	1235	315
ATGATGGAGCATTAGC	27804	7285	2054	0.262013	0.718051	0.0255111	1491	378
CGATGTCCATTAAGTC	27819	7554	2149	0.271541	0.715515	0.0108676	1648	362
ACCGGCTAGGCCTAAT	27840	7504	2062	0.26954	0.725213	0.0257197	1572	361
TACCGTTGTTTAGCTC	27750	8355	2257	0.301081	0.729862	0.0119397	1322	304
CAAAGTGAGGAACGCG	27750	7345	1994	0.264685	0.728523	0.0189185	1700	321
TCCATATTCCCTCAGT	27664	8067	2258	0.291606	0.720094	0.0106564	1308	288
CAAGAACCAATCTCTC	27699	7559	2114	0.272898	0.720333	0.0251382	1529	363
TCACCTGGTATTCGTC	27645	7373	2149	0.266703	0.708531	0.0126729	1615	351
TTGGATTCATTGCGTA	27699	7431	2151	0.268277	0.710537	0.0205006	1543	379
TTAGCTGCAAACTGTT	27639	7198	2064	0.260429	0.713254	0.013745	1211	324
CCCGTAAAGGACTTAC	27613	6941	2033	0.251367	0.707103	0.0172679	1529	350
CCTGAATAGCTGGACC	27622	7306	2065	0.264499	0.717356	0.00851177	1333	310
GGTTACTAGTAATCCA	27541	8189	2112	0.297339	0.742093	0.0136236	1279	289
GATGGACAGTCTTGAA	27554	6468	2005	0.234739	0.690012	0.0183165	1610	320
CATCCTCAGGGTCCAC	27515	7265	2043	0.264038	0.718789	0.0294907	1506	369
TTTGACCGTTAATGCG	27471	8278	2115	0.301336	0.744504	0.0174784	1131	263
GGTTTCCTCTGTGCCT	27463	7409	2181	0.269781	0.705628	0.0159455	1537	344
CCTAGTTGTCAAGTAT	27462	7422	2164	0.270264	0.708434	0.01795	1507	375
CGGCTCACAGCATGTC	27458	7433	2070	0.270704	0.721512	0.0209345	1545	331
ATATGCTCATCCTGAA	27452	7724	2178	0.281364	0.718022	0.0147678	1432	321
CACATTAAGAATGACG	27435	7638	2082	0.278403	0.727416	0.0122608	1587	323
GATAAGCCATCACAGC	27399	8012	2079	0.292419	0.740514	0.00935386	1274	260
GTGCTTACACCAGGTT	27338	7398	2099	0.270612	0.716275	0.0348128	1546	391
CAAGGTAAGTTCCTGC	27373	7165	2038	0.261754	0.715562	0.010575	1154	273
TTTCTCACAGTAATAG	27325	7520	2179	0.275206	0.710239	0.0096829	1596	329
GCAGGTGAGGGACGCA	27300	7529	2029	0.275788	0.730509	0.0147353	1659	307
CGACCTGCAAATTGCT	27267	7043	2014	0.258298	0.714042	0.022491	1571	352
CAAAGTGAGGTTTGCG	27286	7915	2066	0.290075	0.738977	0.0165702	1417	286
TAATCACCAACTAACT	27260	7862	2040	0.288408	0.740524	0.015399	1104	246
ACGCACGGTGGTGAGA	27233	8126	2068	0.298388	0.745508	0.0131019	1391	271
AGGCTAGCATGTCAAT	27221	7507	2090	0.27578	0.721593	0.0124549	1485	320
AGCACTAGTGGATGTC	27172	7169	2052	0.263838	0.713768	0.0213855	1573	355
TCCTGTTCACCCACCT	27160	7289	2088	0.268373	0.713541	0.0224719	1602	363
CTTTGTCCAGCTTAAT	27087	7240	2109	0.267287	0.708702	0.0113855	1165	279
CTCTGTTCAAACTAAG	27107	7141	2079	0.263437	0.708864	0.0172567	1525	365
CATGCGGGTTGCACAA	27075	7396	2013	0.273167	0.727826	0.0184933	1555	322
ACTTATGAGGATAAAC	27016	7297	2061	0.270099	0.717555	0.0313541	1529	368
ATGTGAGAGCACGTTG	26981	7034	1911	0.260702	0.72832	0.0164566	1470	301
GAGTCAAAGCAAGGAC	26972	7430	2014	0.275471	0.728937	0.0144591	1583	334
CAGAATCTCATTGCAA	26968	7412	2126	0.274844	0.713168	0.0212333	1615	374
CCAAATCAGCCGCTTT	26943	7463	2048	0.276992	0.72558	0.0115082	1483	351
CTTGTTCCAACGTGCT	26915	6965	1926	0.258778	0.723475	0.0112195	1235	295
TGAGGGCCACCACAAC	26909	7239	1949	0.269018	0.730764	0.0189219	1493	287
GTACTTAAGTTAGACC	26940	7338	2151	0.272383	0.706868	0.0134467	1495	390
GGCATTAGTTAATGAC	26883	7354	2090	0.273556	0.715801	0.0203151	1491	348
GCTCTGGCAGGCCTTG	26863	7825	2098	0.291293	0.731885	0.00968352	1282	257
GCTTTCATCATTGCGG	26821	7075	2067	0.263786	0.707845	0.025451	1137	298
CTCATTGTCCCGCATT	26819	7697	2084	0.286998	0.729245	0.0062774	1169	238
TTAGACTCAGGCCATT	26784	7913	2414	0.295438	0.694932	0.0086363	1377	283
AATTTGCCAGGCTGTT	26767	7930	2133	0.29626	0.731021	0.00775516	1239	281
TGTGATCAGCTAATTG	26749	7028	1975	0.262739	0.718981	0.0111511	1048	287
CTCGACAAGGATCCGC	26747	7290	2035	0.272554	0.72085	0.0193469	1547	322
TCATTGTTCGTCATTT	26781	7221	2151	0.269631	0.702119	0.0160178	1526	361
CCACACAAGGTGAGAC	26720	7289	1920	0.272792	0.736589	0.0158768	1457	310
GCCTGACAGGCAAGTA	26704	6975	1894	0.261197	0.728459	0.0245802	1306	317
GTTTGTCGTGCATTAG	26626	7238	2146	0.27184	0.703509	0.0235101	1630	351
GTTACGCCAGCATGGA	26615	6816	1893	0.256096	0.722271	0.0215793	1539	324
TTTAGCTTCACAGGAA	26699	7385	2041	0.276602	0.723629	0.0129528	1459	355
ATCACCCTCAGCTAAC	26609	6967	2038	0.261829	0.707478	0.0141758	1467	327
CATCAGCCAGAAACGT	26571	7052	1996	0.265402	0.71696	0.0338489	1404	363
ATCGGCCAGCAGCTCA	26608	6971	1935	0.261989	0.722421	0.0155603	1463	324
CTTACTAGTGAGCAAG	26556	7373	2128	0.27764	0.711379	0.0128544	1623	373
AGCTTCCTCGTCAAGT	26524	7338	2093	0.276655	0.714772	0.0177351	1595	319
AGCTAAACAAGGACCA	26517	6761	1858	0.254969	0.725189	0.0238216	1345	310
GCGATTTAGAACCTGT	26495	7227	2069	0.272768	0.713712	0.037404	1495	384
ACGTTGTAGGGTTATC	26505	7741	2199	0.292058	0.715928	0.0133083	1291	278
TTATCCTAGTATGTGC	26455	7263	2168	0.274542	0.701501	0.0122928	1633	373
GATTACGGTCAGGCCA	26442	6980	1908	0.263974	0.726648	0.011494	1328	319
GAGCAAGGTAGCCTCC	26502	7300	1971	0.275451	0.73	0.0273468	1602	327
ACGTCCAAGCTGGACC	26428	6704	1948	0.25367	0.709427	0.0117331	1499	275
AGTAACGAGTACCGCA	26430	7025	1945	0.265796	0.723132	0.0091181	1212	311
ACGTTGTAGTCGCAAT	26427	6963	1978	0.263481	0.715927	0.0192966	1235	322
CATTGTAAGCCAGGTC	26421	7153	2227	0.270732	0.688662	0.0111392	1324	341
AAAGGCTCAGCAACAG	26413	7093	1963	0.268542	0.723248	0.0139424	1394	324
TCTCCTCGTAAACAAG	26412	7971	2106	0.301795	0.735792	0.00998682	1264	279
GTGCATTAGTGAACCT	26351	7058	2055	0.267846	0.708841	0.0383091	1533	379
TGATCCTGTTAGCCAA	26350	7111	2011	0.269867	0.717199	0.0171193	1382	360
GTAAGCAAGTAAGGGC	26359	6864	1932	0.260404	0.718531	0.0229737	1314	311
AGCAGGTAGATAAAGC	26336	7042	1961	0.267391	0.721528	0.0321498	1564	349
AGCTGCTCAGTACCGT	26282	7184	2073	0.273343	0.711442	0.0150284	1623	331
ACCTGTTGTCACCAAA	26238	7670	2096	0.292324	0.726728	0.0101744	928	109
GAGGGAGCAACAGGAT	26214	7022	1911	0.267872	0.727855	0.0301168	1548	334
GCAAGTGCATGCTATG	26327	6870	1972	0.260949	0.712955	0.0121837	1124	245
TCGCATTGTCGTTATC	26205	7102	2061	0.271017	0.7098	0.0273335	1278	320
CCAAGGCTCTGTAAGC	26203	7449	1962	0.28428	0.736609	0.012561	1291	246
CAAAGCGCAAACTGCC	26166	6811	1782	0.2603	0.738364	0.0334686	1479	287
CTAGTTGCAATTTAGC	26131	7223	2037	0.276415	0.717984	0.0200024	1543	353
CTAACCACAGTAAGTA	26119	7423	2010	0.284199	0.72922	0.00902699	1251	251
CACTTTGTCCGGCTAA	26112	6924	1949	0.265165	0.718515	0.0247846	1484	338
TGTGGAGCACAGGGAC	26107	7004	1867	0.268281	0.733438	0.0187015	1229	247
AAATCCGGTTTGACCT	26096	6808	1917	0.260883	0.71842	0.0237229	1092	275
TTGACGTAGTTATTCC	26040	6866	1942	0.263671	0.717157	0.0327908	1346	350
CCTAAATCATCCCGCT	26027	6925	1975	0.26607	0.714801	0.0227074	1359	357
ACAGTATGTTGTTGTC	26033	6895	2009	0.264856	0.708629	0.021217	1076	317
CCGCACACATGGTTAT	26022	7424	2078	0.285297	0.720097	0.00981151	1028	115
TTGGCGGGTAAACAAG	26018	7048	1932	0.270889	0.72588	0.0218725	1606	290
GAACCAAAGGATGATG	26001	5264	1735	0.202454	0.670403	0.0138676	1317	261
TGTTGTTTCACGAATC	25961	7722	2085	0.297446	0.729992	0.0131363	1240	278
ATAGATGCAGGACACA	25994	6936	1956	0.266831	0.717993	0.0122372	1440	304
TTCCTTCTCTTAGCGG	25946	7102	2079	0.273722	0.707266	0.010612	1430	338
ACACTTAAGCCTGTTC	25912	7051	1975	0.272113	0.719898	0.0130767	1302	320
CCTTCAATCCCATAAA	25909	6834	1881	0.263769	0.724759	0.00922683	1114	293
GTTGCTGAGTTACTTC	25858	6865	1966	0.265488	0.71362	0.015203	1453	343
AGCCTCCGTATTGGAT	25852	7389	1944	0.285819	0.736906	0.00956076	1069	244
GGGTTATTCGGTCATG	25811	6930	2008	0.26849	0.710245	0.0237116	1694	340
GATGCATTCCGCAACA	25841	6993	1871	0.270616	0.732447	0.0185317	1422	309
CCCTCATAGTCACTCC	25807	6625	1921	0.256713	0.710038	0.0282064	1285	341
GCTCAACCATATTGAC	25786	6905	1940	0.267781	0.719044	0.0115024	937	116
CTTGACGAGAACAAGT	25723	6975	1985	0.271158	0.715412	0.0236576	1572	319
CAGAATCTCTAAGGAG	25723	6860	1847	0.266687	0.730758	0.0271375	1389	311
CAAGAACCAAAGCTCC	25760	6827	1888	0.265023	0.723451	0.0280535	1346	335
TTTGCGGAGTTGCGTG	25707	7527	2003	0.2928	0.733891	0.0148902	1223	261
CTCCAAACAATTAGCT	25674	6727	1960	0.262016	0.708637	0.0381531	1427	356
CAATCCCTCGATTATG	25647	7036	2015	0.27434	0.713616	0.0220718	1514	337
GCTTATCGTTGCCTCA	25615	7406	2025	0.289127	0.726573	0.00706304	1252	266
TAGTTGTCAGCTACGT	25589	7223	2018	0.28227	0.720615	0.0172869	1536	329
CGAACAAAGCCGCTTT	25581	6799	1938	0.265783	0.714958	0.0240381	1493	328
AGGATTGAGCGGTTAT	25490	6627	1902	0.259984	0.712992	0.012993	1343	307
ATGTCATCAGTAGGAT	25424	6748	1969	0.265419	0.70821	0.0152399	1292	324
CCTAAAGGTTCCTGTG	25409	7117	1991	0.280098	0.720247	0.0197665	1511	333
GCTAACCCAATAGTCT	25395	6644	1891	0.261626	0.715382	0.0164161	1496	324
GAGCTGCTCATGCTAA	25417	6918	1939	0.27218	0.719717	0.0105347	1165	226
TTTCTTGCACCCTCAC	25348	6855	1905	0.270436	0.722101	0.0153753	1475	303
GGCGATACAATAATCC	25243	6772	1896	0.268272	0.720024	0.0143315	1438	327
CGTAACCCACAAACTT	25296	6894	1834	0.272533	0.733972	0.0253781	1417	317
TCAACAATCATTTAGG	25344	7021	2019	0.277028	0.712434	0.0145093	1338	361
CATAAGCTCCTAATTC	25275	6733	1906	0.26639	0.716917	0.0143391	1117	284
AAGACAAGTCCGTAGG	25167	6989	1932	0.277705	0.723566	0.0135705	1483	314
ATGAAGCCATTGTCCT	25226	6771	1948	0.268414	0.712302	0.0123826	1322	319
CCTAAGCCATAGACCC	25140	7089	1916	0.281981	0.729722	0.00942245	1027	228
AAGCCTTAGTAAGAAC	25151	6675	1950	0.265397	0.707865	0.00733402	1231	226
ACAGCGCTCTTGTCTG	25144	7579	2045	0.301424	0.730175	0.0180501	1168	238
ACGCAAGCAGCTCATA	25122	6569	1808	0.261484	0.724768	0.0139748	1244	308
CCGTTACTCAAGGACA	25035	6729	1934	0.268784	0.712587	0.016955	1475	302
GCTCAACCACGTGCTG	24999	6949	1898	0.277971	0.726867	0.0226866	1418	344
GCTTTCATCTCACTCA	25002	6733	2030	0.269298	0.6985	0.0325202	1452	363
GCGGTTATCAATCATG	25029	6913	2022	0.2762	0.707508	0.0570381	1418	389
CACGCAATCCTTAATC	24987	6774	1862	0.271101	0.725125	0.0123997	1329	290
TTACACCGTGTCCTGC	24873	6672	1874	0.268243	0.719125	0.0231271	1447	326
TGATGAACACATTGCA	24892	7259	1905	0.29162	0.737567	0.0103264	1153	245
TGATCACAGGCTAGAA	24869	6887	1843	0.276931	0.732394	0.0229836	1513	280
GCCTTGCGTCATTGTC	24948	7429	2077	0.297779	0.72042	0.0146959	1262	265
GAGGCCTTCCTAATTC	24823	6749	1925	0.271885	0.714773	0.0106068	1194	299
GGGCCTAGTACTTCAC	24824	6436	1835	0.259265	0.714885	0.021657	1145	304
ATGCATTCACATACTG	24801	7130	1893	0.287488	0.734502	0.0153142	1204	263
ATCCTCATCTTGGACG	24754	6654	1949	0.268805	0.707093	0.0235035	1444	319
ACAGCGCTCGTTAACA	24812	6381	1817	0.257174	0.715248	0.0118949	1115	232
TACAGGTTCACTCAAA	24738	6400	1749	0.258711	0.726719	0.0121763	1064	289
GCTCCTTAGGTACCGC	24727	5976	1785	0.241679	0.701305	0.0272652	1259	313
ATGGCCCAGCATTAGC	24722	6648	1881	0.26891	0.717058	0.0402061	1462	318
GGATATTGTTAACAGT	24682	6725	1890	0.272466	0.718959	0.0149355	1438	317
GTTTGTAAGGTCCTGA	24684	7461	1996	0.302261	0.732476	0.0130286	923	125
CTATGGCCAATATAGG	24679	7419	1984	0.30062	0.732579	0.00979196	1132	230
TGAGGTGCACCGTTCC	24676	6315	1784	0.255917	0.717498	0.0166009	1414	274
ATTGCTCGTATTGAGT	24681	6948	2027	0.281512	0.708261	0.0178664	1493	324
TGCTCTCAGAGGAAGG	24637	6347	1795	0.257621	0.717189	0.0340349	1465	281
AGAGATTAGTCAATTG	24618	6482	1839	0.263303	0.716291	0.0126295	1234	290
TTGCGTCTCTTAGGAC	24595	6577	1912	0.267412	0.70929	0.0125591	1384	318
TAGGCTTAGCTGGAAA	24595	6638	1887	0.269892	0.715728	0.0450564	1351	353
AGTGCGGAGGCTGGCT	24568	6936	1836	0.282318	0.735294	0.0429562	1527	277
TGATCACAGCGATAGA	24575	6699	1860	0.272594	0.722347	0.0264088	1381	337
CTTTAGTTCGAAGTAG	24542	7272	2013	0.296308	0.723185	0.0102066	1125	254
GCAATGAAGATTGAGG	24503	6559	1818	0.267682	0.722824	0.034957	1096	278
TGAGGGCCAACTAGGG	24498	6529	1771	0.266512	0.728749	0.0556358	1384	280
TCGTTAAAGGAAGCAC	24495	6707	2069	0.273811	0.691516	0.0296823	1549	377
AATGAAGGTGTTTCAC	24498	6637	1777	0.27092	0.732259	0.0247631	920	288
TGTTCCTCACAACCTA	24489	6651	1772	0.271591	0.733574	0.0148548	1147	264
GTGTGTTAGGCTTAAC	24489	6785	1919	0.277063	0.71717	0.0335953	1465	322
GCCTATTGTAATCGCA	24478	6700	1940	0.273715	0.710448	0.0161113	1564	318
AGCTAACTCGCCTGTT	24373	6470	1862	0.265458	0.71221	0.0247703	1319	310
ACACAATGTAATCGCA	24346	6491	1793	0.266615	0.723771	0.0147901	1347	305
GGAACGGTCCTAAGGT	24354	6913	1809	0.283855	0.738319	0.0151058	1443	240
ATACCTGCAAGGACCA	24307	6514	1869	0.267989	0.71308	0.0179418	1447	309
AAGCTAGAGTGAAGTG	24291	6523	1839	0.268536	0.718075	0.0158153	1530	291
TACCTTTAGGCTATGT	24362	6484	1885	0.266152	0.709284	0.00865775	1027	280
AGGGCTACATTGTGGC	24287	6568	1823	0.270433	0.722442	0.0289345	1432	311
CATGGATTCGTTTCGC	24290	6678	1910	0.274928	0.713986	0.0230905	1402	325
ATTCATGAGCTATTGA	24290	6625	1945	0.272746	0.706415	0.0325207	1424	376
AACAAAGGTGCTCCGT	24286	6598	1820	0.271679	0.724159	0.0257226	1335	287
TGCCATTGTTTATGGG	24282	7086	1911	0.291821	0.730313	0.0132366	1128	227
TTTCATCAGGAGGACT	24253	6546	1836	0.269905	0.719523	0.0176981	1482	286
CCCTTAATCGTTTCGC	24219	6850	1937	0.282836	0.717226	0.0209818	1489	300
CTCCAAACAGTTATCG	24203	6465	1822	0.267116	0.718175	0.0154343	1217	313
GTGAACAAGGTTTGAC	24199	6427	1830	0.265589	0.715264	0.0332348	1343	317
GTAAGCTTCGGTCATG	24109	6426	1829	0.266539	0.715375	0.0095577	1293	313
CTCCGGACATTGTGGC	24105	6346	1800	0.263265	0.716357	0.0155056	1350	303
GCTCGATCATCTAGCA	24102	7023	1954	0.291387	0.721771	0.0109059	1156	231
GTTGCATAGGGTCCAC	24066	6553	1839	0.272293	0.719365	0.0168926	1344	294
CGAACCGGTTAACGGC	24043	6968	1832	0.289814	0.737084	0.0109544	1115	225
CAATCCTGTTGGCGTG	24096	6488	1730	0.269256	0.733354	0.0136883	1099	249
CTATGTTTCGTTCACC	24036	6414	1833	0.26685	0.714219	0.0148676	1401	304
GTGTTACAGCACTAAC	24008	6364	1789	0.265078	0.718887	0.0214187	1285	307
CTAATCTTCCGGGACT	24006	6374	1781	0.265517	0.720584	0.0171938	996	262
CCTCCTCTCATTAGTG	24037	6496	2227	0.27025	0.657174	0.0258739	1688	387
CAAACACTCTGGCATG	23974	6350	1823	0.26487	0.712913	0.0236363	1330	303
GTTAACCAGCTGGCTA	23952	6437	1802	0.268746	0.720056	0.0127258	1402	298
ACCTAAGGTTGTCATC	23955	6418	1842	0.267919	0.712995	0.0212432	1334	306
ATCCTCATCGTTAGCG	23943	6480	1883	0.270643	0.709414	0.0288857	1516	293
GAACCTTAGCTCAATA	23855	6492	1752	0.272144	0.730129	0.0166382	1350	284
TGCGGTTCATCATGGC	23844	6296	1775	0.26405	0.718075	0.0271179	1235	312
GTTTGTTTCCTTAATC	23838	5558	1770	0.233157	0.68154	0.0106215	1302	249
ACATCATCAATATACC	23804	5981	1704	0.25126	0.715098	0.0371833	1206	289
AATTAGGCAGTAAAGC	23798	6677	1792	0.28057	0.731616	0.0127603	1494	277
CGGGCTTAGAACCTGT	23808	6507	1823	0.273311	0.71984	0.0197757	1336	295
ACACTAATCGCGCTAA	23782	6457	1786	0.271508	0.723401	0.0149683	1283	269
TGATCAGGTGTTAAAC	23716	6304	1805	0.265812	0.713674	0.0365278	1373	327
CCTGAGTCAGAACCGA	23662	5993	1775	0.253275	0.703821	0.0107672	1459	256
GATTCAATCTTGGACG	23693	6240	1759	0.263369	0.718109	0.0221987	1299	304
ACTCACCTCTAGCGTG	23705	6486	1824	0.273613	0.718779	0.0205368	1410	306
TAAGTAGCAATTATGC	23658	6803	1802	0.287556	0.735117	0.0110782	986	208
GCGCAATGTTAGTGAT	23658	6703	1917	0.283329	0.714009	0.0130444	1267	262
GTACAATGTGCCGCAA	23652	6487	1760	0.274269	0.728688	0.0220049	1451	270
ACGAGTAAGAGGAGGA	23618	7003	1885	0.296511	0.73083	0.0215702	1150	250
TTTGGTAAGTCATTTC	23592	6527	1894	0.276662	0.709821	0.0197008	1414	326
AAGCAAGTCCTTAGTT	23604	6350	1790	0.269022	0.71811	0.0193618	1075	255
GTCGGTTCACAACAGG	23573	6244	1896	0.264879	0.696348	0.0187984	1230	285
CAGTACCCAAAGCTCC	23570	6202	1739	0.263131	0.719607	0.0140061	1280	286
TCCATCATCGGTCAGC	23509	6425	1794	0.2733	0.720778	0.0240405	1408	287
AGTATAGCATAAGTCT	23493	6835	1901	0.290938	0.721873	0.0161587	1322	254
CGAAGAATCTAACCAA	23481	6326	1734	0.269409	0.725893	0.0199069	1452	283
GTTTACCGTCCTTCTC	23478	6145	1847	0.261734	0.69943	0.0268709	1432	317
TATCCGGAGGAGTCTT	23471	5770	1699	0.245835	0.705546	0.0579824	1274	288
CATAATCCACTGACTA	23473	6262	1771	0.266775	0.717183	0.0146723	1312	291
GATGGACAGCCACATG	23471	6152	1652	0.262111	0.731469	0.0127437	1223	244
ACGGTTAGTAAGTCGC	23399	6405	1728	0.27373	0.730211	0.0163474	1305	298
TTATGCGCATGTCAGC	23375	6068	1727	0.259594	0.715392	0.0207189	1413	290
TTGCTCTCACGGTACT	23355	6443	1826	0.275872	0.716592	0.0126023	1271	298
GTCCTAGAGGCGAATA	23306	2662	1058	0.11422	0.602554	0.00730353	878	89
GGACCGAAGGACTAAG	23376	3780	1288	0.161704	0.659259	0.00401121	985	99
GCGATATTCTAATCAG	23288	6329	1792	0.271771	0.716859	0.0299866	1328	334
TGATCGAGTGCTTACT	23259	6108	1822	0.262608	0.701703	0.0241261	1180	272
TACTTGTTCCTTGCGT	23244	6332	1813	0.272414	0.713677	0.0177284	1461	301
CCTGGTAAGAGAAGGG	23200	6455	1852	0.278233	0.713091	0.0289099	1363	318
ACTAGGCGTCACACCC	23198	6170	1693	0.265971	0.725608	0.0259822	1086	237
CCGTTACTCTTGTCTG	23182	4902	1649	0.211457	0.663607	0.0151019	1264	269
CAATCCTGTCCTGATT	23175	6150	1760	0.265372	0.713821	0.0372203	1278	314
TGCACCTTCAAGTGTC	23126	6268	1754	0.271037	0.720166	0.0345856	1449	279
ACAGCGCTCGCTAAAC	23167	6096	1701	0.263133	0.720965	0.0208832	1429	276
GTCCATTGTTGCTTCG	23112	6056	1820	0.262028	0.699472	0.0246907	1084	289
GTTTAGCAGCGAAGTA	23076	6347	1777	0.275048	0.720025	0.030793	1374	290
GTATGTGGTCAAAGAA	23000	6124	1707	0.266261	0.721261	0.0206579	1252	277
ATAAGCCTCAGCAAGA	22981	5902	1622	0.256821	0.725178	0.0111939	1260	251
GTATTGTCATTATGCG	22977	6226	1781	0.270967	0.713942	0.012704	1348	280
TCTAAGGGTGTTTGTC	22969	6157	1736	0.268057	0.718045	0.0321202	1103	314
CAGAATCTCACGCGGT	22967	6240	1706	0.271694	0.726603	0.0418178	1316	323
GGTAACCGTGTAACCA	22920	6144	1743	0.268063	0.716309	0.0338578	1287	301
TTGCAAGGTTTGAGGC	22881	6291	1718	0.274944	0.726911	0.0235075	1379	299
TAGTGTGGTTCGCTTG	22900	6771	1910	0.295677	0.717915	0.0166926	1111	234
CGTTATTTCCTTTACG	22907	6251	1887	0.272886	0.698128	0.0175053	1382	324
TTCCTCAAGGACTTAC	22884	5892	1684	0.257472	0.714189	0.0103357	918	211
CAATCCTGTTGCAGTA	22744	6033	1767	0.265257	0.707111	0.0187349	1292	288
AGCGTGCTCAGTTCCC	22863	5992	1691	0.262083	0.71779	0.00893504	1023	237
AGCTTCCTCTGTGCAG	22881	6110	1787	0.267034	0.707529	0.0351509	1374	309
CAGGACCTCGACCTGA	22731	5958	1697	0.262109	0.715173	0.0426035	1374	283
ACAGCGCTCACTAAGC	22821	6060	1699	0.265545	0.719637	0.0102303	949	241
GAACGAATCTTTAGGA	22684	6080	1662	0.26803	0.726645	0.0194082	911	232
CCTTCAATCGCTAAAC	22633	6085	1786	0.268855	0.706491	0.0155412	1352	249
GTGAGCGAGTTCCCAC	22715	5927	1635	0.260929	0.724144	0.0149721	1227	266
ACCACATAGAGGAAGG	22637	5891	1661	0.260238	0.718044	0.0202927	1077	263
AACGACAAGCAAGGAC	22632	6022	1657	0.266083	0.724842	0.0301289	1279	309
GGTACCGGTGGATTAT	22627	5955	1654	0.263181	0.72225	0.0302768	1214	289
AATTTGCCATAACGGG	22607	5848	1675	0.258681	0.713577	0.0351321	1054	295
TGTTGTAAGGTCCACA	22586	6267	1789	0.277473	0.714536	0.0223109	1407	302
TCTATGTTCTCACTAT	22580	6046	1854	0.267759	0.693351	0.00924734	1230	283
GTGTTACAGAAGGTGC	22516	6121	1728	0.271851	0.717693	0.0171889	1117	264
CATAGACTCACATTGA	22568	5948	1736	0.263559	0.708137	0.0336708	1322	305
TATGGCCCACCTACTT	22512	6250	1694	0.27763	0.72896	0.0100958	1243	248
CGTAACCCACGTTACA	22499	6214	1701	0.27619	0.726263	0.0234756	1294	277
TAGCTTAAGGAATAAC	22398	6071	1762	0.271051	0.709768	0.0111245	1309	284
ACGTACCCACCTGCCT	22493	5933	1695	0.263771	0.71431	0.0296653	1270	291
AATAACCGTTCACCAT	22371	5969	1681	0.266819	0.718378	0.0116868	1098	273
AAACCGAAGAGGGACT	22374	5899	1664	0.263654	0.717918	0.0222377	1439	263
GGCCTAATCCTAATGA	22343	5746	1670	0.257172	0.709363	0.0186751	1242	284
GTGCTGATCGGCCATA	22335	5858	1723	0.262279	0.705872	0.0140378	1444	271
GGCCAGTTCTTGTCCA	22339	5714	1622	0.255786	0.716136	0.0210376	1307	246
TGGCCTGCACCTATAG	22340	6542	1725	0.292838	0.736319	0.00889772	1048	206
ACAGGTAAGCGTGCGT	22329	5856	1671	0.26226	0.714652	0.0188942	1340	268
TACCAGGTCTAACCAA	22301	6092	1702	0.273172	0.720617	0.0211227	1279	287
TCACCGGCAACGTGCT	22217	6145	1672	0.27659	0.727909	0.0124893	1275	242
CATCCTTCATGTTGTG	22266	5935	1817	0.26655	0.69385	0.0118054	1166	297
ACTAAAGCACCAGCAT	22284	6119	1705	0.274592	0.72136	0.0178834	1135	282
CATCCTCAGTTCCTCA	22291	5791	1747	0.259791	0.698325	0.0131576	1175	304
TGCTTCCAGCTAAAGG	22266	6453	1703	0.289814	0.736092	0.0110051	1279	215
CGTAACCCACTGACCG	22209	5972	1671	0.2689	0.720194	0.0292625	1328	288
GGCTAGACAGCTACGT	22209	4723	1512	0.212662	0.679864	0.0292343	862	229
GGATTCAGTTCGGGAT	22122	6010	1664	0.271675	0.723128	0.0234155	1316	269
TAGTGAGAGTCATTTC	22137	6370	1807	0.287754	0.716327	0.0191023	901	114
TCATTGTTCATGCTAA	22149	5989	1764	0.270396	0.70546	0.0321499	1276	329
CGCAATTAGTTGGATC	22107	5947	1682	0.26901	0.717168	0.0320005	1282	276
ATAGGTACATTGACAT	22103	6677	1701	0.302086	0.745245	0.0135266	1133	225
TGTGCGCAGAGAGGAG	22102	2402	1026	0.108678	0.572856	0.0135446	1010	108
TGTGGCTCAGGATAAC	22063	6543	1741	0.29656	0.733914	0.0160648	1129	234
GTTTCAGCAGCTCAAC	22063	6438	1692	0.291801	0.737185	0.0116891	1034	190
ATTTGTGAGATACTTG	22056	5955	1769	0.269995	0.702939	0.0315331	1275	301
GAGCTTGTCTTAGTCT	22051	6095	1805	0.276405	0.703856	0.0269564	1395	290
CTAAAGCTCACCAATA	22043	2551	1137	0.115728	0.554292	0.0121933	992	143
CGGATTAGTGGGAACA	22019	6321	1549	0.28707	0.754944	0.0100308	1065	245
AATCTTGAGATTCCTT	22009	5969	1697	0.271207	0.715698	0.0252106	1309	283
GATCAGGCAGGGAGCT	21999	5969	1576	0.271331	0.735969	0.0260996	888	245
ATTATCCTCAATAGCC	21991	5749	1730	0.261425	0.699078	0.0204576	1301	305
GCCTGACAGCCTGGTA	21983	5911	1673	0.26889	0.716968	0.0094631	1148	262
CTGGTCAAGACTTACA	21985	6064	1747	0.275824	0.711906	0.028728	1322	316
TGTTGTGCAGTTGCGT	21931	6113	1717	0.278738	0.719123	0.0329095	1373	308
CAAGGGAGTGCTGTAA	21919	5851	1556	0.266937	0.734063	0.0121441	1001	212
TCTAACTTCAGTGAAG	21947	5879	1688	0.267873	0.712876	0.0297267	1352	277
ACAGGAATCCTTCGTA	21902	6543	1725	0.29874	0.736359	0.0117684	1070	215
AAGCTTGGTTAACACG	21837	5817	1606	0.266383	0.723913	0.035547	1255	296
TATCACAAGTAGCCAT	21809	6111	1726	0.280205	0.717559	0.0234875	1267	308
GTAAGCGCAATTTGGT	21888	5729	1642	0.261742	0.713388	0.0319623	1253	290
TTTCAGTTCAAGCCTG	21782	5952	1665	0.273253	0.720262	0.0288848	1201	282
CGCTCAGCACAGAACG	21745	2481	1113	0.114095	0.551391	0.00982452	952	120
GCTAATATCATTCATC	21722	5662	1971	0.260657	0.65189	0.0196471	1140	318
CGTAACTAGTAGGATG	21735	6634	1792	0.305222	0.729876	0.0177902	1130	248
GCTGTAAGTGGACCTG	21746	6384	1766	0.293571	0.723371	0.017949	1025	226
AATTGCCAGCTAGAAG	21715	5901	1600	0.271748	0.72886	0.00921109	1268	217
TCACTGACACCAAAGG	21710	6077	1590	0.279917	0.738358	0.0117395	1050	205
GTTGCATAGCAAGGGT	21703	5739	1640	0.264433	0.714236	0.0184564	1154	282
CCGCTAGCATCGTTCT	21665	5712	1644	0.263651	0.712185	0.00395927	1170	203
AAATGGCCATTGTGCA	21668	6309	1734	0.291167	0.725155	0.0146891	1083	216
GCCTGTGCAGCCAGTT	21657	5762	1587	0.266057	0.724575	0.0326663	1246	268
ATCCATAAGGAAACTG	21655	5816	1701	0.268575	0.707531	0.0271825	1227	279
TGCAATATCATGCTAA	21589	5696	1633	0.263838	0.713308	0.0363457	1284	288
CATAGGTTCCGCAAAT	21584	5858	1638	0.271405	0.720382	0.0362263	1256	280
TAGCTAATCCTACCTA	21569	5629	1641	0.260976	0.708474	0.00899283	1155	247
GCTCAACCACATTGCA	21635	6077	1688	0.280887	0.722231	0.00875488	927	186
TATCGAGGTGCAATAT	21559	6063	1675	0.281228	0.723734	0.0242314	1411	283
TTAGCGGTCCGCAAGC	21518	6361	1728	0.295613	0.728345	0.0166834	968	215
CGGGACAAGACAGGTA	21497	5806	1534	0.270084	0.735791	0.0114208	1066	256
GCCTTAACAGGCTAAG	21488	5687	1534	0.264659	0.730262	0.0247276	1193	283
TGCATGAGTAACCAGC	21553	5663	1609	0.262748	0.715875	0.0189223	1181	281
CTTCTCAAGCCGCTTT	21467	5864	1793	0.273163	0.694236	0.027236	1266	293
AGTGAGTCACCTACTT	21458	5685	1655	0.264936	0.708883	0.0702463	1178	326
GTCGGTTCAATAAGCA	21378	5790	1787	0.270839	0.691364	0.0227354	1310	316
TGCTCAACAGGCATCT	21424	5350	1593	0.24972	0.702243	0.0206937	1283	246
GTGTGAGCAGGATGGC	21372	5751	1602	0.26909	0.72144	0.0213057	1446	228
TTGTCCGGTATTTGCC	21392	5706	1639	0.266735	0.712758	0.0291727	1338	265
ACAAAGGTCGTTAGTA	21322	6263	1661	0.293734	0.734792	0.0162575	1032	207
AGCCTGGGTCGTTATC	21324	5768	1714	0.270493	0.702843	0.0248406	1380	274
GCTGTAAGTATTGGTG	21338	5683	1625	0.266332	0.714059	0.0113201	990	211
GCTGCATCAGGCTTGT	21313	5940	1664	0.278703	0.719865	0.02566	1351	275
TCACCTGGTAGGTTGC	21270	6093	1659	0.28646	0.72772	0.00835697	1128	199
AGTAATCGTTGCTGGG	21255	5667	1618	0.26662	0.714487	0.0336426	1336	276
CTAGTCGAGGCCATCA	21246	6261	1663	0.294691	0.734387	0.0106181	1135	191
AATCTTGAGTTAACCA	21204	5707	1649	0.269147	0.711057	0.01321	1095	262
CTCTGTTCATAATGAG	21195	5615	1723	0.264921	0.693143	0.0268394	1259	307
AGTCTTGCACCTGCCT	21183	6012	1681	0.283812	0.720393	0.0100357	1102	205
CCCTCACCATCCTAGA	21162	5688	1626	0.268784	0.714135	0.00990763	922	233
CGTGGTTCACCGGCTA	21154	5662	1665	0.267656	0.705934	0.0251724	1272	268
AATGCAACATGAAATG	21161	5780	1589	0.273144	0.725087	0.034128	1164	303
TTGCACACAACTGGCT	21140	5559	1544	0.262961	0.722252	0.0239693	1239	245
GAGCAAATCCCTCATA	21129	6177	1688	0.292347	0.726728	0.0130709	1009	212
ATCGGCCAGTCACCAG	21066	5833	1574	0.276892	0.730156	0.012146	1189	224
CTATGGCCAGAATGAC	21053	5301	1555	0.251793	0.706659	0.0236039	1243	253
TCACTGACACCACAAC	21063	5629	1592	0.267246	0.717179	0.0116597	1167	256
GCCTACTTCTAACTGA	20990	5517	1568	0.262839	0.715788	0.00784008	813	221
AACTAGCTCAGGCCTA	20989	5606	1584	0.267092	0.717446	0.0235725	1179	254
AGTAAGTAGGTACCGC	20985	5715	1646	0.272337	0.711986	0.0280452	1249	281
CCCAAACCATAATCAC	20942	5810	1588	0.277433	0.726678	0.0135621	1148	209
GGAACTAAGGTTTGAC	20931	5589	1619	0.26702	0.710324	0.0310582	1086	282
AACTACTCAGGAATCG	20913	5761	1602	0.275475	0.721923	0.0175862	1231	252
TTTGGTGCATAAGGAC	20879	5558	1608	0.2662	0.710687	0.0198093	978	260
TGTGAAACAGTAATAG	20854	5611	1507	0.269061	0.73142	0.040221	1102	283
GTTCCTTCAAAGCGGC	20831	6170	1636	0.296193	0.734846	0.0155555	1131	218
TAGCTTGCACGAATTT	20698	3283	1287	0.158614	0.607981	0.0251828	983	190
CATGGCGGTTAATGCG	20680	5425	1441	0.262331	0.734378	0.0354961	1194	252
GAGATAAGTCACCTAT	20855	5647	1634	0.270774	0.710643	0.0407522	1253	282
GGAACCACACTAAGTT	20638	5269	1417	0.255306	0.731069	0.0239755	1019	208
CCTTAGTGTTCCTGTG	20661	5613	1584	0.271671	0.717798	0.0242588	1232	268
ATCTTTGGTTAACAGT	20595	5579	1640	0.270891	0.706041	0.0179582	1251	268
GGTTACTAGTAGCCAT	20633	5403	1591	0.261862	0.705534	0.0332296	1330	257
GGCTAGACAACTGGCT	20601	5365	1585	0.260424	0.704567	0.035113	1220	264
GCTTCGCGTCTAACCT	20546	5609	1669	0.272997	0.702443	0.0170376	1240	257
TGGCTAAGTTGTTGGA	20547	5575	1606	0.271329	0.711928	0.0235674	1239	270
ATGCATTCAGGCAAGC	20532	6096	1634	0.296902	0.731955	0.0211334	1031	225
ACGACTTAGGACACTT	20500	5592	1676	0.27278	0.700286	0.0408855	1206	301
ATGCATTCATGGCCCA	20503	5467	1538	0.266644	0.718676	0.0187478	886	204
ATTCCTCCATCCTAGA	20480	5586	1628	0.272754	0.708557	0.0187861	1238	271
CGAAGGCCAATTTAGC	20490	5482	1558	0.267545	0.715797	0.034534	1289	252
CTTGAACAGGAACCAA	20469	5420	1511	0.264791	0.721218	0.052786	1145	276
GCCAACATCTTGTCTG	20436	5327	1545	0.260667	0.709968	0.0150752	899	201
AGGCTAAAGGTTTACA	20456	5659	1602	0.276643	0.716911	0.0367938	1244	275
GGTATGTTCCGGTATG	20428	5262	1553	0.257588	0.704865	0.0261717	1211	253
ACTCGCGCAAGTGTCC	20413	5634	1555	0.276001	0.723997	0.0286406	1234	222
ATATGCTCAGTCTAAT	20433	5267	1558	0.257769	0.704196	0.0118641	980	229
CAGGACACAGCACCAT	20412	5621	1578	0.275377	0.719267	0.0142452	1142	244
GAGCAAGGTCATTACC	20409	6023	1575	0.295115	0.738502	0.0156593	1037	196
CCTTGCGTCGTTAAGC	20339	5345	2084	0.262796	0.610103	0.0161471	1768	327
AGGGCTACAGGCTGTT	20378	5666	1528	0.278045	0.730321	0.0343377	1203	251
CATCCTGGTTGCAGTA	20327	5710	1596	0.280907	0.72049	0.00964852	917	201
CTCAGGATCATAGACC	20323	5830	1602	0.286867	0.725214	0.0128551	1030	174
CAACCCGCATCACAGC	20313	5424	1440	0.267021	0.734513	0.0115562	1056	217
GAACACAAGAGAAGGG	20310	5582	1481	0.27484	0.734683	0.0181273	1075	253
TCTAATCTCGTCAAGT	20299	5262	1516	0.259225	0.711897	0.0233202	956	230
GTTGCCCGTCGTTACT	20281	5246	1618	0.258666	0.691575	0.0129397	1214	241
CCACAATAGGGATGCG	20273	5493	1534	0.270952	0.720735	0.0409067	1250	246
TCAAGGAAGCCTGTGA	20272	5437	1555	0.268202	0.713997	0.0141378	1111	262
TATCGCGAGCTCCTTA	20249	5420	1643	0.267668	0.696863	0.0169886	1325	256
GTGTAACTCTTGCAAA	20246	5955	1638	0.294132	0.724937	0.0141695	1183	224
ACGGTTTAGCTTTGGG	20245	5526	1534	0.272956	0.722403	0.0220808	1336	240
TGCACTTGTAGGTGTC	20235	5985	1618	0.295775	0.729657	0.0145432	976	191
AAGTTACGTGCTCACC	20212	5601	1544	0.277113	0.724335	0.0172481	1279	229
GTGCTGGGTAGGTGTC	20199	5500	1639	0.272291	0.702	0.0346189	1353	273
CTATGGCCAGTCTAGC	20201	5334	1502	0.264046	0.71841	0.0166099	1222	215
GCTGCACAGCTCAATA	20190	5284	1474	0.261714	0.721045	0.0364626	1155	232
GAGGACTAGCTGCACA	20189	5864	1541	0.290455	0.73721	0.0181281	980	169
TAGGCTAGTGGAAACG	20189	5363	1480	0.26564	0.724035	0.016955	1015	217
TGGCCTTTCAGAAACG	20177	5370	1552	0.266145	0.710987	0.0160279	1113	249
ACCTCACTCTCAATAG	20162	5574	1650	0.276461	0.703983	0.0241114	1338	261
GGATGGCCACAAACTT	20156	5364	1440	0.266124	0.731544	0.0232871	1155	219
ACGACTTAGGTCATTA	20142	5674	1563	0.2817	0.724533	0.0253139	1165	276
GTGCCTTTCACCTGCT	20171	5568	1588	0.27604	0.714799	0.0303614	1276	274
GTTTGTCGTGTCACGG	20138	6125	1841	0.304151	0.699429	0.0154944	907	99
CTGCTATGTTGTAACG	20107	6016	1609	0.299199	0.732547	0.0135128	976	193
TGCGATTAGCAAGGTA	20100	5269	1483	0.262139	0.718542	0.0467917	1219	264
ACCTTGTGTGGATTGC	20043	5395	1489	0.269171	0.724004	0.0401893	1278	264
CGCTATGAGCCGCTTT	20061	5390	1687	0.268681	0.687013	0.0128013	1156	281
TCAGCAAGTCAATGTG	20012	5293	1512	0.264491	0.71434	0.0345396	1152	266
TAGGTGCGTGCATCGG	20039	5580	1563	0.278457	0.719892	0.0366984	1291	245
TTAAGTGTCAGGTCCA	19986	5478	1492	0.274092	0.727638	0.0142129	1105	247
CGTTGCGCATAATCCG	19873	5335	1476	0.268455	0.723336	0.0168088	1058	237
GTGCGCAGTGTGTCCC	19853	5521	1590	0.278094	0.712009	0.0144025	1380	225
GCCTCGACAGCAGGTA	19965	5400	1548	0.270473	0.713333	0.0224166	1328	241
ATTCACTTCTGGTCCT	19840	5453	1636	0.274849	0.699982	0.0178967	1219	267
GGTTACTAGCCGCAAC	19822	5251	1515	0.264908	0.711484	0.0167921	1087	253
TACCTTTAGAATCGCT	19798	5593	1581	0.282503	0.717325	0.0237607	1210	256
CGACAAGCACAAAGCG	19797	5357	1415	0.270597	0.73586	0.0294805	1231	226
CAAGCTAGTTGCGGAT	19756	5716	1524	0.28933	0.73338	0.0150962	1050	197
AATCGCCCATGCTCCC	19719	5359	1536	0.271768	0.713379	0.0111732	1074	249
CAAGGGAGTGTTTGTC	19703	5046	1401	0.256103	0.722354	0.0201363	892	213
CAATCTAAGCGGTTAT	19718	5446	1531	0.276194	0.718876	0.0503403	1217	272
GGTGTCCAGCCAGTAT	19698	4730	1299	0.240126	0.72537	0.0635824	822	200
CTCCATCAGTAGGATG	19683	5334	1557	0.270995	0.708099	0.0376733	1117	303
GCACATTAGTAAGGGC	19675	5176	1451	0.263075	0.719668	0.0379539	956	229
CCCGTTGTCCTCATCA	19674	5348	1572	0.271831	0.706058	0.0341531	1244	271
AATCCTAAGGTAGCTT	19650	5273	1531	0.268346	0.709653	0.0328226	1261	230
ATGTAAGCACCTATAG	19661	5351	1540	0.272163	0.712203	0.0391818	1156	257
TACTGAGGTCATTGAG	19644	5392	1540	0.274486	0.714392	0.0275867	1163	285
CCGGTTAAGCATGACT	19642	5104	1531	0.259851	0.700039	0.0233712	1236	255
CTAAATGTCAGGATGA	19614	5167	1485	0.263434	0.712599	0.0164125	1131	241
TCAAGGTTCAAGCTTA	19626	5198	1459	0.264853	0.719315	0.0158658	1057	251
GGCTTCAAGGTCCACA	19574	5782	1538	0.295392	0.734002	0.0151425	1008	203
GCCTAATAGTAAAGGT	19628	5080	1489	0.258814	0.70689	0.0467781	1098	270
TTTCTCACAATTGAAG	19570	5281	1501	0.269852	0.715774	0.0383953	1185	246
GGCCTTAAGAATCTCA	19564	5610	1573	0.286751	0.719608	0.0157837	906	170
GATGGACAGGCTGGCT	19547	5221	1417	0.2671	0.728596	0.0284967	1105	244
TCAGCCTTCGATAACC	19533	5496	1524	0.28137	0.722707	0.00895237	803	179
TGGTGATTCTCAATGA	19537	5760	1591	0.294825	0.723785	0.0125187	1025	197
CTAATAGTCATAGCCG	19500	5176	1559	0.265436	0.698802	0.0426236	1143	264
CGTCATTGTTGGTTGA	19501	5642	1573	0.289318	0.721198	0.0165827	1143	220
GATCCGTCAAGCTAAA	19446	5316	1454	0.273372	0.726486	0.0277587	1164	234
CCGCCAACATCCAGGT	19483	5169	1448	0.265308	0.719868	0.0249019	1163	243
GCTTAGTAGGCTATGT	19440	5975	1618	0.307356	0.729205	0.0218115	939	208
GACCTGATCCCTCACG	19434	5280	1453	0.271689	0.724811	0.0390539	1163	244
GCTAACAGTCATAACG	19417	5067	1390	0.260957	0.725676	0.0115021	728	173
GGATTATGTAGTCAAT	19396	2879	1159	0.148433	0.59743	0.00653332	1008	105
ACTTGTAAGGTCATTA	19386	5320	1559	0.274425	0.706955	0.0373412	886	170
AAAGCAAGTTACTAGG	19370	5736	1541	0.296128	0.731346	0.0232123	991	196
GTTGGCCAGTGGCGGA	19340	5192	1410	0.268459	0.728428	0.0446712	1214	219
TACTCAAAGACTATTG	19316	5694	1528	0.294782	0.731647	0.0192063	894	185
AGCACTTAGTAACGGA	19315	5362	1523	0.277608	0.715964	0.0302192	1260	246
CATCCTGGTAATCGCA	19340	5260	1520	0.271975	0.711027	0.0208105	913	241
GCATTGCCAGGCGATA	19300	5094	1457	0.263938	0.713977	0.026862	1233	243
TCTAGCGAGACTTACA	19274	4957	1443	0.257186	0.708897	0.0348248	1151	256
AAGCAAGTCTCAATAG	19249	5479	1489	0.284638	0.728235	0.0378515	1157	260
ACTCACCTCGAAGCGG	19261	5139	1425	0.266809	0.722709	0.0342441	1067	229
CCTTCGGTCTTGTCTG	19228	5455	1578	0.283701	0.710724	0.011944	1136	201
TCTACCTCAGGCTTGT	19202	5614	1545	0.292365	0.724795	0.0259011	849	146
TGGACGGAGGACACTT	19197	4975	1405	0.259155	0.717588	0.0460913	1129	233
GTGCGCAGTCAAACTG	19197	5677	1463	0.295723	0.742293	0.0131515	890	159
CGCTTGCGTCCTAAGA	19184	5153	1480	0.268609	0.712789	0.0321935	1277	238
TGGCTTTGTACCGGAT	19188	5116	1472	0.266625	0.712275	0.0206282	1170	238
GCCCTCATCCCAGTAG	19185	5164	1412	0.269169	0.726569	0.0151016	935	215
ATCCATAAGTGCTGTG	19144	5358	1486	0.279879	0.722658	0.0312185	1190	240
ATAGGTACAATTAACC	19140	5030	1493	0.2628	0.703181	0.0280935	1022	254
CCTTGCGTCATCAGTA	19078	5046	1495	0.264493	0.703726	0.0399146	1135	254
AGCAACAAGCCTAACG	19070	5569	1455	0.292029	0.738732	0.013626	905	183
TGCACTTGTCGACTCC	19120	5064	1431	0.264854	0.717417	0.0180837	1084	227
GCGGTTGGTGATGATT	19050	5184	1448	0.272126	0.720679	0.0263569	1221	222
CACTTTGTCCAATAGC	19047	5095	1467	0.267496	0.712071	0.0321726	1140	241
CCAAGGCTCGCTTCTA	19007	5322	1465	0.280002	0.724728	0.0184231	1120	231
CGTTTCTCATTGGGAG	18974	5741	1593	0.302572	0.722522	0.0148529	1062	204
AGTCCTTGTAACGTGC	18966	5267	1507	0.277707	0.713879	0.0358213	1202	254
CAATGTCAGTAACCCG	18983	5010	1386	0.26392	0.723353	0.027334	939	230
GCTTAAATCCGGGACT	18996	5085	1419	0.267688	0.720944	0.0217772	1086	223
CGTTTGGAGTAACCAC	18944	4977	1470	0.262722	0.704641	0.0203381	1018	257
ACTCAGTAGTTATCCT	18941	5501	1462	0.290428	0.73423	0.0145209	1017	197
GTACTTAAGACTTATG	18934	5248	1486	0.277173	0.716845	0.0279436	1182	243
GAGTCATTCGCTAAAC	18926	4632	1330	0.244743	0.712867	0.0437213	845	227
GTATTGTCAGCAAGGC	18922	5491	1441	0.290191	0.737571	0.0144935	956	173
CTTGTTCCATGATTGT	18916	5463	1500	0.288803	0.725426	0.0119728	1027	185
GTCCAGGGTGCATTTC	18892	5520	1527	0.292187	0.72337	0.0127599	1098	198
CTGCTATGTGTAATAC	18903	4594	1410	0.24303	0.693078	0.0549924	1026	248
AGTAGGATCTACCTGC	18883	2589	987	0.137107	0.618772	0.0202636	902	126
CGGAGTCTCGCAACAT	18848	4952	1442	0.262733	0.708805	0.0224957	929	198
TTAAGGTGTTTAACGG	18840	5047	1437	0.267887	0.715276	0.0389661	1190	240
GTCGAAGCAGCAACCT	18833	5155	1512	0.273722	0.706693	0.0567286	1111	278
GGTCTTGAGGCAACAA	18822	5619	1480	0.298534	0.736608	0.0159956	995	184
TGCTTGTGTGTTGTGA	18797	5649	1528	0.300527	0.72951	0.024649	1000	188
TATGGTCAGAGAAGGG	18825	5212	1379	0.276866	0.735418	0.0260002	1153	190
CGCAATAGTGGAGCAA	18705	5131	1449	0.274312	0.717599	0.0171352	1044	256
ATAGATGCAGCAAGGC	18676	5548	1438	0.297066	0.740807	0.0156287	1005	195
CTTGTTTAGCTGGCTA	18684	5561	1487	0.297634	0.732602	0.0122262	997	182
TCCTTAGTCTTGAGCG	18694	4945	1466	0.264523	0.703539	0.0256007	1193	226
GATTCCTGTTGGCGTG	18673	5546	1455	0.297006	0.737649	0.0217061	838	186
GCACTTACATAATCGT	18654	4935	1440	0.264555	0.708207	0.0181305	1088	234
CGCACACAGGACCGCT	18646	5021	1373	0.26928	0.726548	0.0327576	1103	215
GTAGTTTCAAACTCAT	18619	4995	1352	0.268274	0.729329	0.0201083	862	212
GGTAAACCAAACTCAT	18627	5290	1413	0.283996	0.732892	0.0168235	1050	207
TCGCATTGTTTGGGTA	18627	4973	1566	0.266978	0.6851	0.0268541	1241	273
AAATGGCCACGTTACA	18590	5556	1452	0.29887	0.738661	0.0114711	964	168
GTGCTGGGTCACAGAC	18572	4914	1404	0.264592	0.714286	0.0122028	1128	208
ACAACAGAGCAAACCT	18544	5018	1423	0.2706	0.716421	0.0136996	1082	212
TAAGTAGCACCTCGCT	18561	4803	1298	0.258768	0.729752	0.0290136	901	202
GCGCTTAAGGGCTAAA	18522	4931	1405	0.266224	0.715068	0.0523161	1119	244
GATTATGTCCTTGAGG	18510	5007	1458	0.270502	0.708808	0.0475647	1057	269
CTCAATAAGCAGGTGG	18496	4950	1325	0.267625	0.732323	0.0320869	810	214
AGGTAACCACCTGGTG	18493	5012	1403	0.271021	0.720072	0.0338011	1153	243
AGGACGTAGTTAGTGC	18491	4990	1452	0.269861	0.709018	0.0247351	1198	228
GTACTGGTCCCTCAAC	18488	4933	1418	0.266822	0.712548	0.015533	1100	214
AACAAGCCACTAAATC	18447	5431	1379	0.294411	0.746087	0.0146615	828	158
AAGCGAATCCTGGCTT	18396	4783	1356	0.260002	0.716496	0.0122371	859	190
CCTCAAACACGAATCC	18413	4648	1295	0.25243	0.721386	0.0223999	1091	193
AAGCCTCCATTAAGCT	18439	5087	1409	0.275883	0.723019	0.0285665	1075	192
GATAAGCCATAATGAG	18401	4862	1322	0.264225	0.728095	0.0118622	1082	185
ATCACAATCTAATCAG	18389	4863	1414	0.264452	0.709233	0.0323851	1149	248
AGAGGATGTACCGTAA	18380	5008	1439	0.27247	0.71266	0.0286231	1197	230
AACATAGCAGCTTACA	18366	4899	1348	0.266743	0.724842	0.0218526	894	204
GGTACAAAGTTTCCTG	18376	5004	1465	0.272312	0.707234	0.04162	1100	260
CCCGTTGTCATCCTCA	18374	4692	1358	0.255361	0.710571	0.0196542	1063	216
TTAGCGGTCCTTAATC	18355	4793	1435	0.261128	0.700605	0.0150989	1188	224
TCGTTACGTAGGTTGC	18355	4719	1533	0.257096	0.675143	0.0192156	917	214
GCATTGCCAGCACCAT	18344	5291	1398	0.288432	0.735778	0.0156285	836	153
ACGGTTAGTGCCTCAC	18282	5059	1429	0.27672	0.717533	0.0257626	1132	227
TTCATCCCAAATGCCC	18307	4937	1351	0.269678	0.726352	0.0161035	987	221
CTTCAAGCAACCCTCC	18265	4936	1376	0.270244	0.721232	0.0210596	1023	208
TACAATGTCATTTAGG	18261	4890	1459	0.267784	0.701636	0.0173697	1037	254
GTCTAGCCAAACGCGA	18276	4917	1405	0.269041	0.714257	0.0285681	1144	240
AGCGATTTCGCTCACT	18243	4777	1376	0.261854	0.711953	0.0421014	1127	237
AACAGCAAGATAAAGC	18260	5050	1366	0.276561	0.729505	0.0220543	1147	213
AATGTCATCATGCTTT	18240	5305	1407	0.290844	0.734779	0.0154806	678	79
CGTAACTAGAGCCGCT	18224	5051	1605	0.277162	0.682241	0.0218714	1244	298
TTGGGCCAGCCGCAAC	18210	4916	1369	0.269962	0.721522	0.0276639	1207	196
GTGCTGATCTAAATCG	18199	4863	1367	0.267212	0.718898	0.0357591	1006	235
GTTCTTGATTAATGAA	18196	5606	7	0.30809	0.998751	1	2	0
CTTACTAGTGCGCATG	18195	4851	1451	0.266612	0.700886	0.0283563	1163	250
GTTGCGGGTTGAGCCG	18177	4994	1385	0.274743	0.722667	0.0350058	1164	217
ACCCAGGGTACCCACC	18159	4825	1365	0.265708	0.717098	0.01343	1142	223
GTAAGGTCATCCCGCT	18142	4861	1393	0.267942	0.713433	0.0290802	1114	234
GCTAGCTCATGGCCTG	18133	4759	1378	0.26245	0.710443	0.0146004	973	214
CACATACAGTCTTGAA	18118	5321	1440	0.293686	0.729374	0.0172387	811	163
GGTGTTGTCCCGTTAC	18120	4742	1375	0.2617	0.710038	0.0220693	944	199
ACTTATCTCGTCAAGT	18127	4849	1404	0.267502	0.710456	0.0185729	879	204
GAAGGAACAACTGGCT	18101	4888	1314	0.27004	0.731178	0.0716512	1019	242
CTGCTATGTTTGACCT	18098	5010	1432	0.276826	0.714172	0.0184017	1121	216
TTACGTTTCGCTCCAT	18096	4652	1329	0.257073	0.714316	0.0173764	1159	195
CCGACAGGTTGCATCT	18089	4959	1374	0.274145	0.722928	0.0232898	1157	215
ATGCAAACAGGTCCTG	18085	4844	1385	0.267846	0.714079	0.031254	1198	232
CAATAAGCACTGGCTG	18084	5485	1354	0.303307	0.753145	0.0133516	922	158
AATGAAGGTTCACCAT	18073	4947	1380	0.273723	0.721043	0.031878	1110	228
TGAGAACCAAGCTTTG	18057	5249	1359	0.290691	0.741094	0.0140528	841	189
GCCAGGTTCATTCATC	18045	4841	1383	0.268274	0.714315	0.0269854	1025	222
GTTGGCCAGCTCAATA	18043	5264	1376	0.291747	0.738602	0.0132687	926	177
GAGTCAAAGCTTAGCG	17983	4707	1332	0.261747	0.717017	0.0282911	1121	226
GTTCCTGGTGACCTGG	17997	5274	1396	0.293049	0.735305	0.0107993	798	157
TCCGGTAAGGATTGAG	17935	4877	1409	0.271926	0.711093	0.0498875	1177	227
AGGTCATTCAATGAGG	17922	5135	1498	0.286519	0.708277	0.0171729	823	177
AAGACATAGTTCCTGC	17895	4952	1384	0.276725	0.720517	0.0382686	1064	234
ATGCATTCAGCAGGTA	17874	4800	1350	0.268546	0.71875	0.0172073	1207	218
GATTAAGCAATATAGG	17848	4786	1402	0.268153	0.707062	0.0260324	1056	243
GTGCGCAGTTAATGCG	17800	4825	1319	0.271067	0.726632	0.0211243	1115	179
TGATTAGTCATTCATC	17845	4760	1374	0.266741	0.711345	0.0244345	852	203
TGGTTAATCAGTATTG	17766	4777	1375	0.268884	0.712162	0.0309114	1011	251
CCAACCAAGCAGGTGG	17803	5339	1366	0.299893	0.744147	0.0183875	854	157
CGTATTGCAAACATAG	17768	4995	1390	0.281123	0.721722	0.0221698	1081	225
TGTATCCGTCACGGAT	17762	4915	1331	0.276714	0.729196	0.0169701	1032	209
GCGATTTAGCATTAGC	17758	4694	1315	0.264332	0.719855	0.0236443	869	212
TCATGAGGTGAGCAAG	17754	4702	1326	0.264842	0.717992	0.0385858	1185	194
ATCGCTTGTCATAGAT	17731	4771	1357	0.269077	0.715573	0.0253323	744	203
GATCCGTCACCAGGTT	17728	4720	1306	0.266245	0.723305	0.0147771	982	178
AGGCGGATCCTCAGTC	17702	4832	1380	0.272964	0.714404	0.0340737	1132	214
TGATTCAAGACAACAG	17692	5179	1341	0.292731	0.74107	0.0262599	937	166
CTTGCGCGTATGTGGC	17709	4725	1342	0.266813	0.715979	0.023124	1095	209
TAGGTTATCATAGCCG	17664	4766	1380	0.269814	0.710449	0.0581379	1021	240
GTACACCCAAGGTACG	17638	4666	1364	0.264542	0.707673	0.00734788	840	133
CATATCGCAGCATGTC	17548	4767	1364	0.271655	0.713866	0.0214385	1157	218
CGCAATAGTCATAACG	17581	5114	1345	0.290882	0.736996	0.0170931	841	151
ACTCGCGCACATGCTA	17633	4781	1325	0.271139	0.722861	0.0170858	1175	170
TGCTCAACAAGTCGCT	17567	4706	1460	0.267889	0.689758	0.0243685	1175	249
TCCATTGTCATGGCTG	17541	4588	1309	0.261559	0.71469	0.0160248	871	181
TGGGCCTAGCACCACA	17520	5029	1353	0.287043	0.73096	0.0160019	755	159
ATTCGTTTCATTGCGG	17524	4772	1405	0.272312	0.705574	0.0167304	1135	206
TGCTTCATCTTAGGGT	17501	4749	1419	0.271356	0.7012	0.017326	1092	247
TGGCTAAGTGGTGAGA	17510	4783	1318	0.273158	0.724441	0.0136647	955	229
GGTTGACGTCTAACAG	17489	4602	1345	0.263137	0.707736	0.0350206	1038	236
GTAGTTTCAGCCTGCA	17488	4525	1328	0.258749	0.706519	0.026831	1076	219
GAAACCCGTCATTAGG	17487	4673	1308	0.267227	0.720094	0.0232026	1044	227
TCTAGCACACATAACT	17450	4803	1295	0.275244	0.730377	0.0164518	865	213
CATAGCTAGTCACCTC	17479	4808	1381	0.275073	0.71277	0.028501	1077	231
CCACATTGTACCGTAA	17449	4628	1275	0.26523	0.724503	0.0556507	955	219
ATTACCGCAGGCCAAA	17446	4719	1331	0.270492	0.717949	0.0123874	968	225
AAGACATAGGACCAGG	17423	4646	1308	0.266659	0.718467	0.0400343	1021	230
TAAGGCTTCCGCAAAT	17420	4589	1306	0.263433	0.715406	0.0335527	1052	219
TAGCTTAAGTTTGTCT	17434	5049	1381	0.289607	0.72648	0.0130802	838	170
ATGATGACACTCGCTC	17417	4604	1290	0.264339	0.719809	0.0365481	1103	212
TACTGCACATGTCAGC	17391	5094	1376	0.29291	0.729878	0.012372	897	143
CCACACAAGCATGTCG	17381	4677	1274	0.269087	0.727603	0.02985	1067	188
ACACTTGCATAAGTTC	17383	4652	1330	0.267618	0.714101	0.0290043	882	223
GCTCATTGTAAGCTCA	17380	4550	1386	0.261795	0.695385	0.0325055	1040	243
TCCTTTACAAACGCGA	17389	4613	1310	0.265283	0.71602	0.02647	1010	197
AGTTATGTCCAAGTTA	17349	4737	1362	0.273042	0.712476	0.0186292	962	224
GCTCTGGCAATTAACC	17360	4616	1254	0.265899	0.728336	0.0227743	966	190
GCTTATCGTGATTTGG	17345	4777	1377	0.275411	0.711744	0.0504127	1012	243
GACTCACCAGCTAATT	17365	4956	1322	0.285402	0.733253	0.0164506	855	158
CATCATAAGTACCGCA	17340	4573	1359	0.263725	0.702821	0.0337357	1119	232
GGCGTTATCCCTCACG	17322	4716	1340	0.272255	0.715861	0.0368193	1174	207
CCCATAACATAATCCG	17307	4580	1271	0.264633	0.722489	0.039272	1044	204
CGCACAATCCCTGTTA	17308	4830	1276	0.279062	0.735818	0.0189669	1035	193
GGTATTTCAGCCAGTT	17341	5072	1328	0.292486	0.73817	0.0193767	816	163
ACTTGAATCCTTGTTG	17299	4442	1291	0.256778	0.709365	0.00921682	870	177
AGGAGCTAGGTCAAAG	17293	4685	1355	0.270919	0.710779	0.0201387	1068	217
TACGGATTCGTTCACC	17289	5083	1353	0.294002	0.733819	0.0143145	844	149
GGTAATTGTTTGTTGC	17266	4473	1336	0.259064	0.701319	0.0243006	1078	199
TTCTTAGGTACGTTTC	17261	5105	1358	0.295753	0.733986	0.0173585	815	154
TCAGTAGGTAGGTGTC	17243	4629	1356	0.268457	0.707064	0.0130209	820	177
CTTGAACAGTACTGGT	17235	4732	1329	0.274558	0.719146	0.0175558	1023	220
CGGTGAACACCTCACC	17226	4629	1437	0.268722	0.689566	0.0300075	1168	226
CAATGCCCAGATAGAC	17222	5126	1302	0.297643	0.746001	0.0218101	737	163
CAATCCTGTTGCTTCG	17221	4931	1379	0.286336	0.720341	0.0208301	901	194
GTGCACGGTAAAGCGG	17219	4728	1305	0.27458	0.723985	0.0765127	1066	213
GACATAGAGGTCCACA	17206	4789	1345	0.278333	0.719148	0.047945	1039	232
GGTTGACGTACTTCAC	17217	4656	1313	0.27043	0.717998	0.0164234	987	227
CCGCCAACAGGCTTCG	17189	4406	1237	0.256327	0.719246	0.016537	822	178
ACTTACAAGCTGAGGG	17176	4842	1358	0.281905	0.719537	0.0316481	1073	226
TCCGCCATCTAAGGTC	17170	4522	1221	0.263366	0.729987	0.00943276	1035	144
TATTGACCAAACTGTT	17166	4694	1319	0.273448	0.719003	0.0224664	1030	197
GCAATGAAGGAGTCTT	17145	4553	1273	0.265558	0.720404	0.0646095	1037	221
TGATGAACAAAGGTAC	17145	4572	1234	0.266667	0.730096	0.0318641	993	188
GCAATCTAGCATCCAG	17132	4807	1328	0.280586	0.723736	0.0119721	875	151
TCCAGGTCACAGAACG	17131	4087	1182	0.238573	0.71079	0.07531	872	213
TCATAACCACCTCAGG	17128	5066	1330	0.295773	0.737465	0.0147463	820	157
GTCATGAGTTATGTGG	17126	4598	1405	0.268481	0.694432	0.0350109	1029	247
AGTTGCAGTTGACTTC	17119	4457	1241	0.260354	0.721562	0.0421478	866	202
GCAAGTCGTTGTCCAT	17116	4573	1310	0.267177	0.713536	0.055323	1184	209
CGCATTTGTGGATTAT	17103	4908	1399	0.286967	0.714955	0.0155357	948	191
ACGTTACAGTGTTGCG	17098	4650	1345	0.271962	0.710753	0.0182603	1009	220
AACATAGCATGCTCCC	17095	4658	1323	0.272477	0.715973	0.0268087	1175	202
TGAGAACCACAACAGG	17057	4628	1300	0.271326	0.719101	0.0205323	945	213
ATCAGGTTCGTGCCTT	17048	4618	1305	0.270882	0.71741	0.0942374	1154	218
ATGTGAGAGATAACCC	17091	4368	1261	0.255573	0.71131	0.0623335	1012	213
GCGATTAGTTACAAAC	17040	4559	1248	0.267547	0.726256	0.0270481	769	179
TACCGCAAGTTGCCTC	17026	4522	1280	0.265594	0.716939	0.0340659	1044	210
CGGCCATAGTCACCAG	17032	4456	1299	0.261625	0.708483	0.0162813	985	202
GGTCTTTGTGCTCCGT	16977	4647	1333	0.273723	0.713148	0.0263668	1149	214
TCAAACCAGTTTAACG	16972	4552	1220	0.268206	0.731986	0.0293465	967	208
CGTAATGGTCACCAAA	17022	5037	1319	0.295911	0.738138	0.0152182	788	153
CATAGGCGTACGGTAC	16967	4618	1295	0.272175	0.719576	0.0542022	1086	195
TGGTTCCTCACGCGGT	16966	4734	1260	0.279029	0.73384	0.0268258	1044	205
GCTGTGCAGCATGTTA	16966	4595	1267	0.270836	0.724266	0.0233708	1063	199
CTACTAAAGGTCGAGG	16958	5149	1339	0.303633	0.73995	0.0221022	830	180
GAGCGATAGCAAGGAC	16952	4589	1278	0.270706	0.721508	0.0435678	1048	200
ACCTGGTTGATCCTGC	16938	5447	12	0.321585	0.997797	0.266668	9	3
CTTTCTTGTGTTTGAG	16913	4549	1379	0.268965	0.696856	0.0493629	1164	225
GCTCTGTTCCGTGACA	16938	4875	1305	0.287814	0.732308	0.011168	892	144
TTCAGGTAGCTATATG	16852	4590	1384	0.272371	0.698475	0.0338959	996	244
GCGTGCTAGGTGAGAC	16840	4474	1316	0.265677	0.705856	0.0261194	1072	203
AATTAGGCACTAAGCC	16779	4588	1288	0.273437	0.719268	0.0235897	1050	218
ATAGCATGTAGTCAAT	16789	4555	1310	0.271309	0.712404	0.0226264	919	250
TATAGCTCAGGAAGCC	16725	4933	1272	0.294948	0.742145	0.017388	739	138
TCAGTAATCATGTGGT	16720	4594	1343	0.274761	0.707662	0.0312328	1000	239
TTGGATATCTAAATCG	16712	4567	1349	0.273277	0.70462	0.021663	973	225
CGCTAACCAAGTGAAC	16641	4702	1264	0.282555	0.731178	0.0134752	885	181
AAGCCTGTCCCGAACA	16639	4413	1254	0.26522	0.71584	0.0361913	1050	186
ATTACCCGTCACCAAA	16663	4677	1275	0.280682	0.727389	0.0130973	798	154
TAGCTAATCACTTTAC	16633	4278	1211	0.2572	0.716924	0.0333104	661	194
CAAAGTGAGTCAATCA	16631	4558	1271	0.274067	0.72115	0.0356722	1018	226
ATAGGTACAGCATGAG	16625	4644	1306	0.279338	0.718777	0.0355258	1114	204
ACAGGTAAGGACCTCA	16586	4451	1254	0.268359	0.718266	0.0144337	724	188
CAAACTGGTTCCGGGA	16591	4429	1212	0.266952	0.726349	0.0276596	1045	171
TGTATCCGTCGCATAA	16579	4397	1228	0.265215	0.720719	0.0243005	1053	175
TTAGTCAAGGTGAAGC	16572	4558	1301	0.275042	0.714568	0.0294031	1029	234
TATGGGCGTTGGGTTA	16546	4150	1226	0.250816	0.704578	0.0608135	1008	198
TAGGTTGGTCGTAAAT	16528	4381	1253	0.265065	0.713992	0.0264474	803	204
CGGGTATGTGCAATGC	16506	4357	1249	0.263965	0.713335	0.0525342	951	216
TACCTCATCGTGCCTT	16500	4471	1315	0.27097	0.705882	0.020418	1171	186
AGCCTAGTCCGGTTAG	16493	4458	1273	0.270296	0.714446	0.0281525	983	214
ACGTTACAGACTAAGG	16397	4382	1242	0.267244	0.716568	0.0341219	1103	189
GGTAACTTCCAAGTGT	16428	4418	1203	0.268931	0.727705	0.0267037	850	205
GGTTTCTGTCCTAAGA	16408	4858	1312	0.296075	0.72993	0.0148936	881	176
CCTCAAACAAGTGAAC	16373	4314	1243	0.263483	0.711868	0.0181322	836	182
TATTAGCCACTGGCCA	16442	4385	1167	0.266695	0.733865	0.0231364	776	163
ATTGCAGGTGAAGCCT	16362	4369	1250	0.267021	0.713893	0.0231203	983	212
CGCAATTAGCGCCTTT	16356	4343	1257	0.265529	0.710569	0.0218187	1087	192
CGCTTACTCGCTAGAT	16311	4855	1329	0.297652	0.726262	0.0146221	745	165
AAACCGAAGAGAAGGG	16318	4260	1165	0.261061	0.726526	0.0550708	962	200
AACATCATCGGGACTC	16353	4534	1291	0.277258	0.715262	0.0393982	1024	215
TGTGCACCATTAAGTC	16301	4435	1265	0.272069	0.714769	0.0119115	1062	179
GGTACTTAGTTTCCGC	16287	4558	1330	0.279855	0.708205	0.025474	1135	216
TTAAGTGTCTGCAAGT	16266	4350	1230	0.267429	0.717241	0.0211195	1040	191
CAAGTGAAGAGCCGCT	16297	4885	1446	0.299748	0.703992	0.0237801	997	193
CGAACCGGTCACACCC	16267	4756	1181	0.292371	0.751682	0.0117245	819	141
TACTTGTTCCTACCTA	16251	4675	1332	0.287675	0.71508	0.0132716	934	182
CCAATATCACCAAAGG	16255	4400	1176	0.270686	0.732727	0.0190754	822	206
AAAGCTTGTGTCCAGG	16206	4388	1232	0.270764	0.719234	0.028646	896	206
TGGCTTTGTCTAACCT	16219	4533	1300	0.279487	0.713214	0.0178923	897	210
CTGTAACAGCCTGTGA	16211	4098	1177	0.252791	0.712787	0.0281768	708	193
AGGTCATTCGTGCCTT	16189	4353	1215	0.268886	0.720882	0.0390101	1074	181
AGTGAGTCACAGCCAT	16177	4470	1263	0.276318	0.71745	0.0336766	1042	214
AAGCGAATCATGAGCT	16167	4280	1204	0.264737	0.718692	0.0301001	800	167
ATTGTGATCCGTTATT	16161	4493	1324	0.278015	0.705319	0.0248905	1043	225
GAGTTGCGTGGGTACT	16144	4317	1169	0.267406	0.72921	0.0472502	990	183
CAATGTCAGCTCGCTT	16137	4288	1237	0.265725	0.711521	0.0271558	949	215
GCCTTAACATTGTGTG	16108	4229	1375	0.26254	0.674864	0.0637755	1078	232
GTTGCGGGTCCTAACT	16100	4173	1151	0.259193	0.724179	0.0440389	726	165
CTACCTCAGTTATGGC	16096	4554	1264	0.282927	0.722442	0.0286304	833	175
TCCATCATCTGTAATG	16081	4493	1295	0.279398	0.711774	0.0301654	954	218
ATTACCGCAGAGGGAG	16070	4426	1215	0.27542	0.725486	0.0336174	1063	174
GATTGTTCAGGTATTT	16064	4265	1288	0.2655	0.698007	0.0370371	966	220
GGCGGTTTCATGGCTG	15999	4264	1212	0.266517	0.71576	0.0330542	991	194
ACACTAATCGCAACAT	16075	2010	817	0.125039	0.593532	0.0139498	781	75
ATGTTGTCATAGACCC	15992	4040	1221	0.252626	0.697772	0.0193688	888	197
GTTGTTGCACTTAGGC	16067	4122	1190	0.256551	0.711305	0.0221216	854	179
TCATCCATCGAGGAGT	15964	4432	1265	0.277625	0.714576	0.031856	1045	213
GAGTGTTTCGCAACAT	15920	4318	1213	0.271231	0.719083	0.0214995	910	183
TTAATCGAGCAGCTAT	15983	4141	1219	0.259088	0.705627	0.0229312	1003	186
GACGCCTAGGCAAGTA	15882	4235	1167	0.266654	0.724439	0.0393725	988	192
CAGGACCTCAATGACC	15887	4345	1181	0.273494	0.728193	0.0109729	758	148
CATCAATCAGCATGTC	15845	4310	1217	0.27201	0.717633	0.0449315	874	194
AGCCTCCGTGACCTGG	15838	4196	1193	0.264932	0.715682	0.0192712	924	186
AAGGTGCAGGGACGCA	15788	4252	1154	0.269318	0.728598	0.027486	933	179
ATGTAAGCAATCCCTT	15817	4515	1202	0.285452	0.733776	0.0133362	805	132
TGCTCCGTCTAATCTC	15819	4629	1236	0.292623	0.732988	0.0167947	827	146
TGAGGAGGTAAGCTCA	15745	4288	1191	0.27234	0.722248	0.0323123	899	200
GCACGGTTCCGCATGA	15739	4314	1172	0.274096	0.728326	0.027524	869	159
GAACGAATCTATCGCC	15730	4166	1185	0.264844	0.715554	0.0287967	980	194
AGTAGGATCATGCATA	15736	4647	1257	0.29531	0.729503	0.0158082	846	166
GTCATTAAGAGGATAT	15704	4258	1285	0.271141	0.698215	0.039422	1124	210
AGACACGCAAGCCACT	15703	4162	1146	0.265045	0.724652	0.0204874	917	177
GAGCGAAGTAGGTGTC	15702	4591	1237	0.292383	0.73056	0.0162336	762	141
AGTTGCGTCAACCAAC	15664	4478	1257	0.285878	0.719294	0.0357102	880	166
CTCTAGCTCGTGCTAG	15685	4374	1220	0.278865	0.721079	0.0281625	1140	171
AGTGAGTCAGGTTACC	15653	4222	1188	0.269725	0.718617	0.0327386	981	193
GATAAGCCAACCCTAA	15637	4092	1139	0.261687	0.721652	0.0224367	923	176
GCCTAATAGGCAATAG	15615	4608	1221	0.295101	0.735026	0.0251524	774	158
CGCTTACTCCCTGATC	15603	4283	1268	0.274498	0.703946	0.0197324	1020	198
TGGTTGAGTGGAAGGC	15605	4710	1206	0.301826	0.743949	0.0278528	849	171
CACAAGCGTAACGGGA	15558	4127	1144	0.265265	0.722801	0.0189229	916	168
GCTGACATCATGTGGT	15552	4384	1197	0.281893	0.726962	0.0509981	978	202
GACACTAGTAATCGTG	15561	4498	1182	0.289056	0.737217	0.0140561	841	158
ACGCACGGTAACAGGG	15581	4299	1189	0.275913	0.723424	0.0206647	834	156
ATGACGAAGGTTTACA	15508	4257	1186	0.274503	0.7214	0.0302558	980	196
TAGTTGGTGGAGCGAT	15492	1027	4	0.0662923	0.996105	0.888889	3	2
GGCTATGTCAAGCCTG	15494	4220	1192	0.272363	0.717536	0.0284161	999	172
ACCACATCCAAGGAAG	15487	5066	4	0.327113	0.99921	0.888889	3	2
CGCTAATAGGCGCACT	15473	4114	1160	0.265883	0.718036	0.0294409	961	170
TTGTTTGGTCACGAAC	15433	4025	1186	0.260805	0.705342	0.0263065	884	195
CATCAATCAGGCTAGA	15425	4159	1163	0.269627	0.720365	0.0184419	1001	171
CGCATGATCGAAGTAG	15488	4699	1286	0.303396	0.726325	0.0248307	925	174
CATGCATAGCTATTGA	15407	4394	1218	0.285195	0.722804	0.0166426	851	225
TGGTTAATCATTGCAA	15379	4147	1206	0.269653	0.709187	0.0292354	809	177
CGAAGTAAGGCATGAA	15378	3942	1129	0.25634	0.713597	0.0202497	914	188
TCTAAGGGTCAGGAAG	15377	4262	1228	0.277167	0.711872	0.0182445	948	205
ATGGTGCGTCATCCTG	15371	4582	1242	0.298094	0.728939	0.025584	837	156
CCAAGTTAGTTGGCCA	15355	4106	1159	0.267405	0.71773	0.0512107	943	200
TGTGTGAGTTGCAATG	15329	4083	1218	0.266358	0.70169	0.0202507	986	201
AGTAACACAAGGTGCA	15325	4068	1121	0.265449	0.724435	0.0193629	919	163
TTGAGCTAGGACACTT	15321	4143	1197	0.270413	0.711079	0.035114	1033	183
CGCAATAGTTCCGGGA	15319	4250	1214	0.277433	0.714353	0.0623204	974	213
TTGGCTTGTTCTTTAG	15291	4082	1235	0.266954	0.697452	0.0423525	972	205
TTACCTGTCATTCATC	15283	4129	1240	0.270169	0.699685	0.0256198	880	218
GAGCATGCAGGCTGTT	15282	4170	1134	0.27287	0.728058	0.0264558	893	178
AATTGCTCAAGGGTTG	15310	4664	1209	0.304637	0.74078	0.0215304	791	146
TAGGAACCATGAATAG	15270	4471	1189	0.292796	0.734064	0.0168959	828	151
ACGTACCCAATTAGCT	15268	2355	901	0.154244	0.61741	0.00657615	692	72
CCTGAGTCAATTATGC	15260	4280	1220	0.280472	0.714953	0.0123009	781	126
GGACAGCCAATTAACC	15246	3890	1048	0.255149	0.730591	0.033521	977	141
TAATGGACATAACGGG	15243	4363	1182	0.28623	0.729085	0.0158138	755	129
ATGTCATCAGTTATCG	15245	4119	1245	0.270187	0.697742	0.0502909	1061	196
ATTGAAGCAGGACCTT	15225	4105	1194	0.269622	0.709135	0.0372009	944	221
TGGGCATGTACCGGAT	15206	4085	1110	0.268644	0.728274	0.0305046	827	146
TCGACAAGTTACAAAC	15205	3922	1137	0.257941	0.710097	0.0242018	870	178
AGGCTAAAGCTTTGTT	15192	4187	1213	0.275606	0.710294	0.0433001	966	207
CATTGTAAGTATGTGC	15190	4096	1330	0.269651	0.675293	0.0223192	1010	235
CATCCTGGTCATGCCC	15176	4059	1140	0.267462	0.719143	0.041612	945	180
ATAGCATGTACTGATG	15175	4056	1173	0.267282	0.710799	0.0289347	989	196
GAGCTGCTCCTCACTA	15148	3907	1154	0.257922	0.704633	0.0404487	951	175
TCACCTGGTTACTAGG	15165	3618	1092	0.238576	0.698176	0.012576	835	143
TACAAGCTCATGCTAA	15139	3965	1110	0.261906	0.72005	0.0255417	701	173
CTTCACTCAGTTGCGT	15136	4021	1177	0.265658	0.707287	0.0148023	855	189
GGTCCGTCTTGCGCCG	15110	4815	6	0.318663	0.998754	0.8	3	2
GTAGGATCAACAGGAT	15098	4208	1187	0.278712	0.717918	0.025981	896	163
TGGTTCCTCGATTTGA	15064	4134	1210	0.274429	0.707305	0.0291064	945	203
CCTATATTCCTTGAGG	15044	4112	1169	0.273332	0.71571	0.0224372	827	188
GCTGCATCAATGAAGC	15065	4102	1142	0.272287	0.721599	0.0400835	950	178
AATTGTGTCTTAGGGT	15098	4162	1227	0.275666	0.70519	0.026427	1032	204
CGGGTATGTGGACATC	14978	4437	1264	0.296234	0.715123	0.0287258	822	168
CCAAGGCTCTACCTCA	14969	4290	1169	0.286592	0.727506	0.0115294	780	131
GTTCCTTCAACGTGCT	14951	3853	1126	0.257709	0.70776	0.023133	885	175
TAGCGCGGTTATGTGG	15017	4182	1121	0.278484	0.731946	0.0366865	986	146
AAGTTTGTCGATTATG	14910	3971	1179	0.266331	0.703097	0.0232517	939	176
CTATGAGGTCGTTATC	14888	3914	1172	0.262896	0.700562	0.0369858	932	187
GCTTACCTCTTTGACT	14833	4016	1215	0.270748	0.69746	0.0263399	961	186
AACTAGCTCCAACTGG	14820	3908	1035	0.263698	0.735159	0.022375	907	138
CGCTGTGCAGCAACAG	14852	3958	1108	0.266496	0.720061	0.0229612	985	164
GGTGAGTAGCCTGAGC	14818	3938	1081	0.265758	0.725495	0.0489275	961	176
CCTCAGTTCCTTTACG	14807	4085	1141	0.275883	0.720685	0.0414954	887	191
TACTCAAAGTGAACGA	14774	3920	1083	0.265331	0.723724	0.0204617	790	176
ACCAGGGAGGTCAAAG	14774	4468	1094	0.302423	0.755148	0.0226256	806	132
ACAACAACATTGCAGC	14757	4149	1124	0.281155	0.729091	0.0133621	673	115
GAGGGAGCAGGTTATT	14745	4102	1124	0.278196	0.725987	0.0420063	923	175
TAAGGACCAAATACCT	14730	3885	1016	0.263747	0.738481	0.0412924	703	168
AGACTATGTCTTGCTG	14727	3851	1101	0.261492	0.7141	0.0205533	744	167
CTTTGTCCAGCTAACC	14718	3997	1167	0.271572	0.708031	0.0411878	914	194
GCGGTTATCCCTCACG	14705	3989	1146	0.271268	0.71271	0.0133123	946	157
GCGATTAGTCTTTATG	14701	3978	1189	0.270594	0.701106	0.0126243	805	168
CTGGACCAGGATTGAG	14712	4183	1171	0.284326	0.720057	0.0162456	890	158
CGTTAACAGAGAAGGG	14691	3979	1144	0.270846	0.712491	0.0172972	906	172
CGTCCTAGTGAATCGC	14688	4314	1196	0.293709	0.722763	0.0151674	813	156
TCTAAGGGTGGTTCTT	14681	4393	1197	0.29923	0.727521	0.0153374	877	155
TTCACTGTCACAGCGC	14659	3950	1104	0.269459	0.720506	0.0595341	976	161
GTAGCTGTCGCATTAA	14644	3949	1142	0.269667	0.710813	0.0228528	961	173
CAACCGGGTACTGATG	14641	1780	743	0.121576	0.582584	0.0145422	730	66
GGATGAATCATTAGGC	14629	3952	1129	0.270148	0.714322	0.0896032	840	199
CTCACAACACTAAATC	14629	3961	1098	0.270764	0.722797	0.0438391	739	197
AGCAAATAGGCTACTG	14624	3845	1126	0.262924	0.707152	0.0296972	948	178
ATTGCAGGTTAGAGCC	14641	4204	1137	0.287139	0.729543	0.0270612	824	172
ACTCGCGCAGATAGAC	14620	3921	1093	0.268194	0.721245	0.0758336	961	185
GCATGAGCAGGTTACC	14619	3828	1073	0.261851	0.719697	0.0288825	864	157
TTAAGGACAAGGTACG	14548	4138	1128	0.284438	0.727405	0.0229256	774	134
CTCAATAAGCAATAGG	14579	4222	1133	0.289595	0.731644	0.0136423	762	137
CTCTTGATCATCAGTA	14547	4225	1183	0.290438	0.72	0.0166349	773	138
GCTAGCCAGCGCAATT	14587	4317	1159	0.295948	0.731527	0.0192328	861	144
CGGTAACGTGCTAGAC	14535	3798	1095	0.2613	0.71169	0.039565	814	176
TAAGTGCTCCTCCATA	14493	4216	1101	0.290899	0.738852	0.0188393	835	135
CCTCAAACATCTAGCA	14493	3960	1124	0.273235	0.716162	0.0202329	761	217
GCCTCGACAGCTTAGC	14483	4208	1157	0.290548	0.725048	0.0158096	787	134
TAGCAGGCAGGTTACC	14539	4394	1159	0.302222	0.736231	0.0181818	807	145
CAATGTCAGGCGCTTA	14468	3981	1124	0.275159	0.717659	0.0223513	898	175
TAGCGCGGTTGCTTCG	14458	4067	1121	0.281298	0.724367	0.0434357	993	171
AATTGCTCACAATACT	14464	3918	1111	0.270879	0.716437	0.0482519	921	181
CGCTATGAGCTTATGA	14449	4208	1186	0.291231	0.718156	0.0148143	817	145
AGTTTGATCCTAATAG	14446	3829	1092	0.265056	0.714808	0.0263717	647	183
TGCGCAGGTGGATTAT	14442	4207	1109	0.291303	0.736392	0.0214073	762	135
GATCCGTCATAGCGGA	14432	3802	1054	0.263442	0.722777	0.0371756	886	172
TTTGCGGAGTTAGTTG	14424	3876	1072	0.268719	0.723426	0.0325381	867	156
TTTGCATTCATTGCGG	14387	3629	1076	0.252242	0.7035	0.028903	908	176
TTAACTGAGGTGTCCA	14366	3957	1098	0.275442	0.722517	0.024898	882	153
GTAGCGCTCGATCAGT	14364	3883	1095	0.270329	0.718002	0.0339811	1007	160
GTATCGCCACTGACTA	14380	3367	991	0.234145	0.705673	0.0139952	814	128
CAATCCCTCTTTGAGA	14335	3886	1071	0.271085	0.724395	0.0430074	859	182
GTTACTCGTTAGGCTA	14315	3035	1025	0.212015	0.662273	0.0325377	829	150
AATTGCTCAACCCTAA	14323	3963	1084	0.276688	0.72647	0.0267713	900	173
TGTAAAGCACCAAAGG	14286	3740	1033	0.261795	0.723797	0.0407595	704	155
GAAGCTAAGAAAGGAA	14292	3813	1056	0.266793	0.723053	0.0280702	855	190
CGAAATGAGAGGCTAA	14268	3813	1073	0.267241	0.718594	0.013807	854	166
ACCAAGTTCATCCTAT	14267	3838	1092	0.269012	0.715477	0.0800469	718	200
AATCTTGAGGCAGGTG	14267	4178	1131	0.292844	0.729296	0.04979	874	159
GTCATTAAGTTAGTGC	14265	3481	1114	0.244024	0.679977	0.0303588	992	158
ACGTCCTTCATGCTAA	14248	4214	1167	0.295761	0.723066	0.0176878	829	154
CTCGACAAGCGGGCAA	14250	4306	1106	0.302175	0.743149	0.0130978	728	121
ACAGGAATCTGTAAGC	14234	3964	1105	0.278488	0.721241	0.0394784	933	174
CATTATCTCAAACCGT	14231	3890	1274	0.273347	0.672494	0.0455001	1050	205
GAGAAACGTTTGAGCA	14229	3884	1016	0.272964	0.738414	0.0380453	763	158
ATGTAAGCATGTCGCG	14195	3862	1113	0.272068	0.711807	0.0431975	991	172
ACTATCCGTGTGAGGA	14230	4186	1085	0.294167	0.740803	0.0135767	754	130
GTTAAGTGTCCGGTTC	14194	3892	1041	0.2742	0.732528	0.0332457	783	171
CGGTTCCGTAGTAAGA	14193	4176	1133	0.29423	0.728688	0.0205653	725	137
GAGTTACTCCGCAACA	14185	3771	1049	0.265844	0.721824	0.0303999	885	137
GGAGCAAGTGTTGTAG	14172	3885	1098	0.274132	0.717375	0.0201935	877	155
ATCGAGGCATTAAAGG	14178	3749	1018	0.264424	0.728461	0.0425225	887	159
GGAACGGTCCTTAATC	14139	4125	1086	0.291746	0.736727	0.0131473	751	129
AAGCTAGAGCATTATG	14138	3857	1100	0.272811	0.714804	0.0232952	787	187
TTACACCGTGACCTGG	14115	3764	1096	0.266667	0.70882	0.0342537	865	178
CTAGCTGAGCTCATAA	14112	3834	1075	0.271684	0.719614	0.040968	820	195
GGATACTTCTGGCTTC	14075	3660	1066	0.260036	0.708743	0.0208544	670	168
GTGGACACACCTAAGC	14068	3738	1059	0.265709	0.716693	0.034618	927	175
AGCAATTGTTAGTACG	14059	3823	1052	0.271925	0.724823	0.0274645	684	145
ATGCTTAAGCGAGGTG	14054	3752	1087	0.26697	0.710288	0.0296358	853	196
GCTCATTGTCTTACTA	14054	4275	1191	0.304184	0.721404	0.0235308	767	143
TTCACTGTCAAGGACA	14048	3708	1031	0.263952	0.721953	0.0175281	692	165
AATGCAACATAAGGAC	14047	3802	1039	0.270663	0.726723	0.0307069	769	154
GAAGTAAGTGGACCTG	14017	3838	1082	0.27381	0.718082	0.04008	794	199
GGACCTCAGTTTGCGG	14045	3711	1058	0.264222	0.714902	0.0217857	852	167
GATTTGCAGTGAGGGT	13994	3701	1043	0.26447	0.718184	0.0450229	858	176
TACGCTTGTTCATCTA	13983	4124	1137	0.29493	0.724297	0.0155002	655	122
CAAGGTTTCTAAGTGC	13958	3502	960	0.250896	0.725871	0.0415945	577	161
TCAGCAAGTAGCTGGT	13971	3567	1016	0.255315	0.715167	0.0357778	683	161
TCCCGGACATCGCTTT	13967	3614	1096	0.258753	0.696735	0.0377522	880	183
TTAGAAGCACAGACTC	13940	3949	1095	0.283286	0.722715	0.0171413	726	125
CAACCGGGTCATGCAA	13932	3597	961	0.258183	0.732833	0.0306303	848	126
GAGCAAGGTACGTTTC	13940	4082	1094	0.292826	0.731994	0.0219935	646	113
TGATTCAAGCAAGGGT	13907	3823	1085	0.274898	0.716191	0.0628557	959	180
AAGACATAGAGGAAGG	13903	3731	1075	0.268359	0.711873	0.0457447	940	152
CATGAGGCATCTTGAG	13899	3727	1060	0.268149	0.715589	0.0325835	957	160
AGGTCAAAGGAACCAA	13895	3768	1059	0.271177	0.718949	0.0211005	947	152
CTTTATCAGGGTGGAT	13883	3765	1116	0.271195	0.703586	0.0166092	908	189
GAGCTAGCAATTAGGA	13844	4105	1133	0.296518	0.723995	0.0198229	937	170
GACGCAACAATAGCCC	13807	3888	1050	0.281596	0.729938	0.0138697	728	115
AGGAACGGTACCAGGT	13887	3779	1055	0.272125	0.720826	0.0208686	857	173
CTTGAATCACAATACT	13802	4214	1100	0.305318	0.738965	0.014492	737	131
AGCGCCTAGGCTGGCT	13785	3668	998	0.266086	0.727917	0.0509607	816	173
ACCCAGGGTTACATCC	13785	3695	1046	0.268045	0.716915	0.0305634	713	170
TGTTTGTTCCCGCAAA	13757	3656	1073	0.265756	0.70651	0.039534	905	170
CAGCCTTTCAATCTAG	13756	3432	1026	0.249491	0.701049	0.0507594	697	177
GGCTCAATCTCTAGCC	13736	3668	1049	0.267036	0.714013	0.0199354	877	156
GGGTGAAGTTAGCCAA	13735	3986	1098	0.290207	0.724536	0.0190567	779	147
TCGTTACGTGAGGTGA	13755	3533	1066	0.256852	0.698273	0.0311897	743	163
AACCTTGCATACCCGG	13727	3529	1047	0.257085	0.703315	0.0305926	744	165
ATTACGTCAGCTAACC	13711	4003	1062	0.291955	0.734699	0.0137384	797	133
CATCAATCACCATATG	13694	3515	1033	0.256682	0.706117	0.0170026	779	171
TTTAGCAAGCTTTGTT	13721	4108	1066	0.299395	0.740506	0.0178424	679	122
TGGTGCATCACGCCAA	13685	3496	973	0.255462	0.721682	0.0387433	866	150
TAGCATATCTAACCAA	13677	3689	1018	0.269723	0.724044	0.0138544	668	149
ATTTGCGCATGGAGGC	13687	3762	1098	0.274859	0.708134	0.019969	887	153
AGCATCCCATTAAAGG	13680	3719	1047	0.271857	0.718473	0.0267338	911	145
GATCAGTTCCCTCTAA	13675	3752	1056	0.274369	0.71855	0.0164314	700	158
TCACCTGGTGATCATG	13674	3622	1016	0.264882	0.719492	0.0263622	820	151
ATTTAGCCACTAAATC	13663	2602	791	0.190441	0.696003	0.0144333	630	88
ATTGCGCCAACCCTAA	13652	3458	1003	0.253296	0.709948	0.0182119	822	147
GAACTTATCGTTTCTG	13633	3707	1067	0.271914	0.712166	0.0265396	874	173
TTTGGCTGTTCGCGCT	13615	3621	1068	0.265957	0.705054	0.0272172	872	164
TTTAGGATCGCAAACT	13609	3670	1035	0.269674	0.717984	0.0185657	724	157
AGACCCGGTGGTTCCC	13655	3640	1002	0.266569	0.724725	0.026163	619	133
CCAGCTGCACCCTCAC	13600	3785	1009	0.278309	0.733421	0.0156951	846	138
CGTGTGTCAAATATCC	13595	3620	1454	0.266274	0.598343	0.0382471	1188	260
TGATTCAAGCGAGTAA	13590	3613	1026	0.265857	0.716025	0.0295728	913	164
ACGGGAAGTTCTTTAG	13587	3696	983	0.272025	0.734037	0.021637	699	148
TAAGCTATCCTTGCGT	13590	3943	1068	0.29014	0.72914	0.0183401	728	140
CCACACAAGCTCAATA	13582	3913	1055	0.288102	0.730386	0.0156385	758	123
GAGAAACGTTCCTGTG	13575	3689	1067	0.27175	0.710762	0.072566	919	193
CTAGCTGAGGTGTCCA	13572	3604	1071	0.265547	0.70283	0.0304184	1048	148
TCAAGCTAGCGAGGTG	13557	4151	1092	0.306189	0.736931	0.0329248	677	142
TCAGGTCCAGCGCTTG	13575	3812	1041	0.28081	0.726915	0.0142256	697	125
CATCATAAGAAAGCAT	13541	3811	1065	0.281442	0.720546	0.0202054	764	143
TCTAAGGGTACGGTAC	13527	3636	1016	0.268796	0.720572	0.0356581	750	146
TGTAACTCAGCTAACC	13556	4009	1023	0.295736	0.744824	0.0214333	663	126
ACATTGCAGACCATAC	13502	3666	1065	0.271515	0.709493	0.0300369	865	164
GTTTCAGCACACTAAT	13500	3708	1081	0.274667	0.708468	0.0329623	937	159
TTGGCTTGTTCCTCCT	13498	3506	1050	0.259742	0.700513	0.0253213	754	161
TCAGTAGGTTAATGAC	13498	3450	965	0.255593	0.72029	0.0125707	586	139
GGTGATTTCTTGACCC	13499	3614	1047	0.267724	0.710293	0.040833	777	184
CAGATTCAGTAAGGGC	13464	3628	1041	0.269459	0.713065	0.0616319	889	175
GTGGCTTCAACCGCCA	13457	3488	974	0.259196	0.720757	0.0217973	798	148
CGGGTATGTTGGTGAC	13452	3668	1063	0.272673	0.710196	0.0452887	903	166
GGACGAAGTCAAGTGC	13440	3529	967	0.262574	0.725985	0.0385443	896	132
GAGTGTTTCCGCAAGC	13439	3607	1001	0.268398	0.722484	0.0139229	836	139
TTTACGAAGAGCCGGA	13397	3626	1058	0.270658	0.708218	0.0550865	915	160
TTTCAGTTCAATGAGG	13407	3814	1028	0.284478	0.730467	0.0174688	745	125
CCCATAACACAACAGG	13394	3869	1041	0.288861	0.730938	0.0171213	691	125
CCTGTAACAACTAGGG	13391	3487	1048	0.260399	0.699455	0.0188759	669	149
ATTACTGAGGCTAGAA	13390	3480	1021	0.259895	0.706609	0.0289547	653	147
AAGGCCCTCCTTAAGA	13354	3581	1029	0.268159	0.71265	0.0190133	820	168
TAGCTTGCATTATGGT	13366	3634	1072	0.271884	0.705008	0.0236657	839	143
TTCCTCAAGCATGAAG	13348	3531	1021	0.264534	0.710847	0.0584364	672	167
GGCCTTCAAAGTTCTC	13319	1749	7	0.131316	0.995998	0.4375	4	2
TGCAAGCGTTTGGGCG	13323	3658	963	0.274563	0.736741	0.052362	920	128
GCTAAGCGTCCTAACT	13317	3609	1079	0.271007	0.701025	0.0291535	949	160
ACTTACAAGGCTACTG	13315	3577	971	0.268644	0.728543	0.0304599	693	146
GCGCCTTGTCATCCTG	13288	3430	995	0.258128	0.709913	0.0212131	795	138
CGCTAACCATGTGGGA	13288	3810	1081	0.286725	0.716273	0.0262876	709	126
CCGATGCAGGAAACTG	13281	3402	931	0.256155	0.726337	0.0240177	657	157
TGATGAACACAGAACG	13251	3856	990	0.290997	0.743257	0.0208454	669	142
GGCGGTAAGCATGCAT	13245	3992	1046	0.301397	0.737976	0.0206764	657	134
TTGCAATCACATAACT	13250	3901	1023	0.294415	0.73776	0.0164974	646	115
ATCAATCCATTAAGTC	13236	3927	1028	0.296691	0.738223	0.0172299	702	123
AACAGCAAGCAGGTGG	13211	3895	1024	0.29483	0.737099	0.0188158	689	114
AACTCACAGTCATTGA	13202	3865	1034	0.292759	0.732471	0.0160685	692	131
GGGTTATTCGGCTAGC	13133	3502	988	0.266657	0.717875	0.0267577	724	128
ACAACATGTGACCTGG	13133	3927	1014	0.299018	0.741788	0.0203	653	126
GTTGTTGCATCACTTC	13187	3809	1068	0.288845	0.719611	0.0126597	767	118
TCGGTTACAAACGGGC	13132	3928	1019	0.299117	0.74058	0.0163582	735	129
TTCAGTTTCTGTAATG	13131	3710	1016	0.282538	0.726146	0.00860168	711	109
TACCAAATCCTAATAG	13121	3619	1003	0.275817	0.722852	0.0423922	845	174
CTTTAGTTCCAGGGAG	13107	3751	1037	0.286183	0.72354	0.0258196	913	159
GTTGTGAGTCATTAGG	13104	3615	1033	0.27587	0.714246	0.0218902	726	151
TAGTCAATCAAACTCA	13053	3501	1028	0.268214	0.70637	0.0196463	844	154
CGGACAACAACCCTAA	13048	3460	938	0.265175	0.728902	0.0417087	703	142
AGAGAAGCAGGCCTTG	13015	3481	992	0.267461	0.715024	0.0171547	751	148
TGTGCGGGTTGCAATG	12999	3299	965	0.253789	0.707487	0.0427748	705	136
CCGTTTGGTAATCGTG	13010	3497	1008	0.268793	0.711753	0.0238847	898	128
GCAATCTAGGCGAATA	12992	3511	986	0.270243	0.719168	0.0292921	821	154
TACCTGGTTGATCCTG	12975	4170	8	0.321387	0.998082	0.333333	12	5
GGGTATTTCAGTTCCC	12969	3517	1009	0.271185	0.713108	0.0219117	808	142
CGCCTCATCGAGCAAA	12966	3393	960	0.261684	0.717065	0.027088	844	141
CGTCATTGTAACGTGC	12968	3700	1017	0.285318	0.725135	0.0158416	783	111
TCAGCGATCTTTGTAC	12958	3316	974	0.255904	0.706273	0.0317543	829	153
CCTTCAGGTTGTGACA	12951	3473	1004	0.268165	0.710913	0.0330481	868	162
ACGCCTTTCGCTAGTG	12938	3314	961	0.256145	0.710018	0.0341457	828	141
TTTAAAAAGAGATTAA	12934	4186	8	0.323643	0.998089	0.444444	6	1
GGTATTGGTTGCACAA	12945	3421	1000	0.264272	0.707688	0.0298686	837	172
GGCAGGATCACCTGTC	12912	3510	1055	0.27184	0.69943	0.0179446	840	118
AGGACTAAGTTTGGGT	12909	3744	999	0.29003	0.733173	0.0261359	763	125
GCCAACATCAATGTCA	12908	3720	988	0.288193	0.734409	0.016779	583	97
ACCGGCTAGCTCCCTG	12899	3493	955	0.270796	0.726596	0.0507709	855	131
ATATGTCCAGCTAACC	12903	3621	1023	0.280632	0.717481	0.0257887	763	151
ACAAAGGTCATTGCAA	12899	3249	882	0.25188	0.728532	0.0190521	586	140
ACGGTACGTAAGTCGC	12893	3382	904	0.262313	0.732703	0.0468491	804	129
TTGGCGGGTTAAGCGC	12891	3583	975	0.277946	0.727882	0.0387914	867	140
GGCTCAATCAGGAAGC	12890	3387	963	0.262762	0.715678	0.0118611	706	128
AGACCCGGTGTTGCAA	12866	3844	1035	0.298772	0.730749	0.0129553	733	117
GTCGAAGCATCGTTCT	12870	3436	1056	0.266977	0.692666	0.0368383	925	162
GTAGTTATCCCGCATT	12863	3390	912	0.263547	0.730973	0.0148777	613	133
TGAGTGAAGCAAGGAC	12838	3815	999	0.297165	0.738139	0.024966	755	129
CATCAATCATTGCAGC	12809	3403	988	0.265673	0.709668	0.0185477	772	139
AAGTTTGTCAGCAAAG	12804	3634	997	0.283818	0.725647	0.0264681	876	146
TGGCCTGCACAACAGG	12860	3772	978	0.293313	0.740721	0.0178267	638	110
CGTAACCCAATAGCAA	12801	3530	958	0.27576	0.728612	0.0230556	784	142
GCAATATGTTAATGAC	12810	3761	987	0.293599	0.73757	0.0223887	639	112
CGTAACTAGTTAGCCG	12788	3317	992	0.259384	0.700935	0.0365162	799	153
TGTTAGCAGGTTAGAG	12798	3845	1076	0.300438	0.720156	0.0209162	686	128
GTCAGGCTCCTAGTAA	12757	3369	1044	0.26409	0.690116	0.0188091	653	155
CGGTTCCGTTATCGAG	12776	3864	983	0.302442	0.7456	0.0167773	706	116
ACCAGGGAGGCACAGG	12746	3362	923	0.263769	0.725461	0.0642539	845	137
GATCACTAGCTGCACA	12716	3348	965	0.26329	0.711768	0.0297243	738	165
ATGCAAACATAAAGCA	12716	3442	930	0.270683	0.729808	0.0293283	755	149
CCTTAACGTTGTGATG	12710	3379	983	0.265854	0.709086	0.0225069	624	150
CATTGCGAGGAACGCG	12703	3284	954	0.258522	0.709501	0.0214575	741	144
ACCAATATCTCCTCTT	12690	3485	1021	0.274626	0.70703	0.0470467	835	180
CGAGTCGGTCCGTAGG	12689	3400	1006	0.267949	0.704118	0.0274642	814	166
CGGAGTCTCTCTAGCC	12670	3624	957	0.28603	0.735927	0.0167132	631	98
CACATACAGGAGGTTA	12668	3359	920	0.265156	0.726109	0.0437075	679	154
GTCATGAGTATTGAGT	12655	3395	1035	0.268273	0.69514	0.0208813	751	173
GCGAGTGAGCATTTCT	12642	3378	910	0.267205	0.73061	0.0164152	853	103
TTCCACGGTTACGCGG	12636	3715	1024	0.294001	0.724361	0.0436935	651	113
GCGATTAGTGACCTGG	12635	3441	985	0.272339	0.713746	0.0365248	843	156
TTCGTGCTCGGCCATA	12618	3825	1120	0.303138	0.70719	0.0103527	736	119
ACTAACTCATAATGTC	12603	3323	956	0.263667	0.712308	0.0652412	733	154
TTCCTCAAGGCTGTCA	12596	3450	952	0.273896	0.724058	0.04353	810	159
ACTGAATGTGGGAACA	12584	3703	976	0.294263	0.73643	0.0187844	643	116
ACTTACAAGTTCCTGC	12581	3416	972	0.271521	0.715457	0.0113501	571	112
CATCCTCAGCAGCTCA	12621	3567	974	0.282624	0.726941	0.0152203	640	90
ATGTCCACAGTTTGTG	12567	3460	984	0.275324	0.715607	0.0242738	795	151
GAGCGGTCATTTAAGC	12565	3341	984	0.265897	0.705477	0.043241	813	147
ACTCAGTAGCACGTTG	12549	3351	958	0.267033	0.714115	0.0246781	647	121
TTAGCAGGTTAAGGCC	12504	3595	980	0.287508	0.727399	0.0173972	633	122
AAGTCTATCGGTTTGG	12566	3616	1011	0.287761	0.720409	0.0242737	850	131
GCGCCTTGTCATTAGG	12502	3810	1390	0.304751	0.635171	0.0204154	1064	197
GATGCAGCACCTGCCT	12495	3325	906	0.266106	0.727519	0.0373563	758	152
GCCATGATCAGGTTTA	12494	3338	957	0.267168	0.713301	0.0250852	763	139
GATCGAGCAAGACTCC	12493	3127	901	0.2503	0.711864	0.045757	679	159
TGCAGGCTCAGTATTG	12439	3538	999	0.284428	0.717637	0.0204295	627	107
CTATGAGGTTTGGCTT	12414	3506	974	0.282423	0.722191	0.0168266	681	150
TAACCTAAGTTGGGCC	12439	3668	962	0.294879	0.737732	0.0162508	722	112
TTAGGAACAGGCTACT	12407	3718	978	0.29967	0.736955	0.0215255	710	130
GTGCGGTTCTCCATGC	12391	3494	949	0.281979	0.728392	0.0217079	825	124
GATCAAGAGCTATTGA	12390	3706	1013	0.299112	0.726659	0.0474606	667	127
CGAGGCAAGGTTAGCT	12384	3529	971	0.284964	0.724851	0.0347901	846	141
CTACTAAAGTCGCAAT	12365	3640	939	0.294379	0.742033	0.0316332	724	120
CAGCCAATCAGCAAGA	12360	3620	918	0.29288	0.746409	0.0170801	611	97
AAGCTATGTAAAGCGG	12364	3392	986	0.274345	0.709316	0.0394109	863	157
CTAGATTCAGGCAAGC	12358	3161	910	0.255786	0.712116	0.0499725	607	165
GTGCGGTTCGTGCTTC	12329	3434	963	0.27853	0.719569	0.0516643	932	133
ATGTCATCACAAAGCG	12351	3294	924	0.266699	0.71949	0.0121164	620	110
GACTTAGGTCTTTATG	12321	3303	970	0.268079	0.706328	0.0386255	761	173
GGAGTGAGTTGAAGCC	12291	3187	914	0.259295	0.71321	0.0649332	828	130
CTAGTGAGTAGGTTAT	12306	3363	989	0.273281	0.705917	0.0403725	845	160
TGTGCGCAGCTTAACA	12267	3567	933	0.29078	0.738436	0.0140022	687	103
CGGTTTGAGGGCCACT	12246	3183	894	0.259922	0.719133	0.025586	613	117
CGAGCGAAGTTTGCGG	12209	3507	1012	0.287247	0.711434	0.0241204	807	121
CTAATCTTCCTGAGTG	12188	3602	971	0.295537	0.730428	0.0257686	673	120
CCGCTAGCAAAGCTCC	12184	3200	888	0.26264	0.7225	0.0155258	615	124
AAGGATCCATTTAAGC	12177	3572	972	0.29334	0.727884	0.0170607	740	116
TTGCAGCCACTGACTA	12262	3488	966	0.284456	0.72305	0.0129685	768	109
AGAGAAGCATAGACCC	12143	3560	922	0.293173	0.741011	0.0230385	667	113
TGTAATGTCCGGCTAA	12172	3206	882	0.263391	0.724891	0.019357	701	139
AGGCAATCATGTTTGG	12126	3503	948	0.288883	0.729375	0.0229022	690	113
GAGGTTAAGGCGGGTA	12072	3217	889	0.266484	0.723656	0.0462393	601	139
GGTGTGACACCACAAC	12053	3300	859	0.273791	0.739697	0.0514527	795	134
AGCTAACTCGGTTTGG	12048	3270	913	0.271414	0.720795	0.0270999	648	121
GAACTTATCTGTAATG	12133	3626	966	0.298854	0.733591	0.0251767	738	128
TATGTGATCTGCAAGT	12006	3272	954	0.27253	0.708435	0.0210715	686	171
AGTCCTTGTGCGCGTA	11998	3257	909	0.271462	0.720909	0.0392793	798	129
GCCTAATAGTGTGATC	11988	3270	960	0.272773	0.706422	0.123077	780	158
GGTCAGGAGGCATTAC	11988	3120	913	0.26026	0.707372	0.0413272	789	146
TTAGTCAAGTAACGGA	11964	3501	913	0.292628	0.739217	0.0177268	606	93
CGTCATTGTCAATGTG	11951	3360	944	0.281148	0.719048	0.0258527	716	140
CCTTGCGTCACAGGAA	11952	3503	962	0.293089	0.725378	0.0209381	718	135
GAGTCATTCATCACTT	11934	3301	926	0.276605	0.719479	0.0363922	727	154
TGTTGTAAGCGATAGA	11932	3355	900	0.281177	0.731744	0.0538655	796	135
CGTGTGTCACTGACCG	11930	3188	1232	0.267225	0.613551	0.0219918	1057	191
GCATCCTTCGCTTCTA	11920	3076	921	0.258054	0.700585	0.0178547	737	135
TCTTGTCCAGGATTAA	11919	3433	992	0.288028	0.71104	0.0212944	728	124
GTAAGGTCAAACCTTG	11908	3337	902	0.280232	0.729697	0.0312164	688	151
GAGCTTGTCATAGACC	11908	3188	911	0.267719	0.714241	0.0161766	741	122
CATCCCAGTTTGCGCC	11918	3240	902	0.271858	0.721605	0.0219323	762	120
AGGGCCTTCAAAGTTC	11908	1713	4	0.143853	0.997665	0.666667	2	1
ACGGTTTAGTGCACGC	11908	3483	931	0.292492	0.732702	0.0241288	653	115
CAAAGCGCATGCAACC	11871	3160	805	0.266195	0.745253	0.0455446	707	112
CGAAGTAAGCTCGCTT	11879	3254	932	0.273929	0.713583	0.021606	583	110
AACATAGCATGTTGGC	11874	3404	893	0.286677	0.737662	0.0316193	689	139
TACCTCATCGTGCTAG	11870	3435	1003	0.289385	0.708006	0.0165123	750	109
TTGCTTTAGGCCGGAA	11857	3432	922	0.289449	0.731352	0.0453629	813	110
AAACGCGCACTGGCTG	11852	2797	777	0.235994	0.722202	0.0276463	624	109
ACTTACAAGCTTTGTT	11841	3423	945	0.28908	0.723926	0.0195965	742	124
CACAGGCTCTCCATAT	11833	3180	936	0.26874	0.70566	0.0319493	792	152
TCAGGTCCAATAAGCA	11855	3054	891	0.257613	0.708251	0.0326613	620	141
ACATTGCAGCTATATG	11819	3431	953	0.290295	0.722238	0.0184198	672	108
CCTTCAATCAATTACG	11813	3381	957	0.28621	0.716948	0.0220989	802	143
CGACCTGCAATACTGT	11781	3380	938	0.286903	0.722485	0.0225346	669	129
TCGTTAGCAGGAATCG	11777	3235	1010	0.274688	0.68779	0.05993	887	147
GGCGCTAGTTAGTGAT	11777	3156	925	0.26798	0.706907	0.0319951	761	134
GCTGAGGAGCCGCAGT	11773	3543	968	0.300943	0.726785	0.0349736	659	120
AAGACCAAGCCGCTAA	11735	3016	842	0.257009	0.720822	0.0289646	646	139
TGTTGTGCATGAATCT	11751	3557	946	0.302698	0.734046	0.0247437	648	116
AAGCTCCCATAGCTGC	11711	3202	852	0.273418	0.733916	0.0183498	693	117
GGCTGTCAGCCGGTAC	11710	3023	854	0.258155	0.717499	0.0182479	600	118
CGTAGTTAGATGCCTG	11771	3322	955	0.282219	0.712523	0.0163368	696	94
TCGATTAAGTTAGAGG	11686	3344	934	0.286154	0.720694	0.0486047	801	146
GGCATTAGTAGGTGTC	11678	3241	925	0.27753	0.714594	0.0689578	706	162
CCGACAGGTCATGAGC	11678	3028	846	0.259291	0.720608	0.0220642	767	101
TGAAACTGTCAAGTGC	11682	3206	898	0.274439	0.7199	0.0532884	733	142
TAACAAGCAGGATAAC	11673	3109	837	0.266341	0.730782	0.03285	728	126
CATTATCTCCCAGTAG	11672	3490	1126	0.299006	0.677364	0.0160424	763	140
TGCATGAGTGGATTGC	11668	3247	895	0.278282	0.724361	0.0680582	797	119
AGCTACTAGTTTGCGG	11648	3119	895	0.267771	0.713049	0.0683937	727	146
GCGCAATGTCGACTCC	11606	3079	860	0.265294	0.720689	0.0107726	587	106
CCGCTAAAGGAAGCTA	11606	3058	881	0.263484	0.711903	0.0226596	720	131
TGTATCGCAATGCCTA	11553	3035	847	0.262702	0.720923	0.0281658	716	112
ATCGGCCAGACTAAGG	11526	2905	837	0.252039	0.711876	0.159641	749	127
CAACTAGGTACTGAAT	11497	3353	891	0.291641	0.734268	0.0200477	635	102
GATTAAGCATTGACAT	11486	3148	907	0.274073	0.711881	0.0489609	741	161
AGTGATGAGGTGAAAT	11472	3097	870	0.269962	0.719083	0.0278235	695	132
TAGGTTATCTGTGAGT	11475	3459	919	0.301438	0.734316	0.0169916	741	114
CGGCCATAGCCAAATC	11469	2628	784	0.229139	0.701674	0.0321465	697	115
GCTCACAAGTCACGAT	11451	3022	836	0.263907	0.723362	0.0515329	584	124
CCTCCTGAGCAATAGG	11481	3314	912	0.288651	0.724804	0.0205761	682	121
CCTTCAATCTACCTAT	11449	3074	963	0.268495	0.686727	0.0313354	788	171
TCGTTTCCAAATATCC	11439	3038	950	0.265583	0.687294	0.0672186	673	158
GAAAGCCAGCGATAGA	11425	3092	788	0.270635	0.745149	0.0189715	649	115
TAGCGGCTCGCTAGAT	11428	2942	777	0.257438	0.735894	0.0319044	594	108
ATTAGCGGTAGTTAAC	11422	3006	890	0.263176	0.703925	0.100349	807	151
AGTAGCTTCAATGACC	11417	3112	874	0.272576	0.719152	0.0375413	751	129
CGTTTGGAGCCTGTTC	11381	3062	861	0.269045	0.718811	0.0220781	629	141
CCTTCAGGTTAATGAC	11447	3309	900	0.289071	0.728015	0.0180891	622	108
CCTGCTCCAGTCTAAT	11374	3328	911	0.292597	0.726262	0.0141739	665	96
ATGTCAATCAGCACCA	11374	3059	878	0.268947	0.712978	0.0476129	683	150
ACCACATAGTATTGGC	11368	2963	849	0.260644	0.713466	0.0451789	522	147
CCTAATCGTGCTCCAC	11337	3056	876	0.26956	0.713351	0.0274627	778	117
TGTGATCAGTCTTGAA	11327	3370	895	0.297519	0.734421	0.0268318	538	100
CTAACCTGTCGTTATC	11326	3223	1088	0.284566	0.662426	0.0426602	797	205
CAAGTGAAGGTAGCTT	11318	3010	857	0.265948	0.715282	0.0533862	730	167
TTGCAAGGTAGGTTTG	11300	3271	874	0.289469	0.732803	0.0186844	731	95
GGATTCAGTCCCGAAG	11296	3341	870	0.295768	0.739599	0.0239406	616	101
TGTGAAACATTAGGTT	11302	3040	832	0.268979	0.726316	0.0254248	606	142
TTGTAAGTCGTTATAG	11289	3144	896	0.278501	0.715013	0.0156261	610	131
AGCCGGTTCCGCTAGA	11286	3042	858	0.269537	0.717949	0.0307197	735	133
GGATTATGTTAAGCGC	11278	2951	862	0.26166	0.707896	0.045976	750	139
AGCTAAACACCGGCTA	11280	3056	864	0.270922	0.717277	0.0366692	714	139
TTATCCGTCGTGCCTT	11274	3002	941	0.266276	0.686542	0.0905504	866	133
CCTGGTAAGCACAGCC	11276	3252	908	0.2884	0.720787	0.0183921	625	127
GGCCTAATCACAAGCT	11243	2885	831	0.256604	0.711958	0.0632132	626	133
ATCCAACAGTGTTGCG	11268	3154	873	0.279908	0.723209	0.0294609	780	119
TTGACGTAGCCTGGTA	11252	3090	882	0.274618	0.714563	0.0372403	764	134
GAGGGAGCATTAAACC	11240	2878	803	0.25605	0.720987	0.0475148	650	120
AGTTGCGTCCTAATGA	11232	3054	882	0.271902	0.711198	0.0366523	752	132
TGTCCTGGTTTGACCT	11230	3122	877	0.278005	0.71909	0.0274091	800	137
TATAGCCAGAACAAGT	11217	3174	797	0.282963	0.748897	0.0230758	541	86
AATAGAGGTCATCCTG	11213	3109	843	0.277267	0.728852	0.0235804	550	110
TTTGAGTCAAATACCT	11208	3208	886	0.286224	0.723815	0.0104181	630	95
TTAATCGAGTAACGGA	11195	2986	877	0.266726	0.706296	0.0331119	697	144
GTTAGGCGTGCTTTAC	11188	3103	831	0.277351	0.732195	0.0401686	627	133
AATTGACGTGATGAAA	11194	3319	875	0.296498	0.736366	0.0200744	614	124
GCTCATTGTATTTGCC	11167	3193	861	0.285932	0.730348	0.0256181	659	144
TTTGAGTCATAGACCC	11152	2887	847	0.258877	0.706616	0.0459826	614	145
CTGTTCATCTCCTCAA	11149	3282	944	0.294376	0.712371	0.015831	656	104
GCCAATAGTAATAGCT	11099	3134	870	0.282368	0.722399	0.0220538	607	100
TTTGGCTGTAACGGGA	11089	2984	818	0.269096	0.725871	0.0260029	642	117
TACCAAATCATGCTTT	11120	3255	866	0.292716	0.733948	0.0193574	658	99
TGAAGGATCAAACCGT	11090	3214	848	0.289811	0.736154	0.020375	555	101
TGTTTGTTCGCTCCAT	11114	2987	891	0.26876	0.701707	0.0280116	776	117
AGAAAGGCATCCCTCA	11089	2820	859	0.254306	0.69539	0.0694961	773	135
AACCTTAAGGCGAAAC	11089	2944	798	0.265488	0.72894	0.023492	507	107
CTCGCTAGTGCTAGCG	11077	2866	861	0.258734	0.699581	0.06924	829	111
TTTAACCTCCCTGGAA	11049	3212	879	0.290705	0.726339	0.0176722	626	104
CTTTGGTGTGCATCGG	11042	2812	825	0.254664	0.706615	0.0201618	493	109
AGATGCTTCCTTAATC	11033	2835	853	0.256956	0.699118	0.0755733	629	146
AACAGCAAGGAAACTG	11025	2926	747	0.265397	0.744703	0.0122059	510	91
TGGTCAGTCAAACCGT	11027	3272	855	0.296726	0.738692	0.0221215	604	96
AAGTTAGCACTTCATC	10998	3102	865	0.282051	0.721148	0.0617256	701	153
AATTTGGTCCTAGTTT	10999	3085	878	0.28048	0.715397	0.0193747	527	89
TTGTTGCGTGGGTACT	10990	2997	859	0.272702	0.71338	0.031479	758	117
TGAGCAAAGTTATCTC	10990	3027	846	0.275432	0.720515	0.0340457	753	128
AGTCTTGCAGAGGCTA	10950	2873	822	0.262374	0.713888	0.0667619	770	130
AGCGATTTCAATCATG	10950	3148	860	0.287489	0.726811	0.0112353	594	108
GAACCTTAGATTGAGG	10945	2976	831	0.271905	0.720766	0.0156203	665	120
AACATAGCAATATACC	10945	2742	778	0.250525	0.716265	0.0278135	518	112
CGAGCGAAGTCATCCC	10936	2845	845	0.26015	0.702988	0.0491287	688	143
TTTCTTGCAACCCTAA	10930	3239	858	0.29634	0.735103	0.0169455	641	93
CGATTCCTCACGCATG	10925	3060	836	0.280092	0.726797	0.0458711	675	129
TAGTACGGTGCAATAT	10939	3108	842	0.284121	0.729086	0.0142509	622	81
GGATACTTCAATACGC	10916	2936	806	0.268963	0.725477	0.0326646	525	129
GCTCCTTAGTAGCTTA	10902	2954	854	0.270959	0.7109	0.0272278	713	125
CCTTCGTAGCACCACA	10896	3222	827	0.295705	0.743327	0.0167392	549	100
ACTAATCCACATAGCC	10887	2765	815	0.253973	0.705244	0.0284904	622	96
AGTTACTCAGGACCTT	10886	3061	849	0.281187	0.72264	0.0282184	734	134
CAGGGCTTCTCACAAA	10865	2859	799	0.263139	0.720532	0.0639609	694	125
TGAAGTGAGCACAGCC	10866	3149	792	0.289803	0.748492	0.0288483	518	93
GTTGCTGAGGCCAATT	10860	2875	815	0.264733	0.716522	0.0868193	671	129
GTCCTCAGTGCTCCAC	10831	3180	870	0.293602	0.726415	0.0149398	640	104
GATTGCAGTTCAAGCA	10815	3141	835	0.29043	0.734161	0.0267628	624	94
CTAATGTCATAATGTC	10770	3138	877	0.291365	0.720523	0.0129785	657	101
CTAATTGAGTAGGATG	10759	3169	876	0.294544	0.723572	0.0287233	663	117
TCTAGCGAGTTTGTCT	10753	2672	758	0.248489	0.716317	0.0522767	580	125
TACGTTAAGCTCATAA	10796	2814	810	0.260652	0.712154	0.0363984	636	108
CTAATGTCACGAACAG	10740	2984	846	0.27784	0.716488	0.0149066	660	103
GGTAATTGTAACGGGA	10717	2843	832	0.265279	0.707351	0.0343611	692	136
TTTAAGCCACAGACTC	10715	3103	825	0.289594	0.734128	0.0165548	560	92
ATGTTTGAGCTATTAG	10697	3082	882	0.288118	0.713822	0.0237787	562	97
GTACTAGGTTAAGGTT	10700	3061	872	0.286075	0.715126	0.0213304	649	107
CTCCAAACATTAGGCC	10678	3160	865	0.295936	0.726266	0.0158113	545	89
GCATGGCCGTTCTTAG	10677	1016	9	0.0951578	0.991142	1	2	0
CGCCTGTGTGCTTTAC	10690	3152	872	0.294855	0.72335	0.0194454	650	110
CTTGAATCACATTAAC	10686	3178	812	0.297398	0.744493	0.0171518	623	90
GTTAACCAGTCGCTAG	10676	2869	908	0.268734	0.683513	0.0595568	726	153
CTCCTAATCGTGCCTT	10668	2802	837	0.262655	0.701285	0.0293804	770	114
TGAGGGCCATATTGAC	10649	3119	816	0.292891	0.738378	0.0346217	637	105
CTAGTCGAGCAAGGTA	10647	2914	814	0.273692	0.720659	0.0198633	683	107
TGTTTGTTCCCTCAGT	10623	2952	794	0.277888	0.73103	0.0496868	761	118
CCGCAAATCATTTGCT	10670	3129	986	0.293252	0.684883	0.0160094	635	107
GCCTATTGTGAAGCCT	10616	2970	804	0.279766	0.729293	0.0100758	525	78
GGTAGGAGTTCGGTAA	10613	3106	858	0.29266	0.72376	0.0298917	728	103
TATCGAGGTAAGCACC	10601	2828	749	0.266767	0.735149	0.0488968	666	103
CCTAAGCCATTGGGAG	10599	3155	849	0.29767	0.730903	0.0220119	665	101
TGTGCAAGTGATGATT	10604	3027	837	0.285458	0.723489	0.052437	694	120
AGAGATTAGCAAACCT	10588	2823	830	0.266623	0.705987	0.0426528	695	125
ACTTATCTCTTTAAGG	10593	3125	882	0.295006	0.71776	0.016299	615	99
AAGGATGTCATTAGTG	10589	3052	817	0.288224	0.732307	0.0221503	595	115
CAAACCGTCACGCCAA	10587	2736	753	0.25843	0.724781	0.0396472	760	458
TATGAAGCATTAAGTC	10594	3163	836	0.298565	0.735694	0.026622	641	110
TGAGCTTAGAGGGACT	10580	2807	793	0.265312	0.717492	0.021853	648	108
ACGCCTTTCGCAATCG	10558	2999	853	0.28405	0.715572	0.0151849	600	101
ATCCTCATCGTTTCCA	10561	3079	841	0.291544	0.726859	0.0186939	592	90
AGGTTACTCGAAGCGG	10543	2936	788	0.278479	0.731608	0.0228055	720	81
TTTGTGAAGTCAATTG	10557	3137	839	0.297149	0.732547	0.0198935	555	82
TTTCATCAGGGATGAC	10541	3180	796	0.301679	0.749686	0.0249971	650	98
TGACTCCTCATTGTTC	10531	2835	824	0.269205	0.709347	0.0343342	706	117
CCGCCAACACCTGTAA	10532	2832	769	0.268895	0.72846	0.0152866	662	77
GTTAACGGTTGTAAAC	10529	2814	779	0.267262	0.72317	0.0726045	671	122
CAACCCTTCTCAATGA	10507	2975	806	0.283145	0.729076	0.0240957	669	115
AAACGTACATAGACCC	10504	3075	810	0.292746	0.736585	0.0270976	564	105
AGTCCTGAGTCATGCG	10495	2778	815	0.264697	0.706623	0.0665138	721	120
TGTCATAAGGCCATCA	10489	3114	833	0.296882	0.732498	0.0199892	622	107
GCTGCATCAATAGCCC	10481	2745	794	0.261902	0.710747	0.0636232	624	128
AATCATCCACTTCATC	10474	2895	805	0.276399	0.721934	0.0474926	678	120
AGCACTTAGCAACATC	10470	2775	784	0.265043	0.717477	0.0204924	517	122
CCTATTGTCGCTAAGT	10473	2947	878	0.28139	0.70207	0.0411182	712	133
AGCCTAAGTAACGGGA	10467	2840	806	0.271329	0.716197	0.0254359	689	124
AGACCCGGTCTCAGCC	10464	2804	794	0.267966	0.716833	0.0463406	659	123
CGAGCTGGTCCCGAAG	10462	2874	802	0.274708	0.720946	0.0429874	691	123
TTGAGCTAGCATGACT	10450	3081	839	0.294833	0.727686	0.0249709	611	118
CATAAGCTCCTTCAAT	10442	2974	836	0.284811	0.718897	0.0190962	695	98
CAACCCTTCAAAGGCA	10438	2799	797	0.268155	0.715255	0.0515858	618	129
TAGTGTGGTGTTGTAG	10434	2896	888	0.277554	0.69337	0.0473146	816	126
CACATACAGGTCGATT	10449	3037	855	0.29065	0.718472	0.0297776	718	126
TCAGGAGCAGTTTACG	10418	2913	792	0.279612	0.728115	0.0249346	706	104
GTGCAAGCATGCTTAG	10414	1456	499	0.139812	0.65728	0.0177631	439	50
GGATACTTCTGTGAGT	10407	2824	788	0.271356	0.720963	0.0949282	639	127
ATATGTCCATACCCGG	10391	2950	842	0.2839	0.714576	0.0252491	654	124
CCAGACTCAATGAAGC	10408	3061	768	0.294101	0.749102	0.0199236	488	86
GCAAGTCGTTGCGCGA	10366	2739	770	0.264229	0.718876	0.0551037	699	112
ATTGGTTCATTGCGGT	10360	3063	841	0.295656	0.725433	0.0186889	600	102
TTAGCCTGTTACCTGT	10358	2762	817	0.266654	0.7042	0.0658446	564	134
GCTCGATCAATCGCAC	10356	2766	820	0.267092	0.703543	0.0380693	743	128
GAGTGATCAGTAATAG	10388	3092	862	0.297651	0.721216	0.0176084	597	105
ATAGGTACATAGCGGA	10352	2959	794	0.285838	0.731666	0.0907954	795	525
AGGAGCTAGGTCCTGA	10337	2738	802	0.264874	0.707085	0.054661	699	113
CGTGTTACAAACCCTA	10302	2877	1046	0.279266	0.636427	0.0370795	910	163
AGTGCACGTGTGAGGA	10298	2701	754	0.262284	0.720844	0.141517	666	121
TATTGACCAAGCTTAT	10277	2956	794	0.287633	0.731394	0.0165162	601	91
CTTAGTTTCCCGTTTA	10295	2830	848	0.274891	0.700353	0.0289294	733	117
GATTACGGTTTGCGCC	10271	2935	765	0.285756	0.739353	0.0238033	574	99
TCTAACTTCATTACGA	10261	2773	783	0.270247	0.717634	0.0815285	686	130
ACATTAGTCCTAGTTT	10259	2712	826	0.264353	0.695428	0.0401829	571	128
TTTAACGAGTCGCTAG	10242	2849	952	0.278168	0.665848	0.0720726	777	172
AGTGCACGTGATCATG	10204	2840	801	0.278322	0.717958	0.018516	721	110
ACTATCCGTAATCACG	10233	2837	761	0.27724	0.731759	0.0198519	639	99
TACGGATTCTACCTGC	10198	2700	772	0.264758	0.714074	0.0399763	568	134
GATTGCAGTTGGCGTG	10186	2822	792	0.277047	0.719348	0.0444274	743	105
TTATCCTAGTTTCCTG	10179	2920	818	0.286865	0.719863	0.0149007	566	82
GGGTCACTCATCCACC	10167	2810	768	0.276384	0.72669	0.0135296	624	92
AAAGCCCGTTGTGACA	10139	2760	714	0.272216	0.741304	0.0532042	671	91
ACATTGCAGAATCTCA	10154	2914	807	0.286981	0.723061	0.0211199	562	105
CCCTCATAGAGGAGTC	10131	2722	758	0.26868	0.721528	0.025622	688	108
CGAGCGAAGTAAGAAC	10129	2604	749	0.257084	0.712366	0.0265095	554	130
AGCTAGTTCTCACTCA	10126	2717	798	0.268319	0.706294	0.0441617	695	134
GGCATGCTAACTAGTT	10121	179	6	0.017686	0.96648	0.6	5	2
AACCCGCAGCTGTCAG	10105	2930	773	0.289955	0.736177	0.0162518	506	79
GAGAACCAGGACAACA	10103	2645	776	0.261803	0.706616	0.0484515	572	132
GGCAAATCATTGCGGT	10083	2710	780	0.268769	0.712177	0.0602843	681	118
CCTTATGTCAGTGAAG	10100	2661	800	0.263465	0.699361	0.0425249	697	116
TTGATGTCAAGGTGGC	10091	2905	808	0.28788	0.721859	0.0268956	626	101
CCTAATAAGTTGGGCC	10066	2770	816	0.275184	0.705415	0.0238074	457	63
CAAGGTAAGGGATGCG	10049	2943	764	0.292865	0.740401	0.0229844	554	92
TTCAGCACACTCAACA	10048	2708	769	0.269506	0.716027	0.0319426	688	119
GACTAATGTGAATCGC	10060	2825	759	0.280815	0.731327	0.0213429	624	98
GAACTTATCCACCTTA	10044	2535	762	0.252389	0.699408	0.0549405	555	120
GGTCAAGCAATATACC	10064	1873	571	0.186109	0.695141	0.00895647	322	41
ATTGCACAGCATGTTA	10044	3019	788	0.300577	0.738986	0.0262684	566	100
ACCCGTAAGGCACAGG	10039	2939	760	0.292758	0.741409	0.0253787	576	101
CAGCCTTTCCTGCGAA	10018	2823	791	0.281793	0.719802	0.0138969	575	84
GAAGCTAAGCCATCAG	9994	2808	772	0.280969	0.725071	0.0508313	675	102
ATGACAACATGGAGGC	9989	2714	779	0.271699	0.71297	0.02675	662	123
TTGGCTGAGGATTTGC	9979	2898	804	0.29041	0.722567	0.0211057	635	92
ACTCACTGTGGTTAGC	9962	2778	775	0.27886	0.721022	0.0181047	556	98
GGATAACCAGAGAGCC	9947	2737	747	0.275158	0.727073	0.0714286	581	131
AGCAAGGGTTCCTGAT	9960	2942	768	0.295382	0.738953	0.0283745	564	87
CTTGTAAAGGCTTAAC	9947	2583	726	0.259676	0.718931	0.0123963	454	101
CAATGAACAAGACTCC	9946	2883	749	0.289865	0.740201	0.017209	551	98
GCTTTACGTTCCTGAT	9945	2858	762	0.287381	0.73338	0.0184817	517	94
TCAAGTATCGTGCTTC	9931	2736	714	0.275501	0.739035	0.0112392	499	72
GCTATTGCAAACCTAT	9931	2752	790	0.277112	0.712936	0.026427	650	89
TTGCCCGTCACTCAAA	9930	2933	741	0.295368	0.747358	0.0259996	479	81
TTTACGCGTGTAACCA	9928	2770	792	0.279009	0.714079	0.0421321	723	113
TGAGCACGTCAGGCAT	9928	2635	704	0.265411	0.732827	0.0228586	531	100
GCATATATCCTCCTAA	9921	2596	817	0.261667	0.685285	0.0248607	498	76
AAGGAAGCACCGGTAT	9919	2977	822	0.300131	0.723883	0.0582896	641	120
TCACCGGCATGTCAAT	9918	2581	701	0.260234	0.7284	0.0690913	534	96
CACTTTGTCATTACGA	9908	2857	808	0.288353	0.717186	0.0162135	702	97
GTCTAACAGTAGCGGG	9878	2572	771	0.260377	0.700233	0.0689254	658	121
GCTGATCCAAAGGCCA	9904	2702	717	0.272819	0.734641	0.0522845	686	91
TTGTAAGTCCGCTAGA	9875	2572	758	0.260456	0.705288	0.081516	620	128
CGTTATCGTTATCCTA	9869	2946	858	0.29851	0.708758	0.0214984	614	100
TATAACCCATGAATAG	9860	2825	749	0.286511	0.734867	0.0237862	543	101
CGTAGTTAGGCAAGTA	9843	2938	809	0.298486	0.724643	0.0461902	612	111
CTCCTCACACCTGTAA	9859	2801	798	0.284106	0.715102	0.0172136	552	90
CTCACTCAGAAGCTAG	9798	2588	725	0.264136	0.719861	0.0555939	567	125
TAGCTTGCAAGGTATA	9816	2870	780	0.29238	0.728223	0.0244979	579	105
GCTCTGGCAGCATGGA	9783	2700	760	0.275989	0.718519	0.0188492	630	106
GTTCCTTCATTAAGCT	9782	2721	805	0.278164	0.704153	0.037645	594	116
CGTGTTACATTGCGTA	9785	2897	1034	0.296065	0.643079	0.0252244	672	131
TTACCGTGTCAGGAAG	9767	2615	740	0.267738	0.717017	0.0305511	673	104
CTATTGAAGTCATCCC	9772	2699	795	0.276197	0.705446	0.0573467	603	134
CGTAGCGGTAGTTACG	9746	2590	740	0.26575	0.714286	0.0268084	493	92
CAATAGCTCCCTGATC	9719	2868	761	0.295092	0.734658	0.0208791	544	93
TGATTCAAGTCTTGAA	9728	2846	745	0.292558	0.738229	0.0255405	503	79
ATTGACTCAATACTGT	9733	2801	784	0.287784	0.7201	0.020274	586	94
AATGTCATCGTCCTTA	9716	2665	756	0.27429	0.716323	0.0690937	644	127
GCCACAATCAAGTGAG	9709	2782	737	0.286538	0.735083	0.0171828	543	94
GCTAGCTCATTGACAT	9705	2814	755	0.289954	0.731699	0.0202339	557	80
TGCTCCGTCTTTGAGA	9696	2725	755	0.281044	0.722936	0.0406579	688	109
ATGATGACAGCTACGT	9691	2715	766	0.280157	0.717864	0.0266797	586	99
AACTAGCTCTCCTCTT	9709	2745	775	0.282727	0.717668	0.0137457	466	79
GAAGGATGTTTAGTCC	9651	2693	712	0.279038	0.735611	0.0295405	574	97
TGCTAGCCAATTATGC	9649	2596	707	0.269043	0.727658	0.0377389	493	112
ATGCATTCACACCAAC	9630	2373	646	0.246417	0.727771	0.00914748	387	64
CCTGGATCACCAACCG	9616	2546	701	0.264767	0.724666	0.0589373	626	97
CAAGGTTTCTCACACC	9627	2575	699	0.267477	0.728544	0.0374839	518	89
CGAGCGAAGTTGGCCA	9601	2542	728	0.264764	0.713611	0.0698321	695	103
ATGTGAGAGTCAGTAC	9600	2549	759	0.265521	0.702236	0.0222164	657	106
CGTAACCCAGCCAGAA	9586	2522	717	0.263092	0.715702	0.0481855	620	110
CATAGGCGTTAAGGTT	9595	2750	746	0.286608	0.728727	0.0306314	609	90
CTTCAGGAGGAGCAAC	9562	2829	766	0.295859	0.729233	0.0367069	564	99
GAGCTTAGTCAAAGGG	9566	2763	780	0.288835	0.717698	0.037861	644	105
CTTACCGGTCCTAGTT	9552	2638	787	0.276173	0.701668	0.0258859	647	110
CCGGTAGGTGGATTGC	9539	2690	774	0.282	0.712268	0.0427719	696	96
CTTGGACCATAAGTCT	9532	2798	788	0.293538	0.71837	0.0212683	579	94
CTTTATGGTTCAAGCA	9526	2702	755	0.283645	0.720577	0.0154275	532	79
CTCCTGAGTGGTTCCC	9518	2692	766	0.282833	0.715453	0.0192073	539	81
GCCAGGAAGGATTGCT	9515	2568	680	0.26989	0.735202	0.0354311	521	96
TTAGCAATCATGCTAA	9497	2869	760	0.302095	0.735099	0.0382606	568	91
GCTCATTGTGTCCTGC	9496	2689	742	0.283172	0.724061	0.0121269	523	78
TTACCGTGTTAAGCTG	9497	2679	740	0.282089	0.723778	0.0169821	597	85
GCTGAGGAGCTGTAAC	9487	2840	759	0.299357	0.732746	0.0361429	600	94
AGGAACCAGTCACCAG	9477	2845	749	0.3002	0.736731	0.0442031	565	93
TCTATGTTCATGTGGT	9472	2846	744	0.300465	0.73858	0.0208589	517	88
GTTAATGTCGAGCTAT	9471	2794	768	0.295006	0.725125	0.041626	615	92
CGGTGAACACCTCGCT	9471	2745	799	0.289832	0.708925	0.0175646	529	96
CATGCAAGTTGAGCCG	9460	2404	693	0.254123	0.71173	0.0580111	543	100
TCAGCCTTCACAGCGC	9439	2470	710	0.26168	0.712551	0.0184891	519	105
GGCTTAAGTAACCTAG	9397	1415	548	0.15058	0.612721	0.0229387	531	52
AGTGAACCACAAAGGT	9372	2568	674	0.274008	0.737539	0.0837579	619	99
AGCGTGCTCTTGAGGT	9392	2739	769	0.291631	0.719241	0.0271254	535	98
TAGGTGCGTACGGGTT	9355	2707	740	0.289364	0.726635	0.0245295	642	98
ATAAGTCGTAGCAGCT	9307	2257	654	0.242506	0.710235	0.0442411	643	80
GGTGTGACAATATGGA	9276	2754	736	0.296895	0.732752	0.0296357	540	90
TTTATGGAGGACCAGG	9303	2441	724	0.262388	0.7034	0.054462	665	111
GCGCTTAAGGCCATCA	9270	2700	717	0.291262	0.734444	0.0207424	516	72
GGGAATATCACCGGTA	9269	2757	757	0.297443	0.725426	0.0230721	586	93
CAGAATCTCCCATAGG	9258	2449	735	0.264528	0.699878	0.172051	712	106
ATTACTGAGGCTACAT	9235	2685	729	0.290742	0.728492	0.0298806	498	91
TAGGGTTTCATCACTT	9262	2719	709	0.293565	0.739242	0.0401346	465	91
GAGCAAATCATTGCGG	9219	2443	677	0.264996	0.722882	0.0248049	557	109
CTTCAGGAGGTGAAAT	9222	2236	646	0.242464	0.711091	0.0257733	545	90
TACATCAAGTAAGTCC	9175	2518	734	0.274441	0.708499	0.0173032	505	118
GCTAACAGTACCGTAA	9213	2609	715	0.283187	0.725949	0.0213744	492	82
AGCTTTAAGTATTGTG	9173	2745	741	0.299248	0.730055	0.0178564	539	82
GGCCTCTGTTTAACGG	9155	2614	736	0.285527	0.718439	0.0169123	558	79
AGCAAATAGGTCGAGG	9157	2744	736	0.299661	0.731778	0.0369026	570	100
CTAGTCGAGGACGTAA	9147	2451	715	0.267957	0.708282	0.0675102	623	118
TTTGGTGCAATGAATG	9092	2533	703	0.278597	0.722463	0.0373658	409	118
TGATTAGTCCCTTGCG	9092	2687	677	0.295535	0.748046	0.0293342	555	74
GAGAACCAGTTTAACG	9109	2601	699	0.285542	0.731257	0.0197824	570	89
ACCAAGTTCAGAAACG	9119	2640	709	0.289505	0.731439	0.0222154	532	97
CCGCAAATCGAGGAGT	9103	2730	730	0.299901	0.732601	0.0292859	542	89
CATAGGTTCAATTGGC	9073	2658	704	0.292957	0.735139	0.0252116	479	78
TAAACAGCAAACATAG	9091	2683	695	0.295127	0.740962	0.0514815	500	103
CAGCTCAAGGCTAGAA	9064	2617	694	0.288725	0.734811	0.028683	484	92
TCATGTTTCAGGCTAT	9048	2461	686	0.271994	0.721252	0.0519928	600	111
TGATTCAAGCAATAGG	9045	2543	677	0.28115	0.733779	0.039117	597	86
CTAATTGAGCTTAACA	9037	2742	722	0.303419	0.736689	0.0257158	540	82
TCCATCATCAATTACG	9043	2453	662	0.27126	0.730126	0.0303681	436	103
GAGCTTAGTCCAAATG	9032	2535	723	0.280669	0.714793	0.051702	608	104
TACTTGTTCGCGCTAA	9030	2653	744	0.293798	0.719563	0.0203501	515	78
TCCAGGTCATACCCGG	9040	2692	717	0.297788	0.733655	0.0198205	540	73
GGAAGTATCTGTTGCC	9028	2469	663	0.273482	0.73147	0.0230189	554	69
GAGCATGCAATCCCTT	9026	2608	710	0.288943	0.727761	0.0192721	534	89
AGTTATGTCTAATCAG	9018	2370	675	0.262808	0.71519	0.0429471	507	100
TCGTTAAAGAAAGCAT	9025	2748	812	0.304488	0.704512	0.0275513	578	91
TAACCGGTCACTTCAT	9003	2427	719	0.269577	0.703749	0.0616634	614	119
AATAACCGTTTCCTCC	9000	2417	662	0.268556	0.726107	0.0434611	448	99
TTTGGCTGTATTGAGT	9013	2694	754	0.298902	0.720119	0.020461	542	89
TCATAACCAGGACCTT	8997	2344	659	0.260531	0.718857	0.0632498	453	121
GAGCTTAGTCGACTAA	8997	2615	717	0.290652	0.725813	0.0315193	484	70
ACTTAGTCAATGCCCG	8993	2376	707	0.264205	0.702441	0.060407	532	121
TCAGGTTAGCCACATG	8988	2405	673	0.267579	0.720166	0.0355351	574	89
CTCACACTCATGGTTA	8994	2670	747	0.296865	0.720225	0.026631	561	83
CGTGCTGCACTTAACG	8997	2441	729	0.271313	0.701352	0.0433664	581	102
TGTGATCAGGAGGACT	8981	2475	725	0.275582	0.707071	0.0670306	676	103
CTAAGGTTCAACAAGG	8974	2387	678	0.265991	0.715961	0.0651547	473	113
GCATGAAAGCTTATGA	8982	2666	732	0.296816	0.725431	0.0179015	576	92
GTAGCGCTCCGGTATG	8979	2698	712	0.300479	0.736101	0.0193218	567	81
ATTATGGTCTCGCCTG	8988	2651	751	0.294949	0.716711	0.0153219	516	97
CCGTTGCGTAGTTAAC	8954	2621	730	0.292718	0.72148	0.0265416	573	82
TCCAGGATCTAAGGTC	8967	2330	666	0.259842	0.714163	0.0210344	609	55
ATGAATGCAGTAATAG	8954	2647	705	0.295622	0.733661	0.0312955	524	91
CCCTCAGTCGACCTGA	8953	2665	735	0.297666	0.724203	0.0270186	567	78
CTTGTCCAGGACCTGC	8964	2486	713	0.277332	0.713194	0.0172618	510	86
TTGCAACAGTGAACAG	8931	2345	660	0.262569	0.71855	0.0303658	483	101
GGCATTGTCTCACTCA	8933	2595	694	0.290496	0.732563	0.0247734	609	73
AGAGATTAGCTTCTCA	8927	2239	650	0.250812	0.709692	0.0572084	494	119
GCTAACAGTGTCACGG	8946	2671	722	0.298569	0.729689	0.0270465	534	83
GCTGCACAGGCTCATG	8911	2536	704	0.284592	0.722397	0.0237992	485	91
TCTAACCGTTGTTGCT	8908	2321	683	0.260552	0.70573	0.0213979	541	96
CCCAATTGTAAGCTCA	8904	2331	664	0.261792	0.715144	0.036287	572	91
CAGGATGCACGAATCC	8871	2275	593	0.256454	0.739341	0.0460404	460	84
TCCTCTAGATAGTCAA	8862	1727	4	0.194877	0.997684	0.888889	3	2
TGCATTAAGACTTATG	8871	2538	698	0.286101	0.72498	0.0233291	525	93
ATGTTTGAGAGAGGAG	8837	2432	664	0.275207	0.726974	0.0422715	561	100
GTCATCACACTAAGTT	8819	2608	745	0.295725	0.71434	0.0229351	613	76
TGCATGAGTTTAGTCC	8789	2461	708	0.280009	0.712312	0.0444468	590	118
CGACCTGCATGGCCTG	8779	2463	638	0.280556	0.740966	0.019078	493	81
ATGAAGCCAGCCTGCA	8836	2360	670	0.267089	0.716102	0.0317046	542	107
TAAGCCAGTGTGTGGT	8771	2252	645	0.256755	0.713588	0.0866516	573	112
TTGGCTTGTTAATGAC	8768	2448	703	0.279197	0.712827	0.01753	542	84
GGGCGAATCGTGCTAG	8742	2615	696	0.299131	0.733843	0.0269582	527	80
CACAGGGAGGCCAATT	8741	2630	669	0.300881	0.745627	0.0272803	511	73
CTAAAGCTCAGCACCA	8740	2472	654	0.282838	0.735437	0.0206458	511	77
AAGTGAAGTAATTAGC	8730	2596	688	0.297365	0.734977	0.0218948	469	83
TCTCGCCCAACAGGAT	8726	2447	688	0.280426	0.718839	0.0276227	519	79
CTTTGAGCAGGCTAGA	8724	2338	687	0.267996	0.706159	0.0294081	599	96
TCGTAATCATGTCGCG	8721	2466	728	0.282766	0.704785	0.0403082	623	105
CGCAATAGTTGGTGAC	8707	2267	679	0.260365	0.700485	0.0462692	587	102
GCCTGCTGTTAATGCG	8708	2525	730	0.289963	0.710891	0.0156795	561	89
CATTGTGCAAACTGTT	8699	2463	797	0.283136	0.676411	0.0333404	683	134
GCAGCAACACATAGCC	8725	2272	639	0.260401	0.71875	0.00687417	332	39
GTGCAAGCACTTAACG	8670	2304	661	0.265744	0.713108	0.0291286	582	72
TGCACCTGCGGCGGCT	8661	1789	5	0.206558	0.997205	0.555556	3	1
TACAGCTAGCGTGCGT	8630	2567	709	0.297451	0.723802	0.0519947	487	90
GCACTTACATAGACCC	8619	2433	675	0.282283	0.722565	0.0228526	514	78
GGGAATATCTCGACCT	8618	2456	679	0.284985	0.723534	0.0583692	529	115
GATCAGGCAGCTCAAC	8642	2513	676	0.290789	0.730999	0.0282856	498	91
GCTAACCCAGCTAACC	8617	2474	661	0.287107	0.732821	0.016123	500	75
TTGGCTTGTAATTAGC	8610	2392	721	0.277816	0.698579	0.0622088	610	110
CAAACATGTTGGTTGA	8606	2404	657	0.27934	0.726705	0.056045	617	97
TTTGGCTGTTCACTGT	8577	2262	659	0.263729	0.708665	0.0552291	519	110
GACTTAGGTTGTCCAT	8589	2514	680	0.2927	0.729515	0.0194758	485	90
TCTACCTCACAGGGAC	8577	2496	662	0.291011	0.734776	0.0198294	530	64
GCACTTACATCTTGAG	8576	2476	663	0.288713	0.732229	0.0260433	439	85
TGCTTCCAGCGAGGTG	8568	2325	633	0.271359	0.727742	0.037003	552	74
GTATTCAAGGACACTT	8565	737	348	0.0860479	0.527815	0.0236483	359	232
GCATCCTTCGTAACGT	8558	2377	650	0.277752	0.726546	0.0498084	450	74
ACCCAGGGTTAATCGG	8530	2517	691	0.295076	0.725467	0.0322814	549	95
GGTCAGGAGCCTAACG	8526	2492	678	0.292282	0.727929	0.0280853	439	72
AGAACAAGTAGGATTT	8519	2494	641	0.292757	0.742983	0.0364683	490	83
CTCATGCTCCTAAGGT	8526	2367	690	0.277621	0.708492	0.0181548	559	102
GGTCAGGAGTTATTCC	8508	2419	696	0.284321	0.712278	0.026755	531	79
GATAATCGTGACATGC	8478	2512	656	0.296296	0.738854	0.0363326	463	84
GGCGGTTTCAACCAAC	8480	2561	689	0.302005	0.730964	0.0229282	578	71
TCAAGCTAGGAAGCTA	8458	2221	589	0.262592	0.734804	0.146154	403	103
GCATGAAAGGCGGATG	8465	2444	650	0.288718	0.734043	0.0293175	504	77
TAAAGCCTCTGCAACG	8475	2276	614	0.268555	0.730228	0.0361347	531	72
TCATCCATCGTTCACC	8448	2460	654	0.291193	0.734146	0.0351254	433	64
CTTTATCAGTCACCAG	8439	2277	697	0.269819	0.693895	0.0970482	513	123
ATATAGGCAGCACGTT	8437	2252	637	0.26692	0.71714	0.0357865	445	98
GATAACGAGGTGTCCA	8441	2526	643	0.299254	0.745447	0.0297025	492	78
GTGGACACAAGTGTTT	8425	2360	700	0.280119	0.70339	0.100923	578	112
TGTGGCTCATTAGGTT	8425	2433	654	0.288783	0.731196	0.0285802	467	72
TTGACTAAGTAGAGGC	8422	1426	541	0.169318	0.620617	0.0294136	511	51
GTACCTTGTTGGCCGA	8417	2415	652	0.286919	0.730021	0.0533753	470	107
CAGGTTAGTTACATCC	8408	1872	577	0.222645	0.691774	0.0913264	486	89
TGATTCAAGGCCGGAA	8406	2335	642	0.277778	0.725054	0.0326756	614	96
GTCATGAGTTCACTGT	8394	2576	726	0.306886	0.718168	0.0270574	571	85
AGCCTGGGTCACTCGC	8401	2320	613	0.276158	0.735776	0.0729762	525	84
CCTGGTAAGGCTACAT	8391	2338	716	0.278632	0.693755	0.0458957	578	125
ACAACAGAGGAGGTTA	8383	2476	649	0.29536	0.737884	0.0244453	473	70
GTGAATCTCCTGATGG	8374	2256	639	0.269405	0.716755	0.0361371	536	87
TGTGCGCAGTAAACCC	8373	2409	631	0.28771	0.738066	0.0302334	497	81
GGAACCACACCCTCAC	8372	2379	612	0.284161	0.742749	0.0201372	447	66
CGGAGCAAGGCCGGAA	8371	2453	583	0.293035	0.762332	0.0171089	426	69
CTTGACGAGGCCAATT	8365	2315	650	0.276748	0.719222	0.0194346	446	59
GCTCTGGCATAATTGC	8349	2238	652	0.268056	0.708668	0.0202802	545	81
TAGTCAATCAGTGAAG	8347	2292	672	0.27459	0.706806	0.0594272	514	118
GATTGGTTCATGGCCA	8353	2512	657	0.30073	0.738455	0.0204209	519	70
GTAGGATCAAGCTTTG	8368	2293	662	0.27402	0.711295	0.0351772	369	65
TGCTCACTCTATCGCC	8333	2471	639	0.296532	0.7414	0.0263527	433	62
TCCTGTTCAGGCGAGT	8328	2261	588	0.271494	0.739938	0.0139405	387	63
TGGCCATCATGGCCTG	8317	2226	628	0.267645	0.71788	0.0287504	508	83
CAGGTTTAGCCTGATG	8328	2474	657	0.29707	0.734438	0.0446392	446	81
TCTGGCTTCCCGTTTA	8323	2218	654	0.26649	0.70514	0.051339	531	102
GCTTACCTCTATTGTC	8297	2251	679	0.271303	0.698356	0.0368083	559	100
TTATGCGCAAGGTATA	8300	2225	623	0.268072	0.72	0.0349059	541	82
ATTGTCCGTACGTTTC	8294	2368	670	0.285508	0.717061	0.0181046	487	71
CCACTTGGTGTTCCCA	8300	2409	667	0.290241	0.723122	0.0209257	449	71
ATCGCCCGTGCTCCAC	8287	2357	653	0.284421	0.722953	0.0137961	509	65
GGACATAAGAATCTCA	8280	2399	643	0.289734	0.731972	0.0388919	501	86
AGGATCCGTAAAGCAA	8282	2299	612	0.27759	0.733797	0.0555619	551	96
AGCAATTGTTGTAACG	8263	2238	629	0.270846	0.718945	0.0486951	497	89
GTCTTTGTCCTGAGTG	8262	2429	649	0.293997	0.732812	0.0337625	493	82
GGGAGTAGTATACTGG	8271	2508	669	0.303228	0.733254	0.0310838	552	73
CCCTCACCACGAATCC	8247	2310	635	0.280102	0.725108	0.0145192	486	64
GATTGTTCAATGAAGC	8234	2201	586	0.267306	0.733757	0.039745	388	76
GGATGGCCAAGGTGCA	8238	2090	552	0.253702	0.735885	0.0146883	324	52
ACTCACTGTTAATGAC	8218	2163	617	0.263203	0.714748	0.0352975	437	104
GGTTTCCTCTCAATGA	8241	2437	709	0.295717	0.709069	0.0207951	550	77
TTCAGTTTCGCGCTAA	8212	2295	614	0.279469	0.732462	0.0155903	458	62
AACATCATCCCTCTAA	8202	2416	663	0.294562	0.725579	0.0194449	578	68
CGATTCCTCCTAATTC	8196	2228	636	0.27184	0.714542	0.0279648	517	80
GGGCATTGTTTAGTCC	8194	2432	652	0.296803	0.731908	0.0248827	504	73
AAACCGCGTGTTTGCT	8162	2176	612	0.266601	0.71875	0.0370258	570	78
CACTGACCACTTCATC	8167	2396	662	0.293376	0.723706	0.0199114	489	81
TCATACTTCCTCACTA	8181	2188	628	0.267449	0.71298	0.0193573	457	98
CGTTAACAGTGAGGTA	8160	2323	646	0.284681	0.721911	0.0558824	578	77
CGTGCTGCAAGCTACC	8157	2402	748	0.294471	0.688593	0.0338799	581	98
GGCTTCAAGGCATGTT	8146	2297	672	0.281979	0.707444	0.0415521	599	87
GTGATCAGTGGGTACT	8143	2256	636	0.277048	0.718085	0.0474769	394	95
TCAACAATCATCGTTT	8121	2266	623	0.27903	0.725066	0.0441722	495	81
ACTATGTCACCTGCTC	8116	2302	646	0.283637	0.719374	0.0199069	373	59
CTTAATGAGGCTTAGT	8110	2225	646	0.274353	0.709663	0.0353598	522	108
GTCGAAGCACCGGTAT	8115	2189	675	0.269747	0.69164	0.0493097	507	95
CGGTTGGGTGAGACTC	8116	2401	685	0.295835	0.714702	0.0313043	521	80
CCTGCTCCAGTATGTT	8104	2323	642	0.286649	0.723633	0.0213535	485	81
CACCAACCATGCTTAG	8100	2388	583	0.294815	0.755863	0.031506	421	69
ATCATGTCAATACTGT	8099	2104	600	0.259785	0.714829	0.0442218	424	104
GTTTATCTCTCCTCTT	8079	2126	644	0.263151	0.697084	0.0202545	292	42
AGTAATCGTGCCTCAC	8079	2239	634	0.277138	0.716838	0.0238606	521	90
GAGCAAGGTGGTTAGC	8081	2225	648	0.275337	0.708764	0.0274553	407	71
GGCTAGTGTACCCACC	8074	2304	611	0.28536	0.734809	0.0619613	519	75
TTTCAGTTCGGCCATA	8060	2287	624	0.283747	0.727153	0.0318667	612	69
AACCTCACAGTTATGT	8064	2440	616	0.302579	0.747541	0.021812	487	66
GTTGGCGGTTGTGATG	8059	2384	641	0.295818	0.731124	0.0387077	460	64
AACTAGCTCCTAGTTT	8051	2290	606	0.284437	0.735371	0.0132253	434	60
GATCGAGCAATAGCCC	8056	2393	608	0.297046	0.745926	0.027033	409	76
AACCCGCAGATGCCTG	8050	2270	622	0.281988	0.725991	0.0163378	501	64
ATTTGCAAGCATTTCT	8054	2378	627	0.295257	0.736333	0.0191749	511	70
TGTGGCCAGCGCCTAA	8042	2363	625	0.293832	0.735506	0.0279853	607	70
GCTTCGCGTAACAGGG	8036	2414	700	0.300398	0.710025	0.0222484	431	70
GATGGACAGATTCCTT	8051	2339	622	0.290523	0.734074	0.0233432	410	79
CAAACCGTCAGGCCTA	8035	2106	608	0.262103	0.711301	0.0696906	582	77
AGGTATTGTATTGTCC	8047	2342	656	0.29104	0.719898	0.0281896	506	85
AACATAGCATAGCAGG	8014	2094	564	0.261293	0.730659	0.0373018	504	81
TGCTAGCCAACACCTA	8000	2117	592	0.264625	0.720359	0.0249621	484	80
GGGCAATAGAAACTGG	8008	2372	604	0.296204	0.745363	0.0210716	610	280
GTGCTCCGTTAACACG	8012	2011	600	0.250999	0.701641	0.0134313	438	65
AATACCGGTGATGAAA	8000	2336	644	0.292	0.724315	0.028062	499	95
AATTAGCGTCAAACTG	7997	2393	628	0.299237	0.737568	0.0292104	500	75
CTCGCTAGTGATTACG	7995	2349	645	0.293809	0.725415	0.0280861	589	87
CCGTGCTGTTAGCTGA	7992	2335	678	0.292167	0.709636	0.0217971	510	83
GAGCATGCAAGACTCC	7972	2120	629	0.265931	0.703302	0.0261593	229	21
ATGTAACGTGGTGAGA	7970	2397	640	0.300753	0.733	0.0357967	526	73
TATGACTCATTCAGCA	7969	2258	625	0.283348	0.723206	0.0287149	531	77
CTAACCTGTTTCGCCA	7964	2091	591	0.262557	0.71736	0.0343505	465	97
AGGATGTCATGCTCCC	7966	2254	605	0.282953	0.731588	0.0235775	401	59
AGGATCCGTGATCCTT	7939	2256	637	0.284167	0.717642	0.0253794	523	75
GCAGCAACACCTAAGC	7934	1544	533	0.194605	0.654793	0.0573118	465	68
TATAGCCAGCATTAGC	7932	2352	649	0.29652	0.724065	0.0257032	505	80
GCCTTAGAGTCAGGCC	7930	2310	652	0.291299	0.717749	0.0136073	494	63
TGAGGGAGTTGACTTC	7928	2309	649	0.291246	0.718926	0.0264596	511	71
AGTGGACAGCAGCTAT	7914	2392	614	0.302249	0.743311	0.0425123	516	76
CCTACTGGTGGATTGC	7928	2251	624	0.28393	0.72279	0.0150248	569	68
CATGCATAGCTAAGTC	7918	2385	653	0.301212	0.726205	0.0245969	501	72
GGATGGCCATTAGGTT	7911	2330	629	0.294527	0.730043	0.0313167	490	65
TGTTGTAAGCTGCACA	7891	2139	594	0.271068	0.7223	0.0142967	442	64
TAGGTTGGTGGATGTC	7883	2222	638	0.281872	0.712871	0.0742736	614	89
GTAGTTATCGGGATTT	7883	2429	656	0.308131	0.72993	0.06933	498	99
TTCGTTAGTAGGTTGC	7889	2199	648	0.278743	0.705321	0.0403666	518	113
GATGCTTAGAACAAGT	7881	2064	608	0.261896	0.705426	0.0403665	443	102
CCATAGCCAATCATGT	7873	79	20	0.0100343	0.746835	0.434783	23	13
ATCCTTAGTTTCCACG	7860	2360	622	0.300254	0.736441	0.0217086	398	69
AAACGGATCTTTGACT	7852	2191	599	0.279037	0.726609	0.0702145	449	103
GGATAACCACCTGCCT	7836	2287	610	0.291858	0.733275	0.0166432	464	53
AAGCCACGTGTCCAAA	7836	2130	600	0.271822	0.71831	0.0325833	614	367
CAGCTCAAGGATCACT	7825	2141	561	0.27361	0.737973	0.0175469	389	78
GTGTGTTAGTTGTCCC	7817	2265	610	0.289753	0.730684	0.0240534	373	54
AGTCCTTGTTGACTTC	7812	2368	629	0.303123	0.734375	0.0223145	522	70
AAACCAACAGCCTAAC	7832	2276	600	0.290603	0.73638	0.0260417	384	59
AAAGCTTGTCATGCAA	7803	2293	608	0.293861	0.734845	0.0245706	495	76
GTCTAACAGTATTGGC	7797	2296	678	0.294472	0.704704	0.0265633	521	83
CGGTAACGTGCCGCAA	7794	2163	594	0.277521	0.725381	0.0297825	570	69
AATTTGCCAATGAATG	7786	2153	588	0.276522	0.726893	0.0447336	487	78
CGCTTGCGTCGACTAA	7794	2143	686	0.274955	0.679888	0.0266263	452	72
CGGATAAAGGGCTTAT	7769	2165	576	0.278672	0.733949	0.0417289	493	81
ACCATTAAGGCATTAC	7780	2052	678	0.263753	0.669591	0.0145678	435	61
CACATGCCAATAGCAA	7768	2055	566	0.264547	0.724574	0.0274039	449	87
TGGTCCTTCATTACTC	7759	2181	624	0.281093	0.713893	0.0488919	532	93
GATAACGAGGAGGCAT	7759	2002	573	0.258023	0.713786	0.05585	513	83
GCATCCTTCAACAAGG	7757	2191	607	0.282455	0.722958	0.0195793	419	67
ATTATCCTCTTGCAAA	7753	2270	645	0.29279	0.715859	0.0219462	414	60
TAGGCTGTCCATAAGC	7748	911	406	0.117579	0.554336	0.0164051	364	28
CCATCATGTAATCGCA	7744	2236	603	0.28874	0.730322	0.0319105	461	86
ATCATCAAGGCCATCA	7732	2045	585	0.264485	0.713936	0.0463366	505	83
AACTTAGTCCAATAGC	7732	2061	591	0.266555	0.713246	0.0644212	417	92
ACTAACGGTATCTGGA	7716	2128	594	0.275791	0.720865	0.0416046	420	96
GCCTTAGAGATTGAGG	7709	2099	600	0.272279	0.71415	0.102337	533	87
GCTCTGGCATGAATAG	7696	2228	622	0.289501	0.720826	0.028856	490	81
GCGTTTCTCAAGTGAG	7696	2018	612	0.262214	0.696729	0.0411512	572	86
TAGGAGTCAAGGATTA	7686	2300	623	0.299245	0.72913	0.0222837	451	75
GGGTGTTGTAGTCAAT	7681	2301	643	0.29957	0.720556	0.0479278	516	87
GGTACTTAGTTACTTC	7682	2142	612	0.278834	0.714286	0.0177294	437	67
ATTTAGCCATGTTGTG	7684	2176	610	0.283186	0.719669	0.0225924	491	68
TACTTGTTCTTGTCTG	7691	2277	629	0.29606	0.723759	0.0189955	399	67
ATTGCACAGCGCATTG	7677	2275	603	0.29634	0.734945	0.0263596	440	67
ATGCGATTCGGTCATG	7664	2325	640	0.303366	0.724731	0.0215944	520	65
AGCATTTCACAATTAC	7668	2255	587	0.294079	0.73969	0.040486	518	73
GTCCAGGGTGCAATGC	7676	2269	601	0.295597	0.735126	0.0323895	464	71
ACTCGCTTCGCGCTAA	7650	2235	575	0.292157	0.742729	0.0273746	447	62
ATTATCCTCATAGCCG	7649	2172	593	0.283959	0.72698	0.026983	431	61
AAGGTATAGCTATTAG	7645	2273	604	0.297319	0.734272	0.0338368	576	65
CATCACACATGCAACC	7650	2039	579	0.266536	0.716037	0.0348206	396	68
GTTACAGGTATGTGGC	7643	2264	623	0.296219	0.724823	0.0292005	485	68
CATTCCTCATTGCGAC	7631	1988	620	0.260516	0.688129	0.0256245	526	77
TTTACGCGTGTAATAC	7626	2323	605	0.304616	0.739561	0.0529831	544	81
GGATGAATCGTTAGCG	7620	2156	624	0.28294	0.710575	0.0619662	530	87
GTCGAAGCACGAATCC	7622	2184	647	0.286539	0.703755	0.0270543	520	83
CGTAGTTAGTCTATGA	7614	2092	581	0.274757	0.722275	0.0370867	373	89
ACGCACGGTAATCGCA	7619	2226	591	0.292164	0.734501	0.024015	547	64
GGGCCTAGTTGTTGCT	7606	2224	615	0.292401	0.723471	0.0208355	509	65
GATTAAGCATGCTATG	7612	2177	606	0.285996	0.721635	0.0213856	423	66
AATCCTAAGCGGATTT	7603	2026	566	0.266474	0.720632	0.075774	575	356
CAACAGGCACAGGAAT	7603	2281	566	0.300013	0.751863	0.0393183	480	58
TTGTTGTTCGATTTAG	7583	2053	598	0.270737	0.708719	0.0358191	477	74
CATGGATTCTGTGAGT	7577	1963	558	0.259074	0.715741	0.0861111	405	110
CCTGCTCCAGTCTAGC	7572	2245	646	0.296487	0.712249	0.0235375	450	71
GTCTTGCTCCTGGTCT	7581	2201	631	0.290331	0.713312	0.0152063	415	50
ACAGCGCTCCTGCGAA	7568	2246	551	0.296776	0.754675	0.0258848	453	59
ACTATCCGTCATCAAG	7567	2154	580	0.284657	0.730734	0.0224918	496	59
TTGCCCGTCGCTAGTG	7553	2169	628	0.287171	0.710466	0.017894	468	71
GCTATTGCACAGGGAC	7551	2193	556	0.290425	0.746466	0.0269039	390	56
TCAAGACTCTAATCAG	7533	1921	554	0.255011	0.711609	0.0263183	421	80
TCAGGTTAGGATTTGC	7528	2263	594	0.300611	0.737517	0.0759202	489	70
ATGCATTCAGGTTAAA	7538	2127	597	0.28217	0.719323	0.0256663	495	78
TTCCTTCTCTAGCTAA	7519	2102	610	0.279558	0.7098	0.0276644	525	71
CGAGTCGGTTTGCGCC	7514	1965	626	0.261512	0.681425	0.0352002	494	81
CGTATTGCACCTAATG	7519	2190	649	0.291262	0.703653	0.0235267	541	77
AGTCCTTGTCATAACG	7510	2081	599	0.277097	0.712158	0.061373	488	100
CCGCTAAAGGATAAAC	7533	2155	585	0.286075	0.728538	0.0189604	417	57
GATGCGACAGAGGGAG	7513	2297	605	0.305737	0.736613	0.0396479	477	77
AAACCGAAGCAACATC	7505	1959	543	0.261026	0.722818	0.0191897	368	70
ATTCGTTTCCTTGAGG	7503	2107	610	0.280821	0.710489	0.0370791	484	99
TTTAAGCCACAATGTT	7495	2094	587	0.279386	0.719675	0.0214445	507	67
TTCCTTCAAGTTTCAG	7490	2127	10	0.283979	0.995299	0.555556	4	2
GAGTTTGGTGATCATG	7471	2085	558	0.279079	0.732374	0.114326	470	94
TCAGTAGGTATTACCC	7469	1956	545	0.261882	0.72137	0.0352297	442	81
GCAAACTTCATGCTTT	7468	1984	583	0.265667	0.706149	0.034791	493	73
GGCGCTAGTCAGGAAG	7466	1927	573	0.258103	0.702647	0.0820212	499	74
AACAAAGGTGTTGTAG	7466	2024	533	0.271096	0.73666	0.0301033	454	61
GAGAGGCGTTTACGTC	7467	1999	702	0.267711	0.648824	0.064562	680	94
ACATCAATCGCTATGG	7449	1965	556	0.263794	0.717048	0.0667361	463	89
AAACGGATCCTCACAC	7395	1857	514	0.251116	0.723209	0.0610161	351	80
TTTCGTCCAGCATTAT	7422	1932	554	0.260307	0.713251	0.0653727	384	78
GGTCTTGAGAGGGACT	7420	2231	636	0.300674	0.714926	0.027857	519	71
TACTGCACAGGATGGC	7432	2142	584	0.288213	0.727358	0.02511	541	63
AACCCGCAGCAGGCCT	7394	2207	566	0.298485	0.743543	0.020568	430	58
CGATGTCCAGCACCAT	7365	2140	607	0.290563	0.716355	0.0387241	475	88
AGCCTAGTCGAGGAGT	7365	1802	515	0.244671	0.714206	0.0550084	493	71
AGGTGAATCTCCATGC	7361	2130	643	0.289363	0.698122	0.0357321	305	36
CTCATTGTCATGCTAA	7344	2029	600	0.27628	0.704288	0.0231553	418	69
TACCTTAGTTACATCC	7342	2173	613	0.295968	0.717902	0.0243353	442	74
GGTCGGTTCTGTAATG	7338	2219	603	0.302398	0.728256	0.0610324	494	70
AGTGATGAGTCACGAT	7306	1799	527	0.246236	0.707059	0.0905498	582	360
TCTTAGCGTACTTCAC	7311	2170	586	0.296813	0.729954	0.0310793	419	71
AACCCGCAGTAACCCG	7303	1852	529	0.253594	0.714363	0.0551042	320	82
GGCTCAATCCGGTTAG	7315	2145	584	0.293233	0.727739	0.0213487	480	66
CATAGCTAGCTTACTT	7283	2208	623	0.303172	0.717844	0.0231215	550	70
TTAAGCCAGGTCCTGA	7282	2047	558	0.281104	0.727406	0.0453477	535	71
ATCTATGAGTCAATTG	7275	2063	582	0.283574	0.717887	0.0210561	485	62
GCTTTCATCTAATTGG	7281	2141	601	0.294053	0.71929	0.0161061	504	63
TTAGGAACAGTTGCGT	7259	1788	539	0.246315	0.698546	0.0387331	464	63
GTACTAGGTCAAAGAA	7268	1323	466	0.182031	0.64777	0.0618746	471	286
CTCACACCGTGCCAGA	7255	1807	9	0.24907	0.995019	0.321429	7	2
CTTTAGGCAGGCCTTG	7254	2014	559	0.27764	0.722443	0.0580601	507	80
GAGGTGAGTTGAGCCG	7253	2130	555	0.293672	0.739437	0.0346323	458	56
ATCATCAAGTCATGCG	7249	1961	559	0.27052	0.714941	0.0290798	506	66
CTTGTTTAGGAAGCAC	7244	2027	600	0.279818	0.703996	0.0505988	539	81
ACCGCAATCCCTCTAA	7248	1882	576	0.259658	0.693943	0.0201985	310	46
ACCATAATCATGCATA	7236	2088	563	0.288557	0.730364	0.0262697	466	67
CGACCTGCACAACAGG	7234	2175	535	0.300664	0.754023	0.037529	460	64
CGGCTAATCAGCACCA	7235	1978	578	0.273393	0.707786	0.0532229	543	74
CGCTACTTCGCACACA	7228	2150	586	0.297454	0.727442	0.0247395	447	72
ATCGAGGCAGCACGTT	7217	2250	585	0.311764	0.74	0.0271613	501	61
GTTGCATAGAAAGGAA	7224	2180	561	0.301772	0.742661	0.0512329	438	69
AGGATTGAGGCCCAGT	7215	2225	576	0.308385	0.741124	0.0260516	402	58
GTCTAATCACCAGCAT	7203	2031	583	0.281966	0.712949	0.0191929	434	54
GATTACTCACTAGCGT	7195	1828	505	0.254065	0.723742	0.0340953	463	75
GGCCTAATCACCATTT	7182	1958	564	0.272626	0.711951	0.0415286	503	74
CCAGCCTGTAACCACA	7195	1997	549	0.277554	0.725088	0.0235017	396	56
ATTATCCTCGCGCTAA	7182	2079	544	0.289474	0.738336	0.0185853	357	49
CCATAGCCAACTAGAA	7181	1976	551	0.275171	0.721154	0.0322222	450	56
GACAATACATAAGCAA	7178	2179	567	0.303566	0.739789	0.0460003	411	62
TGTAACTCAATCTCTC	7148	2016	565	0.282037	0.719742	0.021349	395	52
AGTAACACACTGGCTG	7177	1926	562	0.268357	0.708204	0.0412629	454	89
TGTAAAGCAAACGCGA	7121	2046	534	0.287319	0.739003	0.0565111	450	85
AATTTCCTCTCACTCA	7166	2116	610	0.295283	0.71172	0.0199373	408	66
TGTAATGTCGCTAAAC	7119	2071	551	0.290912	0.733945	0.0425943	392	64
TCTGGCTTCATGGCCA	7116	2156	537	0.302979	0.750928	0.0188003	371	65
TTTAAGCCAACAGGAT	7102	1860	548	0.261898	0.705376	0.0693634	465	88
CAAAGCGCATAAAGCA	7109	2115	562	0.29751	0.734279	0.0266368	449	65
GCGAGTGAGGATTGAG	7113	2095	559	0.294531	0.733174	0.0286289	434	71
CTGATCACAAGCTAAA	7101	2097	575	0.295311	0.725799	0.0323889	433	65
TTATCCGTCATGGTGT	7082	2032	563	0.286925	0.722933	0.0188547	543	45
TTCGCAACAATACTGT	7083	2016	535	0.284625	0.734623	0.0224823	350	54
ATACCGGTCCCGTTTA	7086	2116	588	0.298617	0.722117	0.0257289	381	55
ATCCTGACATGGCCTG	7091	1920	567	0.270766	0.704688	0.074509	423	98
GTGCTTACAGTTTGGC	7077	2046	563	0.289106	0.724829	0.0461702	469	68
TAGCTAGGTAACAGGG	7069	2040	540	0.288584	0.735294	0.0438467	440	65
ACCAGGACAGGCCATT	7053	1822	511	0.25833	0.719539	0.0314483	478	70
ATACCGGTCTACCTGC	7053	1945	578	0.275769	0.702828	0.0241316	499	52
TTTGCGGAGCCTCTCG	7061	1849	491	0.261861	0.734451	0.0537286	330	70
GGTTGCGGTGACCTGG	7047	2056	570	0.291755	0.722763	0.0642398	467	67
CCTATTGTCATGCTTT	7032	1842	578	0.261945	0.686211	0.0469919	492	103
CGTTAGTAGAATGACG	7031	2150	565	0.305789	0.737209	0.043295	435	71
TTTACGAAGCACAGAA	7042	2111	549	0.299773	0.739934	0.0345157	430	65
AATGTCCAGTCCTTTG	7043	2084	569	0.295897	0.726967	0.0235853	383	63
GAGTGATCACAAAGGT	7030	2051	531	0.29175	0.741102	0.0284816	444	65
TATAGCCAGCTTAACA	7015	2052	554	0.292516	0.730019	0.0250956	460	61
ACCAGGGAGCAGGTTT	7026	2106	552	0.299744	0.737892	0.0383333	480	56
AGCGATTTCCCTCATA	7013	2040	555	0.290888	0.727941	0.019207	425	61
GGCAAGCCATAGCAGG	7010	1880	496	0.268188	0.73617	0.0281084	346	60
AGAATCTGTATTGTCC	7001	1893	561	0.27039	0.703645	0.036205	500	68
ATCCAACAGGTGAAGC	6999	2061	548	0.294471	0.73411	0.0492983	397	75
ACCCAACCATGCTATG	6998	2085	533	0.297942	0.744365	0.020676	437	58
TGTGTGAGTCCCGGAA	6994	2059	572	0.294395	0.722195	0.0410949	449	67
AATTAGCGTCCGCTGT	6996	2064	583	0.295026	0.717539	0.0434348	463	60
GGTATTGGTTGAGCCG	6984	1814	541	0.259737	0.701764	0.0762739	546	336
CACGCTAAGACAGGTA	6982	2088	545	0.299055	0.738985	0.0348055	382	52
TGTTCATTCCCGTTGT	6977	1906	547	0.273183	0.713012	0.0398706	490	75
AACGCTAGTAAAGCAA	6973	2023	554	0.290119	0.726149	0.0364623	447	63
ATCATCAAGCTCAAAC	6991	2082	568	0.297811	0.727185	0.0252486	375	60
GTTACAGGTTGGTGAC	6965	2135	579	0.306533	0.728806	0.0279872	431	62
AAGGAAGCAACATAAG	6972	1990	525	0.285427	0.736181	0.0294879	424	63
TGTTACTTCAGCACCA	6964	1872	514	0.268811	0.725427	0.0311138	413	68
TATTGACCAGACAAAC	6958	2059	528	0.295918	0.743565	0.0255395	422	69
ATTACCCGTGGATGTC	6953	2046	571	0.294261	0.720919	0.0179923	460	58
GCTTGACCATCGTTCT	6949	2019	567	0.290545	0.719168	0.0274857	439	58
GTGTTACAGCCGCTAA	6947	1836	523	0.264287	0.715142	0.0727905	479	72
ACGCCTAAGCAAGGTA	6964	2044	545	0.293509	0.733366	0.0303528	449	61
TCCACAACATCGCTTT	6946	1890	520	0.272099	0.724868	0.0456381	422	74
TACGGTTAGTTAGTTG	6943	1780	538	0.256373	0.697753	0.0687628	489	73
CTACTTAGTTAACACG	6937	2036	568	0.293499	0.721022	0.0197691	449	67
CTATGACAGAAAGCAT	6942	1713	482	0.246759	0.718622	0.0234318	381	55
ATTGCGCCATATTGAC	6934	1921	551	0.277041	0.71317	0.021618	354	52
AGCCTCCGTGTGAGGA	6934	1853	541	0.267234	0.708041	0.109073	496	76
GGATACTTCGAAGTGA	6933	2035	533	0.293524	0.738084	0.0357905	392	49
GACTTGGTCCAAACAC	6930	1810	511	0.261183	0.71768	0.0521375	363	70
ACAGCCGGTAAAGCAA	6930	2032	555	0.293218	0.72687	0.0265311	427	58
CCATCACTCACGTTAA	6926	2018	544	0.291366	0.730426	0.0301533	401	64
ATCGAGGCAGGTCCTG	6929	1922	521	0.277385	0.728928	0.0436964	497	63
TCCAGCAAGTTGTCAA	6920	1683	490	0.243208	0.708853	0.0435207	417	76
TCGGTAAGTCACAAAT	6901	1823	506	0.264165	0.722436	0.0530343	329	64
GGCTGGTTCTAAGGTC	6878	1985	566	0.288601	0.714861	0.0187681	457	66
CTGCTATGTGTTTGAG	6883	2029	568	0.294784	0.720059	0.0342133	437	66
CTTGGACCAATAGTCT	6865	1801	513	0.262345	0.715158	0.0705833	404	84
ACTGAATGTCCCGAAG	6877	2069	526	0.300858	0.745771	0.0298185	401	60
AGGTTACTCTTAAGTG	6856	1785	525	0.260356	0.705882	0.0667218	463	80
ACTCAGTAGGCCTGGT	6865	1972	574	0.287254	0.708925	0.0247351	422	65
CTTCTCAAGAAACTGG	6854	1799	551	0.262474	0.693719	0.0171635	369	64
CATAATCCAATGAGGT	6847	2021	542	0.295166	0.731816	0.0520041	454	54
AGGCAATCAAGGTATA	6845	1995	542	0.291454	0.728321	0.0465578	460	64
CACTAAGGTGGTTATG	6833	1880	516	0.275135	0.725532	0.0875467	421	72
CAGGTTAGTGCTAGAC	6831	1829	568	0.26775	0.689448	0.0515222	525	92
AACCTCCTCAGGTCCA	6838	1734	508	0.253583	0.707036	0.0507966	435	71
CGAACCGGTTGCTGGG	6830	1797	565	0.263104	0.685587	0.0309946	320	45
TACGTAATCGGTCATG	6827	1859	525	0.272301	0.71759	0.051123	467	83
GGTGATTTCATTGCAA	6823	1581	499	0.231716	0.684377	0.0891236	431	86
CGTAACCCAAACATAG	6811	1957	553	0.287329	0.717425	0.0503231	407	70
CACCAACCAAAGGTAC	6807	1990	516	0.292346	0.740704	0.0286446	429	55
ATTGGCTAGGTAAGCA	6827	1995	563	0.292222	0.717794	0.0233707	365	55
ATAAGCCTCTGTAATG	6805	1967	549	0.289052	0.720895	0.0281078	407	56
AACTAGCTCGTACCGA	6803	1875	548	0.275614	0.707733	0.0261881	455	55
CGATTTGCAGGAATCG	6790	2042	547	0.300736	0.732125	0.0337654	405	61
TTTAGCAAGTCGCTAG	6778	1863	565	0.27486	0.696726	0.0455817	496	69
TTAAGCCAGACACTTA	6765	1944	544	0.287361	0.720165	0.0254731	438	61
GTGTTACAGGACAATG	6756	1854	533	0.274423	0.712513	0.0619263	453	73
GCTAACCCATTGTGGC	6760	1906	518	0.281953	0.728227	0.0657277	426	67
CATGCGGGTCTTGCAT	6752	1765	530	0.261404	0.699717	0.0637326	396	87
AGGTGAATCTGGCATG	6754	2025	546	0.299822	0.73037	0.0469677	375	55
ACTAACTCATCCGTAA	6749	1916	515	0.283894	0.731211	0.029621	370	61
CCATTGTGTCCGGTTC	6736	1870	536	0.277613	0.713369	0.0192247	429	60
CTCCGTCCACTTGTTC	6747	1946	544	0.288424	0.720452	0.0158716	413	58
CCTTCGGTCAAGGACA	6726	1844	552	0.27416	0.700651	0.0710426	518	69
TGAGCCGGTACCGAAC	6720	2032	542	0.302381	0.733268	0.0485859	465	60
GGCATTAGTGGTTATG	6708	2019	561	0.300984	0.72214	0.0236842	447	63
TAGCATATCATCGTTT	6693	1936	541	0.289257	0.720558	0.0329401	444	81
CCAACATAGGACTTAC	6699	1920	487	0.28661	0.746354	0.0252897	321	54
CGAAGCCTCATAGACC	6694	1827	511	0.272931	0.720307	0.021265	394	55
AATGCATGTTTGGCTT	6690	1932	522	0.288789	0.729814	0.0186361	406	65
AATTGGACATAATTGC	6679	1845	476	0.276239	0.742005	0.0660377	424	67
AAGTGAAGTTCGCGCT	6670	1752	510	0.262669	0.708904	0.0718816	473	70
GGTGAGGTCATCGTTT	6666	1959	534	0.293879	0.727412	0.0495063	423	60
CGCAATAGTCAAGTAT	6669	1933	548	0.289849	0.716503	0.02773	482	61
AACAGCAAGTAGCCAT	6666	1759	480	0.263876	0.727118	0.0376766	364	73
GAGGCCTTCTCGCCTG	6647	1901	494	0.285994	0.740137	0.0183477	374	46
TTGCAACAGGACCGCT	6646	1660	491	0.249774	0.704217	0.0459926	445	66
TCAGGAGCAAGGTGCA	6644	1916	516	0.28838	0.730689	0.0853859	504	59
ATAGATGCAGCACCAT	6642	1926	504	0.289973	0.738318	0.026881	399	55
CGAGGTGAGGAAGTAT	6638	2009	559	0.302651	0.721752	0.0401738	449	72
AGCGTGCTCGCTAGCA	6629	1702	462	0.256751	0.728555	0.0396907	388	67
TGTAAGCTCTTTGAGA	6632	2013	527	0.303528	0.738202	0.0354795	437	53
CCAGACTCAATTGACT	6621	1722	491	0.260082	0.714866	0.0728919	421	76
TGGCCATCACAATTAC	6616	1786	506	0.269952	0.716685	0.0431971	434	64
GATGGCTGTCAGGAAG	6611	1835	475	0.277568	0.741144	0.0773994	361	74
CAGGTTAGTCATTGTC	6613	1876	553	0.283684	0.705224	0.0302489	446	54
GTATTGATCATTACAG	6597	1711	532	0.25936	0.689071	0.0492795	450	84
GAGCTGCTCGATTTAG	6610	1848	549	0.279576	0.702922	0.0288056	318	57
TTGCGAGTCCTCACTA	6596	1611	439	0.244239	0.727498	0.127728	491	317
TCAAGGAAGAGAGGCT	6590	1983	546	0.30091	0.72466	0.0614035	494	71
CAGGATGCACTTGTTC	6590	1845	520	0.27997	0.718157	0.0280865	394	53
ACACTTAAGTAGCCAT	6590	1837	500	0.278756	0.727817	0.168067	425	84
GCTCATTGTCTAACAG	6574	2028	542	0.308488	0.732742	0.0415294	421	59
CGATTTGCAAATTGCT	6581	1978	557	0.300562	0.718402	0.0178827	472	59
CATGGCGGTTGGTGAC	6581	1951	510	0.29646	0.738596	0.037049	459	55
GCTCTGTTCCGGTTGA	6571	1690	490	0.257191	0.710059	0.0734413	417	78
TTGGAGGCAATCCCTT	6566	1903	520	0.289826	0.726747	0.0409809	403	64
GTTTGTAAGTTTGGGT	6559	1958	532	0.298521	0.728294	0.0330878	437	63
GGGTCAACACATGCTA	6566	1812	492	0.275967	0.728477	0.034188	369	64
GCTGATCCAAGGTGGC	6558	2010	508	0.306496	0.747264	0.0390289	434	53
TGAAACTGTGTTAAAC	6556	1907	504	0.290879	0.735711	0.0318253	360	53
CCTGTTGGTTAGTTGG	6544	1762	507	0.269254	0.712259	0.062639	426	50
GTTGCCCGTTATCCGT	6541	1849	483	0.282678	0.738778	0.0208092	318	37
GTCTATCGTATTTGCC	6541	1755	525	0.268308	0.700855	0.0437107	445	83
GGCTAGACAATGCCTA	6531	1604	476	0.245598	0.703242	0.0718599	414	68
CGCTTAACATAATCCG	6541	1868	547	0.285583	0.707173	0.021197	445	56
AACGCCCAGGACAATG	6528	2008	522	0.307598	0.74004	0.0342083	477	61
TTTGGCTGTTAATGAC	6518	1704	475	0.26143	0.721244	0.0769106	386	72
ATCCACCTCCGTAAAC	6510	1805	477	0.277266	0.735734	0.029532	394	51
CCGATGCAGGTGAGAC	6511	1916	502	0.294271	0.737996	0.022761	387	50
CACAATATCAAGTGAG	6506	1907	531	0.293114	0.721552	0.0385729	405	66
TTGTTTGGTGTTTGTC	6519	1753	592	0.268906	0.662293	0.03167	328	50
AACTTAGTCAACCAAC	6505	1743	465	0.267948	0.733219	0.0293857	386	64
ACAACATGTTCGCTCA	6496	1792	490	0.275862	0.726563	0.080965	356	84
ACCAAGCGTTGCATCT	6496	1961	516	0.301878	0.736869	0.0586701	419	69
TTGATGTCAAGTTATC	6481	1837	518	0.283444	0.718019	0.0204306	409	53
CTTGCAACATCCTGAA	6477	1779	483	0.274664	0.728499	0.047021	428	72
CTTCAGGAGTCATCCC	6481	1944	534	0.299954	0.725309	0.0498786	404	65
GCACGGTTCATGTCAA	6472	1852	511	0.286156	0.724082	0.0205253	415	56
CACGCTAAGCTATGAC	6470	1812	480	0.280062	0.735099	0.0356611	396	57
GTAGCTGTCATGAGCT	6462	1849	518	0.286134	0.719849	0.0287861	439	53
GCTCAACCATAGACTT	6465	1842	504	0.284919	0.726384	0.0238182	407	55
CATCAGCCAGCATGTC	6467	1838	505	0.284212	0.725245	0.02119	404	47
CTCTAGCTCTAGCTAA	6459	1875	504	0.290293	0.7312	0.03089	408	66
AGACTATGTGTTGTGA	6452	1905	525	0.295257	0.724409	0.0386434	453	67
TGGTGATTCACAGCCA	6436	1822	513	0.283095	0.718441	0.0525615	305	56
CCATCACTCTTTAGGA	6448	1650	513	0.255893	0.689091	0.0312197	316	72
TAGCAGGCATCCCTCA	6428	1715	479	0.266801	0.7207	0.0622482	405	63
GTCTTTAGTTAATGAC	6427	1683	494	0.261864	0.706477	0.11105	371	87
CGGTTATAGTGGCGGA	6427	1514	453	0.235569	0.700793	0.069746	433	49
CTTGAATCATATTGAC	6419	1635	486	0.254713	0.702752	0.0299778	386	59
TCATTGTTCTGGCTTC	6421	1837	519	0.286093	0.717474	0.0194323	424	43
GTCCAAGTCTGTTGCC	6418	1702	511	0.265192	0.699765	0.0479542	444	62
GCGGTTGGTAGCCATA	6418	1784	492	0.277968	0.724215	0.0540679	455	59
CACATACAGTTTGTCT	6414	1884	499	0.293732	0.735138	0.0239947	400	60
CAAGGGAGTGTCCAGG	6408	1967	512	0.30696	0.739705	0.0677249	420	57
GATAAGCCAAGGTGCA	6407	1730	460	0.270017	0.734104	0.0557167	359	59
GGTGTTGTCAATGAGG	6412	1897	505	0.295852	0.73379	0.0389846	418	60
CCCAGTTTCTACTAAG	6401	1842	523	0.287768	0.716069	0.0250014	427	63
CGCTTGCGTTACTAGG	6400	1872	505	0.2925	0.730235	0.0256828	371	48
TTGTCCATCTAAGGTC	6398	1648	458	0.25758	0.722087	0.0365844	321	62
TATCGCGAGGTACCGC	6388	1590	460	0.248904	0.710692	0.0586435	424	42
ATTCAACCAATAAGCA	6397	1798	501	0.281069	0.721357	0.0377273	359	66
CATTTGTTCTTGAGGT	6390	1742	545	0.272613	0.687141	0.0182317	296	50
ACGTTACAGCCAGTAT	6398	1867	481	0.29181	0.742367	0.0273695	374	50
GGCATTGTCCTCACAC	6376	1843	510	0.289053	0.723277	0.0286547	445	55
CATTATGAGGCGGGTA	6374	1775	578	0.278475	0.674366	0.0919949	524	87
GATTCATCATGGTTAT	6381	1839	513	0.288199	0.721044	0.0228553	449	53
AGGCGGATCACTAGGT	6367	1617	470	0.253966	0.709338	0.036446	403	61
ATTCACTTCCTAATAG	6363	1614	490	0.253654	0.696406	0.052238	391	72
AGACCCGGTGGGAACA	6362	1773	490	0.278686	0.723632	0.0582986	410	65
AAAGCACCAGCAATAA	6360	1906	491	0.299686	0.742392	0.0210745	382	56
AGTTGTCAGCTTTGGG	6357	1677	492	0.263804	0.706619	0.101422	441	83
CGCTCCATCAAGTGAG	6358	1644	491	0.258572	0.701338	0.0720364	426	55
GCACGCTAGGCGTAAA	6355	1435	440	0.225806	0.69338	0.0776014	378	60
GGTCATTAGACTATTG	6351	1797	508	0.282948	0.717307	0.0336062	378	66
CGATTTGCATAATCCG	6327	1635	494	0.258416	0.697859	0.0314052	286	60
CGCTAACCAGCCAGAA	6349	1785	470	0.281147	0.736695	0.0444223	392	55
TGAGCCGGTTTGTTGC	6323	1929	542	0.305077	0.719025	0.0362101	394	65
GAGCATGCAGGAACTG	6354	1747	483	0.274945	0.723526	0.020332	440	51
GTGTGTTAGCATGCAT	6313	1498	442	0.237288	0.70494	0.0598916	369	62
AACCTCCTCGTTTCCA	6305	1939	494	0.307534	0.745229	0.0207945	396	50
GCAATGTTCCACCTTA	6319	1876	486	0.296882	0.740938	0.0236065	349	57
AGCTAAACAATATACC	6295	1705	500	0.27085	0.706745	0.0195857	370	59
GCATTAGGTGGGTGAA	6301	1854	498	0.294239	0.731392	0.0300106	386	58
TCTCAAGCAAGCTAAA	6292	1819	475	0.289097	0.738868	0.0319672	381	48
CGAAGCGAGACAAACG	6283	1660	435	0.264205	0.737952	0.0769784	435	259
AACATAGCATAATTGC	6267	1777	487	0.283549	0.725943	0.0297025	410	59
ATTCCTCCAATGCGCT	6263	608	267	0.0970781	0.560855	0.0126469	207	13
GATGCTTAGGCTACTG	6279	1829	496	0.291288	0.728814	0.0328124	378	64
CGAAGGCCAGTAATAG	6262	1882	494	0.300543	0.737513	0.0524086	410	62
TTGGCTTGTGCGCATG	6261	1880	495	0.300272	0.736702	0.0296123	398	54
TCGTTACGTGTTGTGA	6251	1600	528	0.255959	0.67	0.0891403	494	74
AGCAGGTAGAGCAAGC	6245	1853	492	0.296717	0.734485	0.0581904	445	56
CTAGGCGGTACCGTTT	6247	1728	488	0.276613	0.717593	0.0225807	393	59
CAACAGGCAACTAGAA	6244	1693	434	0.27114	0.74365	0.0592896	305	68
GTCAGGCTCTCCATGC	6242	1703	487	0.272829	0.714034	0.0334282	470	57
GTGCTTACACAAGCCT	6240	1776	463	0.284615	0.739302	0.0260043	336	61
GAAACTGAGCTGAGGG	6239	1820	474	0.291713	0.73956	0.0426643	505	241
TACTCGCTCCGCAAAT	6237	1848	462	0.296296	0.75	0.0287327	374	47
TACGCTTGTTGTTGGA	6237	1786	512	0.286356	0.713326	0.0371869	375	58
TTGTCAAAGCTCAATA	6238	1802	502	0.288875	0.721421	0.0286907	407	54
ATCGAGGCATTAGCCA	6232	1847	472	0.296374	0.74445	0.0356927	348	53
CAGCCTAAGTGAACCT	6231	1821	496	0.292248	0.727622	0.045136	407	58
GTAAGCTTCCAGGTCA	6227	1632	463	0.262084	0.716299	0.0640727	325	61
TGCAAGCGTGCAACTA	6226	1823	493	0.292804	0.729567	0.0320964	384	49
GTTAACCAGTCTATGA	6227	1772	475	0.284567	0.731941	0.0277839	380	58
CAAACTGGTTGTCATC	6224	1620	459	0.260283	0.716667	0.0387114	409	70
GTGTAACTCCTTGTTG	6219	1741	518	0.279949	0.70247	0.0564714	437	75
CTACAACAGCTGGACC	6215	1818	479	0.292518	0.736524	0.0280632	388	52
GTGTCCAAGAATGACG	6213	1495	423	0.240624	0.717057	0.0628156	481	283
ACAACAACAGTAGGTG	6212	1584	466	0.25499	0.705808	0.0668585	410	65
ACCATTAAGGTCCAAT	6219	1794	565	0.288471	0.685061	0.0309854	570	360
GTGCGCAGTAAGGTCC	6215	1756	489	0.282542	0.721526	0.029616	367	49
AATGCGCGTGTGAGGA	6206	1680	535	0.270706	0.681548	0.0320859	397	53
TCCGGTTTCGATAACC	6207	1715	475	0.276301	0.723032	0.0256626	363	61
CTTTGTCCAATATACC	6202	1719	519	0.277169	0.69808	0.0230524	417	58
ATCTTTGGTCACAGCG	6191	1575	472	0.254402	0.700317	0.0926233	425	62
CTGTGTGAGGCAACAA	6200	1489	489	0.240161	0.671592	0.039769	410	66
TGCTTAAAGCTACTGG	6186	1715	483	0.277239	0.718367	0.0880457	422	72
AGACACGCACTAGGTC	6173	1895	494	0.306982	0.739314	0.0297689	386	54
GACTTAGGTCCGTAGG	6172	1780	480	0.288399	0.730337	0.0270756	403	63
GTCCAAGTCCAGGTTG	6170	1769	504	0.28671	0.715093	0.0886076	474	67
CGCTGTGCAAATTGCT	6165	1609	451	0.260989	0.719702	0.0493519	352	61
CATCATGCAATTGCGC	6164	1735	462	0.281473	0.733718	0.0287383	402	64
CACATTAAGCTATATG	6159	1667	455	0.270661	0.727055	0.0737177	386	77
AGTAATGCACCTAAGC	6154	1697	478	0.275756	0.718326	0.0602443	441	72
CTCACACTCTCAATAG	6155	1688	483	0.274249	0.713863	0.0236995	392	57
TAGGAACCATAGCGAG	6142	1591	420	0.259036	0.736015	0.049505	404	52
TACGGATTCATGAGCT	6150	1876	500	0.305041	0.733475	0.0386632	392	62
TTCATTCAGTTGGCCA	6139	1729	456	0.281642	0.736264	0.0377958	447	36
AGGTACGCACAACCTA	6138	1800	475	0.293255	0.736111	0.0362485	364	63
AGCAATTGTGAGCAAG	6135	1826	467	0.297637	0.74425	0.0530742	419	54
AACAAGCCACTGGCCA	6130	1779	461	0.290212	0.740866	0.0283998	369	43
AGCGATTTCACGCATG	6133	1807	465	0.294636	0.742667	0.0356759	343	49
TTATGACCAATGAGGT	6132	1842	480	0.300391	0.739414	0.0340229	392	51
GGTCTTGAGTAGCCAT	6124	1859	480	0.30356	0.741797	0.0236494	350	43
ACTCGCGCAAAGCTAA	6123	1641	435	0.268006	0.734918	0.0315435	363	60
CGTAATGGTACCGAAC	6122	1785	476	0.291571	0.733333	0.0598366	430	53
AAGCGCTGTGCTTAGA	6115	1627	464	0.266067	0.714813	0.0610607	447	59
ACACAATGTGGAGCAA	6110	1675	447	0.274141	0.733134	0.0618771	344	72
TCTCGCCCACAAAGCG	6109	1612	462	0.263873	0.7134	0.0645728	421	63
TGCTTGTGTTAAGCTG	6099	1635	480	0.268077	0.706422	0.0294913	407	63
CCGTTTGGTAGGATTT	6107	1814	527	0.297036	0.709482	0.0352079	394	69
TCCATTGTCACTTCAT	6094	1805	476	0.296193	0.736288	0.0270502	320	43
TGTGGCCAGCAAGGTA	6093	1594	448	0.261612	0.718946	0.0538607	438	61
GACCGAACACTAAGTT	6092	1863	473	0.305811	0.746108	0.0330584	292	57
ATCACCCTCTGGCATG	6091	1825	486	0.299622	0.733699	0.0280016	406	50
GGGAGTAGTGGGAACA	6087	1688	491	0.277312	0.709123	0.0298735	411	59
TGTGTTAAGCGATAGA	6087	1722	506	0.282898	0.706156	0.0412319	396	67
ACGCCTAAGGTGAAAT	6083	1723	481	0.283248	0.720836	0.0268344	332	63
CAAGCTAGTGGAAGGC	6078	1810	480	0.297795	0.734807	0.0759253	436	50
TTTGCGACAGTAAAGC	6074	1690	467	0.278235	0.723669	0.113529	433	55
GCATGAGCAGCACGTT	6083	1803	448	0.2964	0.751525	0.0248278	376	46
CAATCTAAGTTTGTCT	6070	1770	494	0.291598	0.720904	0.0244748	412	47
CATTGTGCAAGTGAAC	6061	1580	522	0.260683	0.66962	0.0838318	479	74
AGCTTGGTCACTAAGC	6067	1740	488	0.286797	0.71954	0.0330489	422	63
TCAAGGTTCGGGACCT	6060	1709	464	0.282013	0.728496	0.0426808	375	56
TATCGCGAGCACGTTG	6052	1583	473	0.261566	0.7012	0.0555817	370	67
AACCGCTCATTGTTGG	6042	1563	493	0.258689	0.684581	0.0246134	335	60
TGCTGGATCTGTGCAG	6036	1584	442	0.262425	0.72096	0.0907225	406	63
ATCCATAAGGACCTGC	6034	1678	441	0.278091	0.737187	0.0614891	326	76
TCACGGATCGGCCAGT	6025	1498	444	0.248631	0.703605	0.0868561	426	60
AGGGCCTTCCTCATGC	6039	1778	485	0.29442	0.727222	0.0208047	402	58
GGGAATATCCGCATGA	6023	1762	462	0.292545	0.737798	0.055409	379	57
TCTAGCCTCGCAGGCT	6015	1754	478	0.291604	0.72748	0.0477618	417	50
CAACAGGCACTTAGGC	6021	1464	415	0.243149	0.71653	0.0367194	323	41
TAAGGCTTCATGCATA	6014	1705	494	0.283505	0.710264	0.0337988	430	54
GTACGTAGTCCAAGAC	6011	1515	460	0.252038	0.69637	0.108155	387	68
TGATCACAGTCTCACC	6011	1468	416	0.244219	0.716621	0.0360085	321	44
TGTTGTGCAATAACCT	6009	1706	468	0.283907	0.725674	0.0289032	352	54
ACAGGTAAGACAACAG	5993	1815	452	0.302853	0.750964	0.0401733	341	58
AAACCAACATAGCTTG	5993	1650	463	0.275321	0.719394	0.0791131	366	87
GTTGTTGCATCCAGGT	5990	1560	478	0.260434	0.69359	0.0500943	367	78
GAAGTGATCTCTAGCC	5988	1586	435	0.264863	0.725725	0.0436063	344	65
GGTCTTGAGGTCCTGA	5980	1673	488	0.279766	0.708308	0.0680804	448	66
GGAATCTTCACCTGTC	5984	1596	467	0.266711	0.707393	0.0361745	349	56
CCCTCATAGCTGTAAC	5984	1816	519	0.303476	0.714207	0.0213092	435	59
ATTACCGCAACAGGAT	5980	1778	468	0.297324	0.736783	0.0263166	363	56
AGTGCACGTTGGCGTG	5979	1670	434	0.279311	0.74012	0.0577117	396	68
TTTGTGGCATTAGGTT	5976	1700	506	0.284471	0.702353	0.0623767	416	67
TGGACGGAGCTAATTG	5970	1717	447	0.287605	0.739662	0.0390308	358	50
GCTCAACCACCCACCT	5953	1613	476	0.270956	0.704898	0.0201861	352	49
ACGACTTAGCATGAAG	5949	1671	444	0.280888	0.734291	0.0456951	360	51
TACCTTAGTACCGTTT	5967	1739	475	0.291436	0.726855	0.0327406	403	48
GATTATGTCCCTGGAA	5946	1584	463	0.266398	0.707702	0.0651196	395	74
GTGTGCGGTGACATGC	5947	1666	477	0.280141	0.713685	0.0828989	411	56
TGCTTAAAGCAGGTGG	5943	1517	442	0.255258	0.708635	0.0708482	390	68
GTTGTTGCAGTAGGTG	5941	1546	464	0.260226	0.699871	0.103206	450	60
AGTAATGCACTAGGTC	5930	1770	463	0.298482	0.738418	0.0386975	352	56
GTATGTGGTTCCAGGG	5928	1644	484	0.277328	0.705596	0.0341539	405	66
GCAAGTGCACTCGCTC	5929	1711	475	0.288582	0.722385	0.0341616	366	53
GTTAGGCGTCCAAATG	5926	1638	472	0.276409	0.711844	0.0733489	495	294
ACGCCACAGGCTCATG	5928	1705	465	0.287618	0.727273	0.026179	378	40
GCCTACTTCTAATCCT	5925	1636	492	0.276118	0.699267	0.0556498	421	73
GAGAGGCGTGCGCAAT	5923	1613	461	0.272328	0.714197	0.0424199	453	53
TACTGAGGTAACGGGA	5923	1765	453	0.297991	0.743343	0.0266306	362	49
CAATATGTCCTTAAGA	5922	1760	487	0.297197	0.723295	0.0260175	407	63
CCTAAGGTCCGGCTAA	5922	1606	439	0.271192	0.72665	0.026193	381	43
ATTAACCCAAAGCGGC	5920	1744	474	0.294595	0.728211	0.0579022	390	64
GAACCAAAGTAAAGGT	5908	1626	449	0.27522	0.723862	0.0971862	330	83
ATCAGGTTCAAGCCTG	5899	1476	421	0.250212	0.71477	0.0394379	427	275
TTGTGCGAGTTATTCC	5911	1740	493	0.294366	0.716667	0.0287522	350	58
AGAGGAACAATTAGGA	5897	1577	456	0.267424	0.710843	0.0652327	368	79
TTTACGAAGCAATAGG	5906	1716	473	0.290552	0.724359	0.0355202	370	60
TAGTAACGTGCAACTA	5893	1802	452	0.305787	0.749168	0.0337553	362	53
ACCATAATCAGTTCCC	5889	1708	471	0.290032	0.724239	0.0283692	361	50
GATCAGGCACCTCGCT	5886	1481	445	0.251614	0.699527	0.0657882	451	266
CTGCTCCCATTCAGCA	5886	1755	471	0.298165	0.731624	0.0425474	369	43
GCAAACAAGGGACCTC	5882	1630	456	0.277117	0.720245	0.069091	440	63
ATCAGGTTCCAACTGG	5879	1673	449	0.284572	0.73162	0.0428613	388	47
GTTACAGGTGTTTCAC	5867	1727	493	0.294358	0.714534	0.0416387	423	66
AGCTAACTCTTAGTCT	5874	1598	453	0.272046	0.716521	0.0169333	304	41
ATAGGTACAATTGAAG	5871	1655	465	0.281894	0.719033	0.0266199	416	50
CGGTAACGTCAAGACC	5866	1540	487	0.26253	0.683766	0.088225	460	70
AATTTCCTCATTTAGG	5855	1685	475	0.287788	0.718101	0.0458937	345	48
TCCATATTCGCACAAT	5856	1677	474	0.286373	0.717352	0.032076	379	62
CGAGCTGGTTACATCC	5863	1695	470	0.289101	0.722714	0.0418576	351	62
CCTAAAGGTGTTGTAG	5851	1748	468	0.298752	0.732265	0.0386055	337	61
TCATGCCTCCAGGAAA	5860	1699	463	0.289932	0.727487	0.0340131	368	58
TGGACTAGTTTCAGGA	5841	1609	477	0.275467	0.703543	0.0242897	427	58
AATTGCTCAGTCTAGC	5845	1636	442	0.279897	0.729829	0.0301733	333	48
GCTGACCAGCTAAGTC	5828	1480	413	0.253946	0.720946	0.0945513	336	67
CGGCTCACAAGACTCC	5827	1632	466	0.280076	0.714461	0.0167929	319	49
CGCTATGAGAGCAAGC	5823	1700	445	0.291946	0.738235	0.0412572	415	57
ACACGGACAATAGCCC	5823	1722	452	0.295724	0.737515	0.0251804	382	46
CTGCTACTCCTAATAG	5817	1580	475	0.271618	0.699367	0.0157098	420	39
TTTGACCGTGTGCACG	5802	1567	447	0.270079	0.714742	0.062161	423	59
ACATTAGTCGCAACAT	5806	1594	442	0.274544	0.72271	0.0339463	352	47
CAGCCTTTCGTTATAG	5796	1734	466	0.299172	0.731257	0.0184946	360	48
GTACTTAAGCTAGAAG	5795	1475	443	0.25453	0.699661	0.112152	395	67
GTCCAGGGTCACACCC	5787	1639	443	0.283221	0.729713	0.0276793	348	52
GGTCTTGAGGACTTAC	5789	1682	465	0.290551	0.723543	0.0264927	418	52
AAGCAGTGGTATCAAC	5780	1479	693	0.255882	0.53144	0.136525	846	500
CTTATTGGTAGCTGGT	5758	1629	480	0.282911	0.705341	0.0509221	410	67
TCATTGTTCCTAATAG	5769	1572	463	0.272491	0.705471	0.0248306	373	59
TGGTCAGTCATGTCAA	5755	1664	454	0.28914	0.727163	0.0528399	358	51
GATCGCTCAATTAGCT	5754	1528	436	0.265554	0.71466	0.0658222	368	62
CATTGTAAGTCATTGA	5740	1701	533	0.296341	0.686655	0.0379576	413	63
CGTTTGTGTTGCAATG	5752	1648	467	0.286509	0.716626	0.035567	398	61
GTTCATTTCTGGTCCT	5750	1617	496	0.281217	0.693259	0.0392405	395	55
CGGGTCTAGCCGCTTT	5729	1691	464	0.295165	0.725606	0.0326079	331	51
ACCGAAGCATAAGTTC	5729	1656	443	0.289056	0.732488	0.0475439	233	46
GCAATAGAGCTGTCAG	5728	1742	442	0.30412	0.746269	0.0475883	387	54
ATTGCTCGTAACTACG	5725	1532	422	0.267598	0.724543	0.0393831	397	44
CAATATGTCCTAAGGT	5723	1707	442	0.29827	0.741066	0.0356539	310	53
TGAGCAAAGGCAAGTA	5719	1616	467	0.282567	0.711015	0.0461287	422	50
AGTTTGCAGCCTGACA	5725	1669	443	0.291528	0.734572	0.0329495	328	48
CAACCCTTCGATTTAG	5717	1559	443	0.272695	0.715843	0.153049	368	74
CGTGCTGCAAGTGTCC	5713	1555	501	0.272186	0.677814	0.0350853	408	70
TAGCTTGCAGGACCTT	5712	1656	432	0.289916	0.73913	0.0364372	312	40
GTTCGCTTCAATCTAG	5712	1701	453	0.297794	0.733686	0.0191626	333	46
CTGCTACTCGGGATTT	5707	1726	469	0.302436	0.728273	0.0345008	412	59
AGTTTGATCCTCATGC	5714	1645	482	0.287889	0.706991	0.0238329	389	55
AGCCAGTGTGATGAAA	5697	1575	432	0.276461	0.725714	0.110769	390	72
GTCGAGGAGCTGTAAC	5693	1672	518	0.293694	0.690191	0.0478434	401	64
ATGAATGCATTAAACC	5693	1680	427	0.295099	0.745833	0.122701	348	65
GCTTAGTAGGGTGGAT	5692	1604	483	0.281799	0.698878	0.0960812	457	71
AATCTCAAGCACAGCC	5682	1640	436	0.288631	0.734146	0.0270859	322	52
AAGTTACGTGTTTGTC	5680	1760	463	0.309859	0.736932	0.0736206	331	48
AGGCAATCATCCCGCT	5675	1650	428	0.290749	0.740606	0.0259215	384	36
TGTCCTTCAAGGAATC	5672	1694	456	0.29866	0.730815	0.0338499	385	54
TCGTTAAAGAAAGGAA	5670	1652	467	0.291358	0.717312	0.0370136	407	52
AGCTTTAAGGCAAGTA	5670	1720	456	0.303351	0.734884	0.0473952	385	67
TGGTTGAGTAGGTTTG	5662	1657	452	0.292653	0.727218	0.0993843	379	67
GCACATTAGGAACACA	5660	1658	434	0.292933	0.738239	0.0356617	353	49
AATGCAACACACCAAC	5658	1704	419	0.301166	0.754108	0.029007	336	55
CCAAATCAGCAAGGAC	5648	1533	417	0.271424	0.727984	0.0513341	387	59
TACCAAATCCACAATA	5647	1616	433	0.28617	0.732054	0.0898425	371	63
CAAGTGAAGGCTCATG	5646	685	261	0.121325	0.618978	0.0215068	238	19
ATCCATAAGCGCTCAA	5647	1713	463	0.303347	0.729714	0.0318181	355	41
GTGTTACAGTATTGCA	5642	1673	476	0.296526	0.715481	0.0455707	387	63
GTTAACCAGAGAGCCG	5644	1712	448	0.303331	0.738318	0.0242267	268	47
AAACGGATCATCCTGC	5641	1586	425	0.281156	0.73203	0.0278491	318	55
CCTGAGTCAAACGGGC	5639	1685	450	0.298812	0.732938	0.0343155	359	42
AGAGATTAGCATGACT	5639	1547	435	0.274339	0.718811	0.0548248	441	263
CGACTAAGTGGATTAT	5629	1488	444	0.264345	0.701613	0.141221	393	87
CATTATGAGGTCCACA	5627	1613	529	0.286654	0.67204	0.0340938	431	71
TTTCTCACAATATAGG	5629	1771	456	0.314621	0.742518	0.0282388	367	36
AATCATGTCTATTGTC	5617	1589	462	0.282891	0.709251	0.0166578	339	51
ACTGAAACATCCGTAA	5616	1497	427	0.26656	0.714763	0.0593986	423	48
TCCTTCAAGGATTGAG	5614	1620	438	0.288564	0.72963	0.0533333	365	57
TACCGTTGTTCCGGGA	5613	1516	433	0.270087	0.71438	0.0892784	388	53
GACCGAACATCCCTCA	5608	1482	413	0.264265	0.721323	0.036239	278	50
TTATCCTAGGACCGCT	5610	1455	441	0.259358	0.696907	0.0509003	361	65
AAATCCGGTACCTTAC	5608	1556	432	0.277461	0.722365	0.0158715	349	42
CAATCCCTCGCAGGCT	5604	1520	393	0.271235	0.741447	0.198485	396	276
AGAGATTAGAGGGACT	5598	1511	414	0.269918	0.726009	0.081464	363	54
CCAGCCTGTCACAGCG	5590	1400	412	0.250447	0.705714	0.0318885	323	64
GAGTTTGGTCCTAACT	5590	1658	454	0.296601	0.726176	0.0408561	397	46
GCAGCAACACAGGGAC	5588	1654	439	0.295991	0.734583	0.0153531	325	39
TGGCCATCATAAGGAC	5603	1587	437	0.283241	0.724638	0.0325241	384	43
CTTACCTCATAGGCGA	5579	1445	437	0.259007	0.697578	0.0754847	386	66
TGCTTAAAGTCAATCA	5574	1623	421	0.291173	0.740604	0.032894	346	44
AATTGTGTCCATAAGC	5585	1585	436	0.283796	0.724921	0.0398929	377	51
GTATTGCAGGTGCTGC	5571	1626	449	0.291869	0.723862	0.0402658	338	56
TCCTAGTGTAGCTAGC	5564	1582	447	0.284328	0.717446	0.033807	389	63
CTTACTAGTAAGCTTG	5561	1572	439	0.282683	0.720738	0.0475623	355	60
GATGCGACAACATAAG	5560	1592	439	0.286331	0.724246	0.0365945	375	49
GAGGACTAGAGCCGGA	5553	1700	452	0.306141	0.734118	0.0325927	408	49
CTAGTCGAGGCGCATC	5552	1633	473	0.294128	0.710349	0.0348352	367	61
TAGCCTCTCCGCAACA	5550	1583	444	0.285225	0.71952	0.0243998	325	48
GGTTGCGGTGGAGCAA	5542	1465	410	0.264345	0.720137	0.188246	396	62
GAAGTGATCTACCTGC	5542	1577	424	0.284554	0.731135	0.0521461	346	55
TCCAGGATCCGGTTAG	5545	1660	450	0.299369	0.728916	0.0304952	360	58
CATAGTCAGTCTCACC	5543	1555	424	0.280534	0.727331	0.0254711	370	44
GTCATGCCAACCTAAT	5540	1544	430	0.2787	0.721503	0.0389672	359	49
CTATGATCACCCACAG	5539	1683	464	0.303845	0.724302	0.0289915	348	60
GTGCTTACAGCAAATA	5541	1688	423	0.304638	0.749408	0.0333898	352	46
TTGGGCGGTTAACAGT	5534	1591	429	0.287495	0.730358	0.0376646	335	47
TGTTTGTTCGATTTAG	5531	1605	439	0.290183	0.72648	0.0308151	375	52
CGCATTACAGTCTAAT	5529	1644	448	0.297341	0.727494	0.0405797	345	50
TTGCGAGTCCATTACT	5528	1534	426	0.277496	0.722295	0.0507143	350	46
CCATAATCATGTTTGG	5528	1613	470	0.291787	0.708617	0.0418954	362	50
CGTACGGGTCAAAGGG	5524	1627	452	0.294533	0.722188	0.0332937	388	54
TCCTCAATCTGGTCCT	5517	1564	449	0.283487	0.712916	0.0235339	329	52
TATGAAGCAATAAGCA	5522	1512	413	0.273814	0.726852	0.0337517	360	41
GACCTTTGTCAAACTG	5516	1599	449	0.289884	0.719199	0.0344748	352	58
AGGTATTGTTGGTTCT	5515	1584	436	0.287217	0.724747	0.0243076	345	44
ATGAAGCCATCAGCAC	5509	1578	397	0.28644	0.748416	0.061838	321	44
CGGACAACACAACCTA	5513	1347	362	0.244332	0.731255	0.0797006	303	52
AGAATCTGTCCTTCTC	5509	1432	438	0.259938	0.694134	0.142578	384	71
ACTCGCGCAGGACCAA	5499	1637	448	0.29769	0.726329	0.0787623	316	55
TATCACGCAGTGAACG	5497	1407	373	0.255958	0.734897	0.0562087	316	62
ATAGGTACAGGTATTT	5497	1539	459	0.279971	0.701754	0.0674802	358	61
TGATTAGTCGATTTAG	5495	1494	413	0.271884	0.723561	0.0408587	361	54
GTCCAAGTCACATTGA	5494	1586	446	0.288679	0.718789	0.0447522	302	43
CAAACACTCTAAGGTC	5484	1578	419	0.287746	0.734474	0.0205309	378	31
ATGGACAAGCTCAAAC	5490	1612	423	0.293625	0.737593	0.0303043	358	42
CAAAGTGAGGGCTTAT	5466	1397	416	0.25558	0.702219	0.0177474	293	50
TGATCCTGTTTATCGC	5479	1650	450	0.30115	0.727273	0.0217524	363	48
GGCCTTCGTTACCGGG	5480	1649	420	0.300912	0.7453	0.0375422	361	41
AGTTGGCGTACGATTG	5464	1616	450	0.295754	0.721535	0.0390844	349	54
TAAAGCCTCATAATCG	5460	1565	431	0.28663	0.724601	0.0355639	319	46
GTACTGGTCCAAGTTA	5446	1430	404	0.262578	0.717483	0.0788046	342	65
CCGTTAACACCAAAGG	5425	1529	418	0.281843	0.726619	0.0502223	406	47
CGTCCTAGTAGCTAAT	5419	1555	434	0.286953	0.7209	0.0314949	260	37
TGAAGCAAGCTATTGA	5414	1402	383	0.258958	0.726819	0.0945038	338	50
AAGTTACGTTAAGCCA	5408	733	260	0.13554	0.645293	0.0428195	276	157
ATGACAACAAGGTATA	5416	1612	432	0.297637	0.73201	0.0303722	347	45
ATTTGTGAGAACAAGT	5395	1385	409	0.256719	0.704693	0.0379477	317	60
CTTAGTTTCAGGAACA	5411	1582	419	0.292367	0.735145	0.0305839	274	40
TAGCCTTGTAGCAGCT	5405	1652	458	0.305643	0.72276	0.0286993	347	52
ATGTCCACAATCCTAG	5395	1547	426	0.286747	0.724628	0.0297576	333	49
CTATTACTCAGGCTAT	5387	1548	436	0.287358	0.718346	0.0223699	361	41
GAGTAACCAAGCTTTG	5394	1640	427	0.304042	0.739634	0.0384174	327	47
TTGGTGAGTTTCGCGC	5386	1486	420	0.2759	0.717362	0.0470219	308	59
CTGGTAAGTTTAAAGC	5386	1622	440	0.301151	0.72873	0.0662451	369	51
CGAGCGAAGTATTGTG	5378	1540	445	0.286352	0.711039	0.0522791	448	250
TGATTAGTCAATTACG	5381	1661	436	0.308679	0.737508	0.035319	343	47
TAAGCCAGTAGGTGTC	5372	1406	378	0.261727	0.731152	0.0755259	313	59
CACAGGGAGTTGTCTT	5371	1615	427	0.300689	0.735604	0.0580715	387	53
CTCTAGCTCATGGTGT	5370	1466	441	0.272998	0.699181	0.0274311	335	45
GTTCGCGCACCAAAGG	5368	1416	410	0.263785	0.710452	0.0682651	429	263
CTTAGTTTCCGGGACT	5359	1559	435	0.290912	0.720975	0.0393533	372	48
GGTTCCCGTCGACTCC	5367	1466	422	0.273151	0.712142	0.0424697	355	64
CTGGACCAGACACTTA	5358	1417	387	0.264464	0.726888	0.126885	305	57
TCAGGTTAGATAAAGC	5357	1459	408	0.272354	0.720356	0.0333143	331	59
ACTTACTTCACCAATA	5359	1583	425	0.295391	0.731522	0.0261788	353	43
GTAGTTATCCGCCTCA	5356	1572	455	0.293503	0.71056	0.0326274	377	58
GAACGAATCTCAATAG	5350	1517	384	0.283551	0.746869	0.112941	400	252
GTTAATGTCTAATCCT	5356	1564	439	0.292009	0.719309	0.0385709	345	56
GGTCTTTGTTGGCGTG	5349	1493	441	0.279118	0.704622	0.0813953	387	63
AATGCAACAATCGCAC	5341	1596	392	0.29882	0.754386	0.0361468	339	35
GTGCACGGTGCAATAT	5325	1495	385	0.280751	0.742475	0.0525849	314	51
GTTACTAAGCACTAGT	5314	1599	429	0.300903	0.731707	0.0220407	309	47
ATCCTTAGTTACCGGG	5320	1603	434	0.301316	0.729258	0.0413112	339	51
GCAGCCAGTAGGTGTC	5314	1584	435	0.298081	0.725379	0.04317	360	54
GTTCCTGGTTGTGATG	5313	1638	437	0.3083	0.733211	0.0346989	323	60
CGTGAGGAGGTCCACA	5313	1608	466	0.302654	0.710199	0.0330262	415	48
CAAGGCTGTAGCAGCT	5304	1585	412	0.298831	0.740063	0.0355769	362	42
ATTGTCCGTTGTTCAC	5303	1293	368	0.243824	0.715391	0.198383	371	263
CCTTCGTAGGAGCATA	5298	1459	414	0.275387	0.716244	0.0487075	327	53
GATCGAGCACGCAACT	5303	1531	431	0.288705	0.718485	0.0423565	351	53
TGAGCTTAGCAATAGG	5295	1541	420	0.291029	0.72745	0.0593489	337	58
TGCTTCATCGTTCACC	5291	1458	411	0.275562	0.718107	0.0465919	401	52
CCGTTAACATAAGTCT	5294	1471	422	0.277862	0.71312	0.0204989	355	36
ACGGTTTAGCGGGCAA	5283	670	247	0.126822	0.631343	0.0316257	283	151
GCCAGGTTCGCCTAAG	5282	1374	410	0.260129	0.701601	0.0990338	414	251
TGCTCACTCCTAGTAA	5289	901	262	0.170354	0.709212	0.0249517	178	21
CCAATATCAACTCGCG	5280	1569	424	0.297159	0.729764	0.0249309	315	54
TTGGCTACAGCGCTTG	5276	1542	435	0.292267	0.717899	0.0593128	386	49
CGACTAAGTGATTACG	5276	1462	383	0.277104	0.73803	0.0267682	292	49
CAAGAACCAGCACGTT	5272	1527	385	0.289643	0.747872	0.0445142	309	41
GAACCAAAGCAATAGG	5271	1510	396	0.286473	0.737748	0.0541872	348	56
TACGTTAAGTGGACAA	5271	1564	424	0.296718	0.7289	0.0374702	343	47
TGCACCTTCAGCATTA	5255	1542	405	0.293435	0.737354	0.100909	349	52
TTCGGTACACTAGGTC	5253	1456	401	0.277175	0.724588	0.0353242	344	55
AAACCGCGTTGAAGCC	5250	1433	385	0.272952	0.731333	0.0495293	288	53
TCATTGTTCATGAAGG	5243	1536	422	0.292962	0.72526	0.0644767	385	41
TCATTGTTCTGTGCAG	5242	1433	406	0.273369	0.716678	0.0434503	292	47
ATCAATCCATGTGGGA	5238	1592	399	0.303933	0.749372	0.0350829	316	42
TTCCTTCTCATCCACC	5245	1517	422	0.289228	0.721819	0.027457	252	41
GATAATCGTGGACATC	5232	1622	396	0.310015	0.755857	0.0555851	324	52
ACCCAGGGTGTTTCAC	5232	1404	383	0.268349	0.727208	0.0611822	313	55
TCAAGACTCGCACACA	5235	1413	415	0.269914	0.706299	0.0237533	274	44
GTCAGGCTCCAGGTCA	5229	1555	454	0.29738	0.708039	0.0244752	371	47
CGCACACAGGTCCACA	5229	1298	370	0.248231	0.714946	0.0493465	326	61
CAGCTAAGTGAATCGC	5229	1495	386	0.285906	0.741806	0.0501299	308	37
TGGGCCTAGTCGCTAG	5224	1493	407	0.285796	0.727395	0.035433	383	50
TAGAGCCGTAATAACC	5226	1575	440	0.301378	0.720635	0.0460915	382	50
CGACAAGCAGGACACA	5218	1469	417	0.281525	0.716133	0.0250147	397	34
CCTTAACGTCACGGAT	5219	1522	417	0.291627	0.726018	0.0309197	355	44
AAACAGCCAGCACGAA	5218	1604	397	0.307397	0.752494	0.0547075	330	45
CGAATCTAGCAGGCCT	5215	1363	380	0.261361	0.721203	0.115012	413	258
GCCAATTAGCTAATTG	5216	1505	414	0.288535	0.724917	0.0577173	312	59
TCCCTGGTCGGGACCT	5214	1513	404	0.29018	0.732981	0.0440856	316	44
TGGCCAATCGTTACTT	5211	1640	420	0.314719	0.743902	0.0535168	327	45
AGGTCAAAGGGATGCG	5214	1511	378	0.289797	0.749835	0.0674699	415	216
TTATTGCTCCTGATTT	5209	1339	404	0.257055	0.698282	0.087069	290	69
GAGGTACAGAGAGGCT	5206	1557	408	0.299078	0.737958	0.0679547	316	44
CAAGGTAAGCTATTGA	5206	1591	441	0.305609	0.722816	0.0794308	347	68
TAATGGTGTCTTACTA	5196	1525	417	0.293495	0.726557	0.0443806	348	43
GGTTATATCATTCATC	5210	1540	468	0.295585	0.696104	0.0252149	364	46
GTGGCTTCATCACTTC	5195	1502	417	0.289124	0.72237	0.025866	375	46
TGATGACTCGATTTGA	5193	1547	395	0.297901	0.744667	0.0338806	343	45
CCGGTAGGTTAAGTGT	5188	1552	422	0.299152	0.728093	0.0841771	376	48
ATGGTTATCTCACTCA	5187	1499	413	0.288992	0.724483	0.0445116	357	42
TCACTGACAATTGACT	5184	1342	383	0.258873	0.714605	0.0924228	296	62
CCCTCATAGCCTTAAA	5189	1478	434	0.284833	0.70636	0.0202643	306	40
GTGGATGCATTGTGCA	5184	1520	412	0.29321	0.728947	0.0581921	354	43
GAGGAGGCAGTACCGT	5180	1402	399	0.270656	0.715407	0.133333	399	261
TTATGCGCAATATAGG	5172	1545	433	0.298724	0.719741	0.0288654	341	57
CCCAATTGTCGTTATC	5169	1429	415	0.276456	0.709587	0.0221688	312	45
AGTTTGATCACCTGCT	5166	1522	404	0.294619	0.73456	0.0424958	317	47
CCCTCAGTCCTGTTCA	5163	1366	392	0.264575	0.713031	0.0856677	352	44
ACGAAGTCACATTAAC	5168	1529	412	0.295859	0.730543	0.0260155	330	41
TGATTAGTCCTGCGAA	5160	1389	415	0.269186	0.701224	0.111559	372	64
AATTTGGTCAGGTTTA	5161	1505	432	0.29161	0.712957	0.0303098	324	42
CATAACGGTTGTTGCT	5160	1470	387	0.284884	0.736735	0.0551675	305	42
ATATGGTGTTACAAAC	5157	1459	385	0.282916	0.736121	0.0279865	344	46
GCCCGTTGTTACCGGG	5155	1475	419	0.28613	0.715932	0.0353977	320	40
CATCCTCAGTCACCAG	5147	1475	395	0.286575	0.732203	0.0497718	397	239
GTCTTTAGTTCAAGCA	5153	1545	430	0.299825	0.721683	0.0309788	356	48
CTCATGACAACATAAG	5133	1440	385	0.280538	0.732639	0.0388143	320	51
ATTTAGGTCAATAGCC	5142	1469	410	0.285687	0.720899	0.0329424	415	241
GGGCCTAGTCTTGCTG	5151	1472	417	0.28577	0.716712	0.01994	332	48
AAACATGCAAAGCCTC	5133	1535	374	0.299045	0.756352	0.0379506	318	35
ACAACAACAAGTGTTT	5128	1489	393	0.290367	0.736064	0.0777602	361	51
ATTACGTCAGCAGGTA	5113	1481	408	0.289654	0.72451	0.034146	332	42
TGCGATTAGACTCGCA	5126	1572	425	0.306672	0.729644	0.0360336	347	44
CTATGTTTCGGTACGC	5105	1395	394	0.273262	0.717563	0.121906	404	239
CTCATGCTCCCGTTAC	5112	1473	413	0.288146	0.71962	0.0184042	362	34
TGTAACTCAGTTATCG	5103	1401	398	0.274544	0.715917	0.0805016	309	50
ACCCGGTAGTAAAGGT	5101	1584	413	0.310527	0.739268	0.0375238	367	48
GTTACTCGTTAATGAC	5099	1437	402	0.28182	0.720251	0.037357	299	53
GCTATAGGTATACTGG	5085	1306	396	0.256834	0.696784	0.0965678	342	67
CTCAATAAGGAAACTG	5088	1454	389	0.28577	0.732462	0.0468638	346	44
ACCAGCTCAGGTCCTG	5079	1308	374	0.257531	0.714067	0.0457177	341	45
TCCTCAAGATAGTCAA	5078	995	2	0.195943	0.99799	1	2	0
TGAAGTGAGCGATACT	5076	1467	393	0.289007	0.732106	0.071978	364	47
TCGCGAGGTTCCAGGG	5068	1561	396	0.308011	0.746316	0.0705882	330	50
GAAGGCCCATAATCGT	5068	1494	396	0.294791	0.73494	0.0309644	328	42
TCCTCACAGGCTAATC	5076	1441	370	0.283885	0.743234	0.0265623	258	38
CTACTAAAGCCGCTAA	5066	1463	398	0.288788	0.727956	0.0256795	337	43
GGCGGTTTCGCTCACT	5059	1485	415	0.293536	0.720539	0.028554	338	41
GAAGGCCCATCTAGCA	5055	1337	385	0.264491	0.712042	0.0475543	253	48
ATATGTCCACGTTACA	5055	1321	402	0.261325	0.695685	0.126534	353	61
GACTTGGTCAGTTCCC	5043	1465	414	0.290502	0.717406	0.0567123	365	41
AACTAGCTCCGCACAA	5052	1432	380	0.283452	0.734637	0.0297137	328	28
ATGATGACACGAATTT	5043	1432	372	0.283958	0.740223	0.120505	343	60
TGCATCCTCTTGAGGT	5035	1328	368	0.263754	0.722892	0.120973	338	58
CTTCACTCAGGCTTCG	5033	1438	390	0.285714	0.72879	0.0206768	343	36
GAAACCCGTGCACGCA	5031	1429	337	0.284039	0.764171	0.0276187	226	41
GTTTCTAGTTCGCGCT	5013	1331	371	0.26551	0.721262	0.0517001	312	52
GGTAACCGTAAGGTCC	5018	1435	370	0.285971	0.74216	0.0197861	275	38
AGTTTGATCAGGCTAT	5003	1412	395	0.282231	0.720255	0.0270144	325	41
GCAAACCGTCCACAAA	4999	1439	401	0.287858	0.721334	0.024382	350	35
TCCGCCATCCTGATTT	4995	1386	354	0.277477	0.744589	0.0219637	260	42
CATCACACAGTATGTT	4994	1410	408	0.282339	0.710638	0.0395121	313	55
TAGCCGGGTGATGAGG	4993	1456	391	0.291608	0.731456	0.0352738	336	39
CCTTAACGTAAGGTTT	4993	1334	366	0.267174	0.725637	0.0770526	250	63
CAACCCGCAAGACTCC	4993	1312	357	0.262768	0.727896	0.0375236	307	41
AATATCCCATTCCTGT	4978	1288	380	0.258738	0.704969	0.0823402	355	45
AGGATATAGGTTTACA	4976	1340	365	0.269293	0.727612	0.0667032	304	42
CGCATGATCGTTATCT	4973	1486	422	0.298814	0.716016	0.0315568	352	43
GTACTTCGTCCGTGAG	4967	1438	395	0.289511	0.725313	0.0616321	377	31
CCTTAACGTTTATGGG	4948	1464	381	0.295877	0.739754	0.0661458	360	39
CAGCTATAGGTCGATT	4954	1405	406	0.283609	0.711032	0.0157992	257	39
TCGCTAACAACTCGCG	4946	1470	426	0.29721	0.710204	0.0265313	365	40
GCTGTACCACACTAAT	4950	1410	384	0.284848	0.72766	0.0273758	305	37
TAGTGGCGTTCAAGCA	4937	1453	423	0.294308	0.708878	0.0452406	374	55
AGCTAAACATTGCGTA	4935	1469	386	0.29767	0.737236	0.0263504	333	33
TGAGTGAAGTAAAGGT	4931	1486	421	0.301359	0.716689	0.079061	355	43
GGTAGGAGTCATAACG	4931	1449	394	0.293855	0.728088	0.0372721	311	47
GGTTTGTAGCAAGGGT	4937	1520	399	0.307879	0.7375	0.0253525	297	41
TGGTCAAGTGGATTGC	4924	1465	381	0.297522	0.739932	0.0325613	308	47
GGCATGGAGGTCATTA	4922	1471	404	0.298862	0.725357	0.0281323	342	51
CGGTGAGAGCAGGTGG	4901	1360	378	0.277494	0.722059	0.0709459	296	45
GTTAAGCTCTATGACA	4900	1386	393	0.282857	0.71645	0.0404445	324	39
TACAGGTTCTACCTGC	4896	1417	384	0.28942	0.729005	0.029905	338	37
AGACAATAGGGATTAG	4901	1481	402	0.302183	0.728562	0.0328522	340	37
TGCTTGCTCCCTCGCA	4882	1362	400	0.278984	0.706314	0.0451671	246	42
CATGCAAGTTTACGTC	4887	1438	376	0.29425	0.738526	0.0440848	316	43
GTTTATCTCGCTAAGT	4854	1444	396	0.297487	0.725762	0.0440738	321	46
GAGGCAAGTAAGCACC	4881	1437	388	0.294407	0.729993	0.0505295	334	49
GGGTTACGTCGTAATG	4877	760	236	0.155834	0.689474	0.0274165	205	22
ATGATGACATCTTGAG	4847	1426	386	0.294203	0.729313	0.031109	282	37
